order_id,customer_id,order_date,category,order_value,items,returned
O1,C10000,2025-01-20,Sports,2542.86,3,False
O2,C10001,2024-01-15,Home & Kitchen,8731.73,3,False
O3,C10002,2025-08-17,Fashion,2999.85,3,False
O4,C10003,2024-03-22,Home & Kitchen,9494.42,3,False
O5,C10004,2025-11-29,Beauty,884.68,1,False
O6,C10005,2024-07-10,Electronics,10921.29,1,False
O7,C10006,2024-09-22,Electronics,5956.59,3,False
O8,C10006,2024-11-25,Home & Kitchen,2465.42,1,False
O9,C10006,2024-12-05,Home & Kitchen,3511.21,3,False
O10,C10007,2024-04-22,Electronics,14997.8,2,False
O11,C10007,2024-08-03,Fashion,1696.3,1,False
O12,C10007,2024-09-08,Books,791.44,3,False
O13,C10008,2025-08-03,Fashion,2066.09,3,False
O14,C10008,2025-08-11,Home & Kitchen,6450.1,1,False
O15,C10008,2025-10-06,Electronics,17070.48,1,False
O16,C10009,2025-05-28,Beauty,1853.8,1,False
O17,C10010,2024-03-05,Home & Kitchen,2990.95,3,False
O18,C10011,2024-03-14,Home & Kitchen,3042.22,3,False
O19,C10011,2024-04-03,Electronics,8615.18,3,False
O20,C10012,2025-03-03,Sports,2669.84,1,False
O21,C10012,2025-03-12,Electronics,11265.13,3,False
O22,C10012,2025-03-13,Beauty,3342.46,1,False
O23,C10013,2025-09-01,Books,647.32,2,False
O24,C10014,2024-03-23,Beauty,1044.37,1,False
O25,C10015,2024-06-03,Sports,1420.55,3,False
O26,C10015,2024-07-13,Sports,2012.48,2,False
O27,C10015,2024-08-09,Fashion,1144.37,3,False
O28,C10015,2024-09-05,Sports,3474.37,3,False
O29,C10016,2025-01-16,Home & Kitchen,2778.39,2,False
O30,C10016,2025-03-13,Electronics,11606.13,2,True
O31,C10016,2025-03-25,Electronics,14304.97,1,False
O32,C10017,2024-03-19,Beauty,477.68,1,False
O33,C10017,2024-03-20,Home & Kitchen,4999.45,1,False
O34,C10017,2024-03-20,Fashion,2856.88,1,False
O35,C10017,2024-03-29,Fashion,1469.97,2,True
O36,C10018,2024-08-07,Beauty,434.36,1,False
O37,C10018,2024-08-19,Fashion,1400.93,2,False
O38,C10018,2024-09-13,Beauty,600.82,3,False
O39,C10019,2024-01-18,Sports,5992.56,3,False
O40,C10019,2024-02-10,Sports,6721.93,1,False
O41,C10020,2024-12-17,Beauty,875.43,3,True
O42,C10020,2024-12-18,Home & Kitchen,3321.42,1,False
O43,C10021,2025-05-18,Home & Kitchen,3677.33,2,False
O44,C10021,2025-07-02,Electronics,21635.28,3,True
O45,C10021,2025-08-25,Beauty,939.34,3,False
O46,C10022,2024-10-15,Fashion,2728.21,2,False
O47,C10022,2024-10-19,Fashion,2283.84,2,False
O48,C10023,2024-06-28,Beauty,1082.65,2,False
O49,C10023,2024-10-25,Fashion,1753.19,2,False
O50,C10023,2024-10-31,Fashion,2782.09,1,False
O51,C10024,2024-11-01,Electronics,9595.49,2,False
O52,C10024,2025-01-28,Home & Kitchen,1382.41,1,False
O53,C10024,2025-03-12,Beauty,2707.5,1,False
O54,C10024,2025-03-25,Fashion,5161.03,2,False
O55,C10025,2024-12-25,Fashion,1525.8,2,False
O56,C10025,2025-02-16,Home & Kitchen,1922.83,2,False
O57,C10025,2025-06-13,Home & Kitchen,1365.91,3,False
O58,C10026,2024-04-27,Sports,1908.83,3,False
O59,C10026,2024-06-22,Home & Kitchen,2033.97,2,False
O60,C10027,2024-03-21,Electronics,13417.96,3,False
O61,C10028,2024-05-11,Beauty,1669.43,1,False
O62,C10029,2025-11-20,Electronics,20407.77,2,False
O63,C10029,2025-12-02,Beauty,1148.9,3,False
O64,C10030,2025-05-23,Fashion,1991.79,1,False
O65,C10031,2024-03-28,Home & Kitchen,3560.79,1,False
O66,C10031,2024-04-12,Fashion,2065.08,3,False
O67,C10031,2024-05-24,Home & Kitchen,2645.63,1,False
O68,C10031,2024-06-05,Electronics,3806.4,3,False
O69,C10032,2024-07-29,Fashion,1363.17,1,False
O70,C10033,2024-10-15,Books,1001.05,2,False
O71,C10034,2024-05-11,Electronics,9852.28,2,True
O72,C10035,2025-08-22,Fashion,3266.44,3,False
O73,C10035,2025-08-25,Home & Kitchen,1383.72,1,False
O74,C10036,2025-10-21,Home & Kitchen,4348.75,1,False
O75,C10037,2024-06-24,Electronics,12854.99,1,False
O76,C10038,2024-01-12,Fashion,1962.95,1,False
O77,C10039,2024-07-05,Books,615.99,2,False
O78,C10039,2024-07-26,Home & Kitchen,3050.23,1,False
O79,C10039,2024-08-31,Electronics,14441.0,1,False
O80,C10039,2024-10-03,Sports,1800.67,3,False
O81,C10040,2025-02-26,Home & Kitchen,3016.97,1,False
O82,C10040,2025-03-23,Electronics,3170.1,2,False
O83,C10040,2025-03-25,Beauty,1752.69,1,False
O84,C10040,2025-06-06,Books,588.44,2,False
O85,C10041,2025-07-20,Fashion,1528.9,2,False
O86,C10041,2025-10-19,Beauty,1452.73,1,False
O87,C10041,2025-11-20,Books,191.35,3,False
O88,C10041,2025-12-01,Beauty,2067.43,3,False
O89,C10041,2025-12-07,Fashion,1760.01,2,False
O90,C10042,2024-08-28,Beauty,1554.8,2,False
O91,C10043,2024-07-11,Electronics,6549.39,1,False
O92,C10043,2024-08-10,Home & Kitchen,2591.31,1,False
O93,C10043,2024-08-27,Sports,2799.27,1,False
O94,C10044,2024-06-24,Books,909.48,3,False
O95,C10045,2024-01-03,Sports,2215.14,2,False
O96,C10045,2024-02-12,Fashion,1944.69,1,False
O97,C10046,2024-01-13,Fashion,2395.26,3,False
O98,C10046,2024-04-30,Fashion,1476.77,3,False
O99,C10047,2024-10-26,Home & Kitchen,2081.18,3,False
O100,C10047,2024-10-30,Fashion,2265.4,1,True
O101,C10048,2025-03-08,Books,521.52,2,False
O102,C10049,2024-01-16,Home & Kitchen,4344.7,2,False
O103,C10050,2024-05-28,Fashion,1024.18,1,False
O104,C10050,2024-06-02,Books,210.21,2,False
O105,C10051,2025-09-28,Electronics,6030.1,3,False
O106,C10051,2025-10-07,Books,716.09,1,False
O107,C10051,2025-10-31,Home & Kitchen,12765.25,3,False
O108,C10052,2025-12-02,Electronics,26115.52,3,False
O109,C10052,2025-12-18,Beauty,934.94,1,False
O110,C10053,2025-03-26,Electronics,19410.69,2,False
O111,C10054,2025-01-06,Books,574.99,3,False
O112,C10054,2025-02-01,Books,2122.37,1,False
O113,C10054,2025-03-10,Home & Kitchen,4870.17,1,False
O114,C10054,2025-03-17,Beauty,1479.65,2,False
O115,C10054,2025-05-30,Beauty,1528.83,2,True
O116,C10055,2025-02-15,Fashion,2822.06,2,False
O117,C10055,2025-07-18,Electronics,17645.94,3,False
O118,C10055,2025-07-25,Books,983.88,2,False
O119,C10055,2025-08-25,Electronics,8058.64,1,False
O120,C10056,2024-09-22,Home & Kitchen,4047.91,2,False
O121,C10056,2024-12-17,Home & Kitchen,3346.68,3,False
O122,C10057,2024-05-24,Electronics,9411.96,2,False
O123,C10057,2024-06-12,Beauty,285.15,3,False
O124,C10057,2024-07-29,Electronics,5232.09,2,False
O125,C10058,2024-09-21,Electronics,7568.65,2,False
O126,C10059,2025-05-08,Sports,1917.56,3,False
O127,C10059,2025-05-17,Home & Kitchen,1960.27,3,False
O128,C10059,2025-09-05,Beauty,1903.35,1,False
O129,C10060,2025-04-08,Electronics,5474.11,2,False
O130,C10061,2025-04-23,Electronics,13228.07,3,False
O131,C10062,2025-03-02,Home & Kitchen,2277.22,1,False
O132,C10063,2024-02-12,Home & Kitchen,3643.02,3,False
O133,C10064,2025-03-23,Electronics,4544.3,3,False
O134,C10065,2025-09-09,Sports,8394.77,2,False
O135,C10065,2025-09-22,Beauty,2130.81,2,False
O136,C10066,2025-03-31,Home & Kitchen,2807.57,1,False
O137,C10067,2025-02-11,Fashion,2110.77,3,False
O138,C10067,2025-03-28,Electronics,20364.73,1,False
O139,C10067,2025-06-08,Fashion,3398.94,2,False
O140,C10068,2024-06-05,Home & Kitchen,2083.49,3,False
O141,C10068,2024-06-26,Sports,2596.74,1,False
O142,C10068,2024-09-03,Fashion,1204.27,3,False
O143,C10069,2025-07-08,Sports,2452.45,2,False
O144,C10070,2024-11-13,Books,1031.74,3,False
O145,C10070,2024-11-15,Books,1277.5,2,False
O146,C10070,2024-12-19,Home & Kitchen,1986.7,1,False
O147,C10071,2024-07-10,Electronics,13988.2,3,False
O148,C10072,2024-12-13,Electronics,7510.01,2,False
O149,C10073,2024-03-29,Electronics,5951.19,3,True
O150,C10073,2024-04-21,Beauty,765.13,2,False
O151,C10073,2024-06-02,Books,748.18,2,False
O152,C10074,2025-10-10,Beauty,869.42,1,False
O153,C10074,2025-11-02,Home & Kitchen,3807.37,2,False
O154,C10074,2025-11-20,Beauty,1437.57,2,False
O155,C10075,2025-05-06,Sports,2399.88,2,False
O156,C10075,2025-10-04,Home & Kitchen,4443.41,3,False
O157,C10075,2025-11-14,Books,431.69,2,False
O158,C10076,2024-08-21,Fashion,5514.73,2,False
O159,C10077,2025-07-10,Sports,3438.31,1,False
O160,C10077,2025-08-24,Fashion,2033.1,1,False
O161,C10078,2024-02-07,Fashion,2405.33,1,False
O162,C10078,2024-02-21,Fashion,2354.19,2,False
O163,C10079,2024-09-27,Electronics,10679.96,2,False
O164,C10080,2025-04-02,Fashion,1330.2,1,False
O165,C10080,2025-04-08,Fashion,1771.06,2,False
O166,C10080,2025-06-21,Electronics,7116.43,1,False
O167,C10080,2025-07-11,Sports,4281.66,2,False
O168,C10080,2025-10-07,Books,941.57,2,False
O169,C10081,2024-01-21,Beauty,1740.17,2,True
O170,C10081,2024-05-22,Books,710.42,2,False
O171,C10081,2024-06-20,Electronics,17775.11,2,False
O172,C10082,2025-05-17,Fashion,2030.91,2,False
O173,C10082,2025-08-26,Sports,2100.71,1,False
O174,C10082,2025-09-10,Electronics,5535.48,2,False
O175,C10082,2025-09-12,Home & Kitchen,2449.87,3,False
O176,C10082,2025-09-28,Electronics,8846.49,1,False
O177,C10083,2025-07-26,Electronics,7207.72,3,False
O178,C10084,2025-02-20,Home & Kitchen,2734.47,2,False
O179,C10085,2024-05-24,Books,1415.26,1,False
O180,C10085,2024-06-12,Electronics,11307.55,1,False
O181,C10086,2025-06-09,Fashion,2765.56,3,False
O182,C10087,2024-08-25,Sports,2226.51,1,False
O183,C10088,2025-06-01,Sports,3333.78,2,False
O184,C10089,2025-03-18,Sports,3659.05,2,False
O185,C10090,2024-03-10,Electronics,8666.65,2,False
O186,C10090,2024-04-17,Electronics,13512.73,3,False
O187,C10091,2024-03-10,Electronics,23977.09,3,False
O188,C10092,2024-01-11,Beauty,541.61,3,False
O189,C10092,2024-04-18,Sports,1971.94,2,False
O190,C10093,2024-02-20,Fashion,1689.96,1,False
O191,C10093,2024-05-24,Fashion,2434.24,3,True
O192,C10094,2024-07-28,Electronics,14407.63,3,False
O193,C10095,2024-01-19,Sports,4399.6,2,False
O194,C10095,2024-02-07,Fashion,3417.21,2,False
O195,C10096,2025-10-18,Home & Kitchen,3452.92,1,False
O196,C10096,2025-11-24,Books,1472.76,1,False
O197,C10096,2025-12-12,Beauty,1738.39,2,False
O198,C10097,2025-10-06,Beauty,4171.34,3,False
O199,C10098,2024-05-05,Electronics,6190.7,1,False
O200,C10098,2024-07-18,Sports,2157.43,2,False
O201,C10098,2024-07-29,Books,374.19,1,False
O202,C10098,2024-08-01,Home & Kitchen,4131.32,3,False
O203,C10098,2024-09-25,Beauty,893.79,3,False
O204,C10099,2024-08-11,Beauty,1163.49,2,False
O205,C10099,2024-08-21,Beauty,1442.24,1,False
O206,C10100,2025-06-05,Beauty,1557.83,1,False
O207,C10100,2025-07-02,Home & Kitchen,2930.45,2,True
O208,C10101,2025-04-14,Electronics,3025.89,3,False
O209,C10102,2025-02-11,Books,486.92,2,False
O210,C10103,2025-11-23,Fashion,2472.01,2,False
O211,C10103,2025-12-28,Electronics,8282.4,2,False
O212,C10104,2025-03-21,Fashion,1845.51,2,False
O213,C10104,2025-03-30,Electronics,8531.82,2,False
O214,C10104,2025-03-31,Fashion,1513.71,1,False
O215,C10104,2025-05-17,Fashion,790.46,3,False
O216,C10104,2025-06-25,Electronics,5664.58,2,False
O217,C10104,2025-07-04,Home & Kitchen,3326.57,3,False
O218,C10105,2025-04-14,Sports,2694.66,1,False
O219,C10106,2024-12-24,Electronics,19629.86,2,False
O220,C10106,2025-01-02,Home & Kitchen,1172.91,3,False
O221,C10107,2025-01-09,Electronics,4353.22,1,False
O222,C10107,2025-01-29,Sports,2774.53,2,False
O223,C10108,2024-07-24,Home & Kitchen,3478.92,1,False
O224,C10108,2024-09-02,Home & Kitchen,7683.47,1,False
O225,C10109,2025-01-03,Books,990.29,1,False
O226,C10110,2025-10-04,Sports,3753.84,3,False
O227,C10110,2025-10-28,Home & Kitchen,2102.0,3,True
O228,C10111,2024-09-21,Beauty,1114.69,2,False
O229,C10111,2024-11-21,Sports,6478.4,3,False
O230,C10112,2024-04-03,Fashion,2393.79,3,False
O231,C10113,2025-02-25,Fashion,3453.04,3,False
O232,C10113,2025-02-26,Sports,1608.15,2,False
O233,C10114,2025-07-03,Electronics,8002.35,3,False
O234,C10115,2025-11-06,Home & Kitchen,5641.61,1,False
O235,C10115,2025-11-20,Sports,2895.3,3,False
O236,C10116,2025-01-23,Books,781.71,1,False
O237,C10116,2025-04-21,Fashion,2801.23,2,False
O238,C10117,2025-07-09,Electronics,16907.9,2,False
O239,C10118,2024-06-24,Electronics,16855.27,3,False
O240,C10119,2024-10-30,Home & Kitchen,2990.19,2,False
O241,C10119,2024-10-30,Beauty,1413.41,3,False
O242,C10119,2025-04-04,Beauty,1789.04,2,False
O243,C10120,2024-10-29,Beauty,1230.03,1,False
O244,C10121,2024-08-26,Home & Kitchen,3432.69,1,False
O245,C10121,2024-08-26,Books,592.26,2,False
O246,C10121,2024-09-17,Home & Kitchen,1160.96,3,False
O247,C10121,2024-09-19,Books,583.78,1,True
O248,C10122,2025-05-18,Books,398.29,1,False
O249,C10122,2025-07-30,Home & Kitchen,5183.65,3,False
O250,C10123,2025-09-10,Home & Kitchen,3030.99,2,False
O251,C10124,2024-08-16,Fashion,1407.44,3,False
O252,C10124,2024-10-02,Fashion,6446.5,1,True
O253,C10124,2024-10-16,Fashion,591.0,3,False
O254,C10124,2024-12-06,Home & Kitchen,1986.52,1,False
O255,C10125,2024-04-09,Home & Kitchen,1775.58,3,False
O256,C10125,2024-06-22,Sports,2144.91,3,False
O257,C10126,2025-08-01,Home & Kitchen,3031.93,1,False
O258,C10127,2025-08-24,Home & Kitchen,3924.12,3,False
O259,C10128,2025-10-16,Home & Kitchen,2090.05,3,False
O260,C10129,2024-06-29,Sports,2690.35,2,False
O261,C10129,2024-08-11,Beauty,1119.47,3,False
O262,C10129,2024-10-05,Sports,12146.79,2,False
O263,C10130,2025-05-22,Fashion,1765.4,2,False
O264,C10130,2025-06-09,Electronics,16347.73,3,False
O265,C10130,2025-11-14,Fashion,3173.36,1,False
O266,C10131,2025-05-18,Books,916.43,2,False
O267,C10131,2025-06-11,Sports,2277.4,2,False
O268,C10132,2025-07-07,Fashion,1678.01,1,False
O269,C10132,2025-08-29,Fashion,2688.04,3,False
O270,C10132,2025-11-17,Home & Kitchen,1638.58,3,False
O271,C10133,2025-07-26,Home & Kitchen,4227.96,2,True
O272,C10134,2025-10-30,Home & Kitchen,2479.25,1,False
O273,C10134,2025-11-11,Home & Kitchen,5612.17,1,True
O274,C10134,2025-11-20,Electronics,40567.54,1,False
O275,C10135,2024-12-05,Electronics,18754.26,3,False
O276,C10136,2024-02-27,Books,876.35,3,False
O277,C10137,2024-05-18,Home & Kitchen,2559.87,1,False
O278,C10137,2024-05-20,Beauty,436.63,2,False
O279,C10137,2024-05-26,Sports,1676.88,3,False
O280,C10137,2024-09-13,Electronics,10986.33,3,False
O281,C10138,2025-09-12,Home & Kitchen,5742.15,2,False
O282,C10139,2025-08-15,Sports,2667.14,2,False
O283,C10139,2025-09-17,Books,478.66,3,False
O284,C10140,2024-01-12,Sports,1332.12,2,False
O285,C10140,2024-02-14,Beauty,2058.99,1,False
O286,C10141,2024-09-14,Books,331.02,2,False
O287,C10141,2024-09-15,Electronics,11956.73,3,False
O288,C10142,2024-06-24,Books,440.65,1,False
O289,C10142,2024-07-08,Electronics,7162.32,2,False
O290,C10143,2024-08-12,Fashion,1340.92,1,False
O291,C10143,2024-09-16,Books,723.44,1,False
O292,C10143,2024-11-03,Fashion,1463.43,2,False
O293,C10143,2024-11-22,Electronics,14188.1,3,True
O294,C10143,2025-02-17,Beauty,1389.2,2,False
O295,C10144,2025-03-23,Electronics,9568.59,3,False
O296,C10144,2025-04-18,Electronics,20269.05,3,False
O297,C10145,2024-12-25,Books,571.77,1,True
O298,C10145,2024-12-25,Books,718.98,2,True
O299,C10146,2024-12-05,Books,846.49,3,False
O300,C10147,2024-10-31,Electronics,6097.17,3,False
O301,C10147,2024-11-27,Electronics,9333.58,1,False
O302,C10148,2025-03-29,Beauty,1459.05,3,False
O303,C10148,2025-06-11,Fashion,2053.5,1,False
O304,C10148,2025-07-03,Home & Kitchen,2415.97,3,True
O305,C10149,2025-04-27,Sports,7444.17,2,False
O306,C10149,2025-05-05,Sports,2323.15,1,False
O307,C10150,2024-02-02,Fashion,2076.62,2,False
O308,C10151,2024-04-09,Sports,4249.7,3,False
O309,C10152,2024-08-27,Home & Kitchen,1503.99,2,False
O310,C10153,2024-11-01,Sports,2814.51,3,False
O311,C10154,2025-11-28,Beauty,2003.65,3,False
O312,C10155,2025-09-21,Home & Kitchen,4091.9,2,False
O313,C10156,2025-04-12,Sports,2935.89,3,False
O314,C10156,2025-07-15,Fashion,1440.48,3,False
O315,C10157,2024-01-27,Electronics,3939.65,2,False
O316,C10157,2024-02-14,Electronics,3533.14,3,True
O317,C10157,2024-06-20,Books,533.55,1,False
O318,C10158,2024-03-13,Beauty,1248.91,1,False
O319,C10159,2024-11-17,Beauty,614.86,1,False
O320,C10159,2024-12-09,Electronics,22800.95,1,False
O321,C10159,2024-12-31,Home & Kitchen,3875.29,3,False
O322,C10160,2025-02-14,Fashion,3138.53,1,False
O323,C10161,2025-04-07,Sports,2873.07,3,False
O324,C10161,2025-07-25,Electronics,9422.24,2,False
O325,C10162,2024-04-11,Electronics,11729.5,2,False
O326,C10162,2024-04-30,Electronics,7304.99,3,False
O327,C10162,2024-05-31,Electronics,10231.64,1,False
O328,C10163,2025-09-16,Home & Kitchen,7919.83,2,False
O329,C10163,2025-12-05,Home & Kitchen,8713.81,3,True
O330,C10164,2024-12-14,Fashion,1617.69,3,False
O331,C10164,2025-01-18,Sports,3531.72,2,False
O332,C10164,2025-01-22,Sports,4412.91,1,False
O333,C10165,2025-02-26,Books,755.89,2,False
O334,C10166,2024-01-28,Electronics,8118.73,1,True
O335,C10166,2024-01-31,Fashion,3593.57,2,False
O336,C10166,2024-04-16,Books,1311.07,3,False
O337,C10167,2025-07-31,Fashion,1180.81,3,False
O338,C10167,2025-09-08,Beauty,1116.04,3,False
O339,C10167,2025-09-09,Beauty,1828.75,1,False
O340,C10167,2025-09-09,Sports,7761.95,3,False
O341,C10167,2025-09-24,Fashion,1923.6,3,False
O342,C10168,2025-01-15,Beauty,1393.04,2,False
O343,C10169,2024-06-04,Electronics,10238.84,3,False
O344,C10170,2024-08-17,Books,450.39,3,False
O345,C10171,2024-09-03,Electronics,10897.55,2,False
O346,C10172,2024-01-29,Books,1186.6,2,False
O347,C10173,2025-10-22,Fashion,3128.86,1,False
O348,C10174,2025-07-23,Beauty,359.24,3,False
O349,C10174,2025-12-04,Books,1538.84,3,False
O350,C10175,2025-09-13,Beauty,1228.77,2,False
O351,C10175,2025-11-02,Sports,1086.27,1,False
O352,C10176,2024-09-05,Fashion,3336.03,1,False
O353,C10176,2024-09-20,Beauty,1320.29,3,False
O354,C10176,2024-12-27,Sports,2459.74,1,False
O355,C10177,2025-01-26,Home & Kitchen,2900.7,3,False
O356,C10178,2024-11-16,Fashion,832.63,1,False
O357,C10178,2024-12-19,Sports,1140.4,2,False
O358,C10178,2024-12-25,Beauty,872.47,1,False
O359,C10178,2025-01-09,Home & Kitchen,3733.25,2,False
O360,C10178,2025-08-02,Home & Kitchen,1750.53,1,False
O361,C10178,2025-08-18,Books,686.08,2,False
O362,C10178,2025-10-22,Books,725.87,1,False
O363,C10179,2024-12-01,Fashion,3004.88,3,False
O364,C10179,2025-01-06,Home & Kitchen,2253.23,2,False
O365,C10179,2025-01-25,Electronics,13596.56,1,False
O366,C10180,2025-02-16,Electronics,3770.67,3,False
O367,C10180,2025-03-09,Home & Kitchen,2956.61,1,False
O368,C10180,2025-04-23,Home & Kitchen,2393.92,2,False
O369,C10180,2025-04-25,Beauty,693.35,2,True
O370,C10180,2025-07-28,Sports,2579.55,3,False
O371,C10180,2025-08-14,Fashion,2253.84,2,False
O372,C10181,2024-11-13,Books,849.35,1,False
O373,C10182,2025-06-25,Books,452.73,1,False
O374,C10182,2025-08-02,Electronics,8040.22,1,True
O375,C10182,2025-08-08,Electronics,7655.01,2,False
O376,C10183,2024-02-11,Fashion,604.59,1,False
O377,C10183,2024-03-08,Electronics,11138.39,3,False
O378,C10184,2024-05-16,Beauty,1840.58,2,False
O379,C10184,2024-10-09,Beauty,3431.07,2,False
O380,C10184,2024-10-25,Home & Kitchen,6208.74,2,False
O381,C10184,2025-01-11,Home & Kitchen,3646.5,1,False
O382,C10184,2025-02-23,Beauty,652.29,2,False
O383,C10184,2025-05-26,Fashion,2320.9,1,False
O384,C10185,2025-09-16,Electronics,7078.59,1,False
O385,C10186,2025-09-09,Beauty,346.71,1,False
O386,C10187,2025-07-26,Electronics,8871.03,2,False
O387,C10187,2025-08-11,Fashion,2124.64,2,False
O388,C10188,2024-09-17,Fashion,2411.99,1,False
O389,C10188,2024-09-25,Home & Kitchen,1204.59,3,False
O390,C10189,2024-11-16,Beauty,1075.01,2,False
O391,C10190,2024-01-18,Sports,3659.68,1,False
O392,C10190,2024-02-20,Fashion,5778.14,3,False
O393,C10190,2024-02-28,Beauty,2619.83,3,False
O394,C10191,2024-07-18,Beauty,947.18,1,False
O395,C10191,2024-08-18,Beauty,1047.9,3,False
O396,C10192,2025-05-28,Fashion,1215.54,1,True
O397,C10193,2024-09-01,Books,899.16,3,False
O398,C10193,2024-09-08,Beauty,597.65,2,False
O399,C10193,2025-02-04,Fashion,816.89,2,True
O400,C10193,2025-03-11,Home & Kitchen,1573.12,2,True
O401,C10194,2024-12-14,Electronics,9342.63,2,False
O402,C10195,2024-04-07,Fashion,1776.59,1,False
O403,C10195,2024-04-08,Beauty,672.18,2,False
O404,C10196,2024-12-17,Beauty,837.29,1,False
O405,C10197,2025-05-25,Sports,1642.14,2,False
O406,C10197,2025-06-21,Sports,2285.1,2,False
O407,C10198,2025-02-08,Fashion,2636.91,2,False
O408,C10198,2025-04-30,Fashion,1301.75,1,False
O409,C10199,2025-01-27,Electronics,13338.13,3,False
O410,C10200,2025-10-04,Electronics,8037.24,2,False
O411,C10200,2025-10-19,Books,1407.97,2,False
O412,C10201,2024-06-15,Home & Kitchen,1050.62,1,False
O413,C10202,2024-07-29,Fashion,1414.24,1,False
O414,C10202,2024-08-09,Electronics,18322.98,2,True
O415,C10203,2025-03-15,Fashion,1941.07,1,False
O416,C10203,2025-04-07,Fashion,1656.97,2,False
O417,C10203,2025-04-21,Fashion,1476.43,3,False
O418,C10203,2025-04-27,Home & Kitchen,2161.37,3,False
O419,C10204,2024-12-03,Home & Kitchen,6987.32,3,False
O420,C10205,2025-11-16,Electronics,4206.13,3,False
O421,C10205,2025-11-29,Home & Kitchen,2583.16,1,False
O422,C10205,2025-12-11,Electronics,10104.62,2,False
O423,C10206,2024-02-12,Electronics,18343.9,1,False
O424,C10206,2024-02-22,Home & Kitchen,3844.94,2,False
O425,C10206,2024-03-21,Home & Kitchen,1728.13,3,False
O426,C10206,2024-04-17,Sports,9223.5,1,False
O427,C10206,2024-07-14,Sports,3804.71,1,False
O428,C10207,2024-03-26,Books,1746.55,3,False
O429,C10207,2024-03-31,Sports,2600.86,2,False
O430,C10207,2024-05-07,Beauty,952.87,1,False
O431,C10208,2024-09-03,Home & Kitchen,12396.99,3,False
O432,C10209,2024-11-17,Sports,4148.86,1,False
O433,C10210,2025-09-16,Beauty,1236.27,1,True
O434,C10211,2024-12-13,Beauty,802.92,1,False
O435,C10212,2024-11-03,Fashion,1533.14,2,False
O436,C10213,2024-04-27,Books,246.36,2,False
O437,C10213,2024-08-10,Home & Kitchen,2597.0,1,False
O438,C10213,2024-09-20,Beauty,600.76,3,False
O439,C10214,2024-11-04,Home & Kitchen,1656.55,1,False
O440,C10214,2025-03-03,Electronics,6671.59,3,False
O441,C10214,2025-09-12,Beauty,1029.92,3,True
O442,C10214,2025-11-16,Fashion,1911.53,2,False
O443,C10215,2025-01-08,Books,404.62,3,False
O444,C10215,2025-04-12,Books,915.27,3,False
O445,C10216,2025-02-17,Books,1529.44,2,False
O446,C10216,2025-05-24,Beauty,921.8,2,False
O447,C10217,2025-03-05,Beauty,634.99,1,False
O448,C10217,2025-06-02,Books,956.91,3,False
O449,C10218,2024-10-30,Electronics,13666.1,3,False
O450,C10218,2025-01-04,Beauty,431.09,2,False
O451,C10219,2024-04-20,Books,591.24,1,False
O452,C10219,2024-04-29,Home & Kitchen,2030.03,2,False
O453,C10220,2024-04-16,Fashion,1282.76,3,False
O454,C10221,2024-04-18,Electronics,13549.51,3,False
O455,C10221,2024-05-03,Electronics,5870.72,2,False
O456,C10222,2025-03-13,Sports,5794.75,2,False
O457,C10222,2025-05-06,Home & Kitchen,7580.92,1,False
O458,C10223,2025-08-24,Sports,3039.85,3,False
O459,C10223,2025-09-19,Books,740.61,2,True
O460,C10223,2025-09-26,Home & Kitchen,4438.88,3,False
O461,C10223,2025-10-27,Fashion,1290.43,1,False
O462,C10224,2025-09-10,Home & Kitchen,2626.92,3,False
O463,C10224,2025-10-22,Books,750.06,1,False
O464,C10225,2024-08-05,Sports,2085.52,3,False
O465,C10225,2024-12-08,Beauty,914.88,1,False
O466,C10225,2025-04-14,Electronics,7091.15,3,False
O467,C10225,2025-04-17,Sports,2314.51,2,False
O468,C10225,2025-05-01,Beauty,1295.52,1,False
O469,C10225,2025-05-03,Sports,1340.91,3,False
O470,C10225,2025-05-11,Home & Kitchen,5463.98,2,False
O471,C10225,2025-05-23,Electronics,9535.9,1,False
O472,C10226,2024-02-26,Electronics,27085.52,2,False
O473,C10226,2024-05-29,Fashion,6658.72,1,False
O474,C10226,2024-06-25,Home & Kitchen,5479.92,1,False
O475,C10227,2025-03-25,Books,238.82,2,True
O476,C10228,2024-01-28,Fashion,3469.97,2,False
O477,C10228,2024-01-31,Sports,3689.54,2,False
O478,C10228,2024-03-03,Home & Kitchen,3586.2,3,False
O479,C10228,2024-03-09,Electronics,15340.6,1,False
O480,C10229,2025-03-15,Sports,1474.63,3,False
O481,C10229,2025-05-05,Beauty,627.17,1,False
O482,C10229,2025-06-13,Home & Kitchen,4980.4,1,False
O483,C10229,2025-06-25,Electronics,5166.49,2,False
O484,C10230,2024-09-26,Fashion,1131.39,2,True
O485,C10230,2024-10-17,Home & Kitchen,7595.21,2,False
O486,C10230,2024-10-24,Electronics,19570.2,1,False
O487,C10230,2025-02-03,Fashion,2489.01,1,False
O488,C10230,2025-02-09,Sports,2673.14,3,False
O489,C10230,2025-02-20,Sports,1243.3,1,False
O490,C10231,2025-08-15,Home & Kitchen,4289.87,3,False
O491,C10231,2025-08-19,Books,1062.58,3,False
O492,C10232,2025-03-14,Fashion,1437.0,3,False
O493,C10232,2025-03-14,Electronics,15656.28,2,False
O494,C10233,2025-06-01,Fashion,3751.53,1,False
O495,C10234,2024-10-12,Beauty,1410.97,1,False
O496,C10235,2025-08-12,Home & Kitchen,1997.97,2,False
O497,C10236,2025-01-06,Books,511.62,3,False
O498,C10237,2025-03-16,Books,448.8,1,False
O499,C10237,2025-04-17,Home & Kitchen,6650.32,3,False
O500,C10237,2025-07-14,Electronics,15228.53,3,False
O501,C10238,2024-09-13,Electronics,7543.16,1,False
O502,C10239,2024-11-14,Beauty,2239.18,1,False
O503,C10240,2025-08-18,Beauty,629.39,3,False
O504,C10240,2025-11-22,Electronics,13606.76,3,False
O505,C10241,2024-10-02,Sports,2950.8,1,False
O506,C10241,2024-10-25,Beauty,1801.86,2,False
O507,C10241,2024-12-08,Electronics,16154.26,3,False
O508,C10241,2025-03-13,Electronics,16711.35,3,True
O509,C10242,2024-01-15,Books,741.7,1,False
O510,C10242,2024-01-26,Fashion,2155.55,1,False
O511,C10243,2024-09-22,Home & Kitchen,2479.75,2,False
O512,C10243,2024-09-23,Home & Kitchen,2416.25,1,False
O513,C10243,2024-10-26,Home & Kitchen,1913.54,1,True
O514,C10243,2025-01-11,Fashion,933.51,2,False
O515,C10244,2024-10-09,Beauty,1084.78,2,False
O516,C10245,2024-10-29,Sports,1962.22,1,False
O517,C10245,2024-12-24,Electronics,5434.22,2,True
O518,C10245,2025-06-09,Fashion,1359.42,2,False
O519,C10246,2024-02-19,Electronics,14887.36,1,False
O520,C10246,2024-05-26,Books,887.2,3,True
O521,C10246,2024-06-28,Electronics,14821.77,1,False
O522,C10246,2024-07-31,Fashion,1375.98,3,False
O523,C10247,2024-03-31,Home & Kitchen,2366.93,3,False
O524,C10247,2024-07-20,Sports,873.66,2,False
O525,C10248,2024-08-14,Electronics,7505.11,1,False
O526,C10248,2024-09-02,Beauty,538.5,3,False
O527,C10249,2024-10-30,Sports,1511.66,2,False
O528,C10249,2024-12-02,Beauty,1242.14,2,False
O529,C10250,2024-01-23,Fashion,2553.35,3,False
O530,C10251,2024-09-29,Home & Kitchen,5283.33,1,False
O531,C10251,2024-10-23,Home & Kitchen,3809.89,1,False
O532,C10252,2024-08-15,Home & Kitchen,4633.58,1,False
O533,C10252,2024-08-26,Beauty,430.68,2,False
O534,C10253,2024-01-26,Books,515.4,1,False
O535,C10253,2024-02-06,Fashion,1195.34,2,False
O536,C10254,2024-06-27,Books,515.19,3,False
O537,C10255,2024-07-13,Sports,2468.58,3,False
O538,C10255,2024-10-05,Fashion,1820.46,1,False
O539,C10255,2024-11-09,Fashion,1694.78,3,False
O540,C10255,2024-11-19,Home & Kitchen,3508.27,2,False
O541,C10255,2025-01-23,Beauty,929.17,3,False
O542,C10255,2025-02-01,Electronics,4525.29,1,False
O543,C10255,2025-03-16,Fashion,2366.9,2,False
O544,C10255,2025-04-11,Beauty,1112.58,2,False
O545,C10255,2025-05-25,Books,995.36,3,True
O546,C10256,2024-04-12,Electronics,27642.6,3,False
O547,C10257,2025-06-11,Home & Kitchen,2116.18,3,False
O548,C10258,2024-02-21,Beauty,1551.52,1,True
O549,C10259,2025-02-15,Beauty,1267.06,1,False
O550,C10259,2025-06-01,Beauty,1241.42,3,False
O551,C10260,2025-04-14,Beauty,862.91,3,False
O552,C10261,2025-07-19,Home & Kitchen,10434.99,1,False
O553,C10262,2025-01-23,Home & Kitchen,666.67,2,True
O554,C10262,2025-02-10,Fashion,1344.09,1,True
O555,C10262,2025-05-31,Electronics,10983.54,1,False
O556,C10262,2025-06-30,Sports,1508.77,3,False
O557,C10262,2025-10-12,Fashion,2933.22,3,True
O558,C10262,2025-11-25,Sports,2009.77,3,False
O559,C10263,2025-01-15,Books,427.49,2,False
O560,C10263,2025-02-15,Books,332.13,2,False
O561,C10263,2025-03-30,Sports,1676.37,3,False
O562,C10263,2025-04-23,Fashion,1368.16,2,False
O563,C10264,2025-06-23,Home & Kitchen,1211.13,1,True
O564,C10265,2025-08-29,Beauty,1341.22,3,False
O565,C10265,2025-09-30,Home & Kitchen,5427.87,1,False
O566,C10265,2025-10-02,Fashion,6091.95,2,False
O567,C10265,2025-10-17,Beauty,712.7,3,False
O568,C10266,2024-05-27,Home & Kitchen,3161.32,3,False
O569,C10267,2025-07-11,Books,447.39,1,False
O570,C10268,2024-11-20,Home & Kitchen,1914.08,1,False
O571,C10268,2024-12-15,Fashion,1550.2,2,False
O572,C10269,2024-03-09,Electronics,14421.6,3,False
O573,C10270,2025-03-04,Sports,1982.32,1,False
O574,C10271,2025-11-20,Beauty,1339.81,1,False
O575,C10272,2024-04-19,Electronics,7963.51,2,False
O576,C10272,2024-05-10,Home & Kitchen,1189.32,1,False
O577,C10272,2024-05-10,Beauty,622.8,1,False
O578,C10272,2024-06-14,Fashion,1639.35,2,False
O579,C10273,2024-01-11,Electronics,9672.56,2,False
O580,C10273,2024-01-19,Home & Kitchen,2671.35,1,False
O581,C10273,2024-02-19,Home & Kitchen,1815.31,2,False
O582,C10274,2025-10-13,Sports,2779.17,3,False
O583,C10275,2025-03-03,Fashion,2029.09,1,False
O584,C10275,2025-07-10,Sports,1840.82,2,False
O585,C10275,2025-08-30,Books,794.63,1,False
O586,C10276,2024-06-06,Beauty,853.86,2,False
O587,C10276,2024-06-21,Home & Kitchen,1954.24,3,False
O588,C10277,2025-07-08,Electronics,14952.57,2,False
O589,C10277,2025-12-10,Books,684.1,1,False
O590,C10278,2024-10-08,Books,993.65,3,False
O591,C10278,2024-10-24,Home & Kitchen,2769.38,1,False
O592,C10279,2024-08-23,Home & Kitchen,4693.67,3,False
O593,C10279,2024-08-28,Sports,4147.91,3,False
O594,C10280,2024-07-26,Fashion,765.55,3,False
O595,C10280,2024-10-06,Sports,1652.08,2,False
O596,C10281,2025-02-27,Sports,1433.46,1,True
O597,C10282,2024-04-05,Home & Kitchen,910.03,2,False
O598,C10282,2024-04-20,Beauty,1474.61,2,False
O599,C10283,2024-09-11,Fashion,1036.74,2,True
O600,C10283,2024-10-11,Sports,2529.08,3,False
O601,C10284,2024-08-03,Sports,3713.28,1,False
O602,C10284,2024-11-21,Fashion,1632.51,1,False
O603,C10285,2024-02-15,Books,512.96,1,False
O604,C10285,2024-04-03,Fashion,4212.81,2,False
O605,C10285,2024-08-16,Beauty,1170.5,3,False
O606,C10285,2024-11-09,Home & Kitchen,3579.88,1,False
O607,C10285,2024-12-03,Electronics,6612.77,3,False
O608,C10286,2025-06-18,Fashion,1616.69,2,False
O609,C10287,2024-01-07,Fashion,1283.97,1,False
O610,C10288,2025-11-04,Electronics,13368.39,2,False
O611,C10289,2024-03-07,Sports,3099.31,1,False
O612,C10289,2024-03-23,Home & Kitchen,3173.93,1,False
O613,C10289,2024-05-06,Electronics,7653.81,1,False
O614,C10290,2024-09-07,Home & Kitchen,20071.3,3,False
O615,C10291,2024-03-13,Books,179.41,3,False
O616,C10291,2024-04-25,Electronics,11028.86,3,False
O617,C10291,2024-04-25,Sports,4440.29,2,False
O618,C10291,2024-06-06,Sports,3402.37,2,False
O619,C10291,2024-08-04,Electronics,17856.74,2,False
O620,C10292,2024-09-13,Home & Kitchen,1828.12,1,False
O621,C10293,2025-03-03,Home & Kitchen,2732.03,2,False
O622,C10294,2024-03-06,Fashion,1739.13,3,False
O623,C10295,2025-01-06,Beauty,644.22,2,False
O624,C10296,2025-06-24,Electronics,4901.72,1,False
O625,C10296,2025-11-25,Sports,2523.91,2,False
O626,C10297,2024-11-14,Home & Kitchen,2614.27,3,False
O627,C10298,2024-03-28,Sports,3003.11,1,True
O628,C10298,2024-03-30,Electronics,36418.47,2,False
O629,C10298,2024-04-09,Books,1591.98,3,False
O630,C10299,2025-04-30,Books,840.24,2,False
O631,C10300,2024-05-12,Books,972.36,2,False
O632,C10301,2024-01-13,Fashion,1790.61,2,False
O633,C10301,2024-02-23,Beauty,1498.45,1,False
O634,C10302,2024-11-07,Fashion,3509.7,3,False
O635,C10303,2024-07-09,Home & Kitchen,3753.58,2,False
O636,C10303,2024-07-26,Fashion,2901.81,3,False
O637,C10304,2024-01-23,Electronics,12785.03,1,False
O638,C10304,2024-02-05,Sports,3920.75,2,False
O639,C10305,2025-07-03,Fashion,1781.7,1,False
O640,C10305,2025-07-03,Beauty,616.11,2,False
O641,C10306,2025-02-27,Sports,2288.58,1,False
O642,C10306,2025-02-28,Home & Kitchen,2099.27,2,False
O643,C10306,2025-05-27,Electronics,12285.89,3,False
O644,C10307,2025-09-30,Fashion,8473.04,3,False
O645,C10307,2025-10-19,Fashion,1094.83,3,False
O646,C10308,2024-12-03,Home & Kitchen,4234.84,1,False
O647,C10309,2024-11-03,Beauty,2504.35,2,False
O648,C10310,2025-08-12,Fashion,4970.72,3,False
O649,C10311,2024-02-29,Books,564.95,2,False
O650,C10311,2024-08-17,Fashion,3177.92,3,False
O651,C10311,2024-11-15,Sports,1096.8,1,False
O652,C10311,2024-12-31,Electronics,5243.89,2,False
O653,C10312,2024-09-23,Books,433.08,2,False
O654,C10313,2025-07-15,Beauty,1332.96,1,False
O655,C10314,2024-07-24,Home & Kitchen,3546.94,3,False
O656,C10315,2025-09-11,Electronics,8646.76,2,False
O657,C10316,2024-07-23,Sports,2361.33,3,False
O658,C10316,2024-11-05,Books,1424.97,1,False
O659,C10316,2024-11-24,Home & Kitchen,4639.22,3,False
O660,C10316,2024-12-06,Electronics,7798.89,2,False
O661,C10316,2024-12-11,Electronics,5736.95,2,False
O662,C10317,2024-10-18,Books,299.76,3,False
O663,C10317,2024-10-30,Sports,4164.68,1,False
O664,C10317,2024-12-09,Electronics,17702.45,3,False
O665,C10317,2025-01-26,Home & Kitchen,4226.82,2,False
O666,C10317,2025-03-13,Home & Kitchen,5478.13,3,False
O667,C10317,2025-03-25,Fashion,4453.31,3,False
O668,C10318,2025-09-23,Fashion,4475.85,1,False
O669,C10319,2024-06-21,Fashion,1465.92,3,False
O670,C10319,2024-06-24,Electronics,7127.5,1,False
O671,C10320,2025-11-13,Beauty,2211.31,2,False
O672,C10321,2024-02-05,Sports,2033.04,3,False
O673,C10321,2024-03-16,Fashion,3580.03,1,False
O674,C10321,2024-04-14,Electronics,9217.02,2,False
O675,C10321,2024-05-13,Electronics,10978.43,1,False
O676,C10322,2024-07-05,Sports,4710.45,2,False
O677,C10323,2025-02-18,Fashion,2499.03,1,True
O678,C10324,2025-02-26,Electronics,3487.3,1,False
O679,C10324,2025-04-02,Beauty,624.7,3,False
O680,C10325,2025-10-15,Beauty,1540.52,2,False
O681,C10325,2025-11-16,Sports,1184.35,3,False
O682,C10326,2025-11-02,Beauty,2184.34,2,False
O683,C10327,2025-04-19,Fashion,782.43,2,False
O684,C10328,2025-04-07,Fashion,2081.91,2,False
O685,C10328,2025-07-31,Home & Kitchen,4855.74,2,False
O686,C10329,2024-08-10,Home & Kitchen,1370.06,2,False
O687,C10330,2025-07-23,Fashion,4530.13,1,True
O688,C10331,2025-03-29,Electronics,3997.71,1,False
O689,C10331,2025-04-24,Home & Kitchen,3112.62,1,False
O690,C10332,2024-01-28,Beauty,2354.66,2,False
O691,C10332,2024-06-20,Beauty,1117.08,3,False
O692,C10333,2025-08-05,Home & Kitchen,16405.12,3,False
O693,C10333,2025-08-13,Electronics,17846.38,3,False
O694,C10334,2024-09-10,Electronics,4948.87,1,False
O695,C10335,2024-11-30,Fashion,1733.61,1,False
O696,C10336,2024-12-08,Beauty,1053.57,1,False
O697,C10336,2024-12-14,Home & Kitchen,3773.5,2,False
O698,C10337,2025-07-30,Electronics,23330.5,2,False
O699,C10337,2025-08-25,Fashion,3847.37,3,False
O700,C10337,2025-09-12,Beauty,1076.75,3,False
O701,C10338,2024-07-07,Sports,1693.17,1,False
O702,C10338,2024-08-21,Fashion,4774.59,3,False
O703,C10338,2024-10-16,Electronics,42634.05,3,False
O704,C10338,2024-10-31,Beauty,784.0,1,False
O705,C10338,2025-05-01,Home & Kitchen,3913.09,2,False
O706,C10338,2025-08-25,Electronics,5532.29,2,False
O707,C10339,2024-10-09,Books,406.31,3,False
O708,C10339,2024-12-06,Fashion,1709.12,3,False
O709,C10340,2024-01-28,Fashion,1468.75,1,False
O710,C10340,2024-03-04,Beauty,753.23,1,False
O711,C10340,2024-04-22,Books,722.26,3,True
O712,C10340,2024-05-06,Sports,911.35,2,False
O713,C10340,2024-05-21,Sports,2030.31,1,False
O714,C10341,2024-09-03,Beauty,439.35,2,False
O715,C10341,2024-09-04,Electronics,30885.34,1,False
O716,C10341,2024-09-17,Sports,3774.06,3,False
O717,C10341,2024-11-30,Electronics,17321.45,2,False
O718,C10341,2024-12-14,Beauty,264.97,2,False
O719,C10342,2024-03-02,Books,514.17,1,False
O720,C10342,2024-05-01,Beauty,809.61,1,False
O721,C10343,2025-02-15,Home & Kitchen,3774.78,1,False
O722,C10344,2025-09-19,Home & Kitchen,2939.38,2,False
O723,C10345,2024-11-26,Sports,3008.73,3,False
O724,C10346,2025-10-02,Beauty,3373.74,2,False
O725,C10347,2025-11-17,Sports,7491.13,2,False
O726,C10348,2024-02-17,Beauty,735.84,1,False
O727,C10348,2024-06-18,Sports,2501.37,3,False
O728,C10348,2024-07-11,Electronics,8973.18,1,False
O729,C10349,2024-12-28,Fashion,2227.75,3,True
O730,C10349,2025-03-05,Electronics,14158.86,1,False
O731,C10349,2025-04-29,Electronics,29962.65,3,False
O732,C10350,2025-01-04,Sports,6621.19,1,False
O733,C10350,2025-01-29,Books,417.12,2,False
O734,C10351,2024-09-27,Home & Kitchen,2208.78,1,False
O735,C10351,2024-12-07,Beauty,1300.23,2,False
O736,C10352,2025-08-11,Fashion,2341.95,2,False
O737,C10353,2024-10-15,Fashion,3163.39,1,False
O738,C10353,2024-12-11,Books,311.75,1,False
O739,C10353,2024-12-27,Electronics,9051.09,2,False
O740,C10354,2024-02-09,Fashion,1965.61,3,False
O741,C10354,2024-02-15,Fashion,2723.76,3,False
O742,C10354,2024-03-20,Electronics,12570.18,1,False
O743,C10355,2025-01-18,Books,288.98,2,False
O744,C10355,2025-02-05,Electronics,10185.18,1,False
O745,C10356,2024-05-22,Beauty,2480.44,2,False
O746,C10357,2024-09-06,Home & Kitchen,4480.12,1,False
O747,C10358,2024-12-18,Home & Kitchen,3251.62,1,False
O748,C10358,2025-03-12,Beauty,1024.86,1,False
O749,C10359,2025-06-01,Fashion,3579.26,2,False
O750,C10360,2024-07-26,Electronics,17035.66,2,False
O751,C10361,2024-09-23,Beauty,1314.99,1,False
O752,C10361,2024-09-28,Fashion,6707.34,2,False
O753,C10361,2024-10-09,Electronics,8322.78,3,False
O754,C10361,2024-10-10,Home & Kitchen,7875.57,1,False
O755,C10362,2024-02-19,Electronics,18772.81,2,False
O756,C10362,2024-03-11,Fashion,3796.26,2,False
O757,C10362,2024-04-09,Electronics,21734.2,3,False
O758,C10363,2024-09-26,Fashion,825.55,2,False
O759,C10364,2025-02-10,Books,193.94,1,False
O760,C10364,2025-04-12,Sports,1977.47,2,False
O761,C10364,2025-05-19,Books,434.82,3,False
O762,C10365,2025-03-09,Fashion,3431.74,2,False
O763,C10365,2025-05-14,Fashion,4163.32,2,False
O764,C10366,2024-07-26,Books,436.32,1,False
O765,C10366,2024-08-16,Home & Kitchen,1261.86,3,False
O766,C10367,2024-02-14,Sports,1789.28,1,False
O767,C10367,2024-02-15,Electronics,5305.7,1,False
O768,C10368,2025-02-13,Electronics,16224.45,3,False
O769,C10368,2025-02-21,Home & Kitchen,1295.08,2,False
O770,C10368,2025-03-08,Home & Kitchen,1175.57,3,False
O771,C10368,2025-04-12,Fashion,1698.62,2,False
O772,C10368,2025-08-04,Books,792.21,2,False
O773,C10368,2025-08-19,Fashion,1027.09,3,False
O774,C10368,2025-08-22,Fashion,1523.06,1,True
O775,C10369,2025-04-06,Beauty,479.9,2,False
O776,C10370,2024-03-05,Sports,1065.3,3,False
O777,C10370,2024-06-24,Fashion,2283.97,1,False
O778,C10371,2024-12-20,Beauty,1668.9,1,False
O779,C10372,2024-03-07,Electronics,5196.75,3,False
O780,C10372,2024-03-11,Electronics,10106.1,1,False
O781,C10373,2024-11-17,Fashion,3752.83,3,False
O782,C10374,2025-04-21,Fashion,2862.97,3,False
O783,C10375,2025-05-18,Beauty,903.31,2,False
O784,C10376,2025-05-16,Books,915.29,1,False
O785,C10377,2025-06-14,Fashion,1651.85,3,False
O786,C10377,2025-07-27,Electronics,11004.34,3,False
O787,C10378,2024-06-17,Fashion,628.94,2,False
O788,C10379,2025-08-15,Fashion,2270.48,3,False
O789,C10379,2025-08-29,Fashion,1747.46,2,False
O790,C10380,2024-09-04,Fashion,1668.98,3,False
O791,C10380,2024-10-08,Home & Kitchen,2238.92,1,True
O792,C10381,2024-09-21,Books,179.9,2,False
O793,C10381,2024-10-06,Electronics,12017.42,2,False
O794,C10382,2025-07-05,Books,1078.04,1,False
O795,C10382,2025-07-09,Sports,3985.99,3,False
O796,C10382,2025-08-22,Books,651.48,2,False
O797,C10383,2024-08-19,Beauty,1383.35,3,False
O798,C10383,2024-09-11,Sports,1228.22,2,False
O799,C10383,2024-10-19,Home & Kitchen,4494.71,3,False
O800,C10383,2024-11-07,Home & Kitchen,4200.69,2,False
O801,C10383,2024-12-04,Beauty,2037.98,1,False
O802,C10384,2024-02-24,Home & Kitchen,4077.86,2,False
O803,C10385,2025-05-15,Fashion,3127.29,3,False
O804,C10386,2025-04-15,Beauty,1147.17,2,False
O805,C10387,2025-02-14,Fashion,1098.96,2,False
O806,C10387,2025-02-28,Fashion,2423.49,2,False
O807,C10388,2024-04-10,Sports,2029.25,2,False
O808,C10389,2025-03-18,Sports,5700.13,3,False
O809,C10389,2025-06-07,Electronics,6676.74,2,True
O810,C10390,2024-05-20,Beauty,1410.06,3,False
O811,C10390,2024-06-11,Home & Kitchen,1966.43,3,False
O812,C10391,2025-01-24,Sports,3311.56,2,False
O813,C10392,2024-12-22,Home & Kitchen,4603.31,2,False
O814,C10393,2025-06-25,Fashion,964.8,2,False
O815,C10393,2025-07-16,Beauty,861.92,3,False
O816,C10394,2025-11-17,Electronics,7508.4,3,False
O817,C10395,2024-05-14,Books,284.42,2,False
O818,C10396,2024-03-23,Electronics,21802.3,2,False
O819,C10397,2025-01-28,Books,709.83,3,False
O820,C10398,2025-11-13,Fashion,1554.13,3,False
O821,C10398,2025-11-29,Sports,2189.5,1,False
O822,C10399,2024-04-20,Home & Kitchen,4229.68,3,False
O823,C10399,2024-07-18,Home & Kitchen,5043.85,2,False
O824,C10400,2024-12-09,Electronics,33312.87,3,False
O825,C10400,2025-01-29,Books,975.99,3,False
O826,C10401,2024-10-22,Sports,3172.44,2,True
O827,C10402,2024-08-10,Fashion,3384.19,2,False
O828,C10403,2025-04-11,Books,1222.33,1,False
O829,C10403,2025-06-17,Home & Kitchen,3037.08,3,False
O830,C10403,2025-09-12,Fashion,2375.5,3,False
O831,C10404,2024-07-26,Books,857.99,3,False
O832,C10404,2024-08-30,Fashion,1271.63,1,False
O833,C10404,2024-09-17,Fashion,2195.41,3,False
O834,C10405,2024-12-12,Books,565.63,2,False
O835,C10406,2025-08-14,Fashion,4367.36,2,False
O836,C10406,2025-10-18,Home & Kitchen,2773.49,2,False
O837,C10406,2025-12-07,Beauty,848.95,3,False
O838,C10407,2024-09-24,Fashion,784.67,2,False
O839,C10408,2024-01-16,Home & Kitchen,5711.14,2,False
O840,C10409,2025-09-13,Electronics,10208.83,3,False
O841,C10409,2025-09-28,Fashion,3582.41,1,False
O842,C10410,2024-07-14,Home & Kitchen,5108.39,3,False
O843,C10410,2024-08-10,Fashion,2375.24,1,False
O844,C10411,2025-06-25,Electronics,10621.79,2,False
O845,C10412,2025-06-19,Fashion,1986.24,3,False
O846,C10413,2025-01-04,Sports,3145.17,2,False
O847,C10414,2024-03-05,Fashion,2595.72,1,True
O848,C10414,2024-05-31,Beauty,786.58,3,False
O849,C10415,2025-10-29,Sports,2143.88,1,False
O850,C10415,2025-11-25,Electronics,4461.57,1,False
O851,C10416,2025-04-21,Beauty,1985.11,1,False
O852,C10417,2024-10-26,Home & Kitchen,9890.1,3,True
O853,C10418,2025-09-01,Fashion,2039.28,2,False
O854,C10419,2025-07-09,Books,618.01,2,False
O855,C10419,2025-07-25,Sports,1788.4,1,False
O856,C10420,2025-06-22,Beauty,2403.28,2,True
O857,C10420,2025-07-10,Beauty,1662.82,2,False
O858,C10420,2025-12-11,Sports,5605.86,2,False
O859,C10421,2024-04-28,Sports,1244.05,1,False
O860,C10421,2024-06-25,Fashion,353.45,1,False
O861,C10421,2024-07-16,Beauty,1099.4,2,False
O862,C10421,2024-11-20,Home & Kitchen,2511.14,3,False
O863,C10422,2025-03-18,Home & Kitchen,2329.02,3,False
O864,C10422,2025-06-09,Sports,2238.8,2,False
O865,C10422,2025-06-28,Sports,2125.68,3,False
O866,C10422,2025-08-05,Books,310.17,3,False
O867,C10422,2025-08-07,Electronics,7299.74,1,False
O868,C10423,2024-07-19,Electronics,11049.71,2,False
O869,C10423,2024-10-31,Fashion,1894.91,3,False
O870,C10424,2024-02-29,Electronics,12534.4,3,False
O871,C10424,2024-03-09,Beauty,733.01,1,True
O872,C10424,2024-03-09,Fashion,2671.66,3,False
O873,C10424,2024-05-07,Electronics,5404.6,1,False
O874,C10424,2024-07-30,Electronics,19956.64,3,True
O875,C10424,2024-10-01,Fashion,2363.81,2,True
O876,C10424,2024-11-06,Home & Kitchen,1865.57,2,False
O877,C10425,2024-09-07,Beauty,832.76,1,False
O878,C10425,2024-09-27,Electronics,12670.04,2,False
O879,C10425,2024-10-23,Books,822.17,1,False
O880,C10426,2024-03-17,Home & Kitchen,4355.79,3,True
O881,C10426,2024-04-05,Fashion,2238.67,1,False
O882,C10426,2024-04-08,Home & Kitchen,2705.35,2,False
O883,C10426,2024-05-12,Home & Kitchen,1620.87,1,False
O884,C10426,2024-05-24,Electronics,19675.61,2,True
O885,C10427,2024-03-18,Sports,2485.66,2,False
O886,C10428,2025-05-24,Fashion,5676.95,2,False
O887,C10429,2024-12-20,Beauty,3933.06,3,False
O888,C10429,2025-01-11,Home & Kitchen,858.49,2,False
O889,C10429,2025-03-15,Sports,3925.19,2,False
O890,C10430,2024-10-08,Beauty,2076.14,3,False
O891,C10430,2024-11-02,Fashion,1655.42,1,False
O892,C10430,2024-11-30,Fashion,3571.66,3,False
O893,C10430,2024-12-25,Sports,3396.95,1,False
O894,C10430,2025-02-02,Sports,2279.82,3,False
O895,C10431,2024-05-16,Fashion,2262.18,3,False
O896,C10432,2025-06-23,Fashion,2902.35,3,False
O897,C10432,2025-07-08,Books,264.52,3,False
O898,C10432,2025-08-19,Fashion,913.08,1,False
O899,C10432,2025-09-03,Books,300.56,3,False
O900,C10433,2025-03-25,Books,490.45,3,False
O901,C10433,2025-03-26,Home & Kitchen,5113.41,1,False
O902,C10434,2025-02-14,Home & Kitchen,3867.53,2,False
O903,C10435,2024-05-15,Books,238.17,3,False
O904,C10436,2024-04-02,Home & Kitchen,1806.59,2,False
O905,C10437,2024-03-27,Home & Kitchen,4065.25,2,False
O906,C10437,2024-06-29,Beauty,835.97,3,False
O907,C10438,2024-01-22,Fashion,1307.35,2,False
O908,C10438,2024-01-25,Fashion,1972.08,1,False
O909,C10438,2024-02-14,Home & Kitchen,3330.41,1,False
O910,C10439,2025-11-17,Electronics,19754.19,3,False
O911,C10439,2025-12-29,Fashion,1155.87,1,False
O912,C10440,2024-09-14,Beauty,1066.92,2,False
O913,C10440,2024-11-02,Books,829.62,2,False
O914,C10440,2024-12-04,Electronics,6454.2,3,False
O915,C10441,2025-04-07,Home & Kitchen,3058.65,3,False
O916,C10441,2025-05-06,Fashion,2649.34,3,False
O917,C10442,2025-11-26,Home & Kitchen,9362.63,1,False
O918,C10443,2025-10-28,Fashion,3696.43,1,False
O919,C10443,2025-12-14,Electronics,12720.56,3,False
O920,C10444,2024-08-17,Sports,4947.33,3,False
O921,C10444,2024-11-09,Electronics,14140.78,1,False
O922,C10445,2024-12-08,Fashion,2031.91,2,False
O923,C10445,2025-05-17,Home & Kitchen,1178.59,2,False
O924,C10446,2024-11-22,Beauty,3756.7,2,False
O925,C10446,2025-01-16,Beauty,2084.82,1,False
O926,C10447,2024-01-24,Fashion,1333.32,1,False
O927,C10447,2024-02-02,Beauty,806.65,2,False
O928,C10447,2024-02-06,Home & Kitchen,776.33,3,False
O929,C10447,2024-03-19,Beauty,1476.16,2,False
O930,C10447,2024-04-18,Home & Kitchen,4957.73,1,False
O931,C10448,2025-06-21,Sports,4257.5,1,False
O932,C10449,2025-02-06,Beauty,751.81,3,False
O933,C10450,2024-09-20,Home & Kitchen,6935.8,3,False
O934,C10450,2024-10-02,Sports,3166.84,1,False
O935,C10451,2025-01-25,Fashion,2002.43,2,False
O936,C10452,2025-05-31,Beauty,840.16,3,False
O937,C10453,2024-01-11,Sports,3070.12,1,False
O938,C10453,2024-04-13,Books,641.25,2,False
O939,C10453,2024-04-20,Electronics,9125.68,3,False
O940,C10453,2024-05-21,Fashion,6092.78,1,False
O941,C10454,2025-03-29,Books,851.17,2,False
O942,C10454,2025-04-10,Sports,10106.83,1,False
O943,C10454,2025-06-18,Electronics,11371.94,1,False
O944,C10454,2025-06-22,Fashion,3380.83,2,False
O945,C10455,2025-08-27,Fashion,1789.41,1,False
O946,C10456,2025-05-23,Electronics,12945.7,2,False
O947,C10457,2025-03-10,Fashion,3010.59,1,False
O948,C10457,2025-04-04,Sports,4517.84,1,False
O949,C10457,2025-05-31,Fashion,3574.48,1,False
O950,C10457,2025-08-10,Books,508.78,2,False
O951,C10458,2024-03-04,Sports,1540.13,3,False
O952,C10459,2025-06-08,Sports,2700.62,1,False
O953,C10460,2025-06-09,Electronics,5137.77,2,False
O954,C10460,2025-06-11,Books,395.05,1,False
O955,C10460,2025-06-18,Home & Kitchen,6286.26,1,False
O956,C10461,2024-12-12,Fashion,906.29,2,False
O957,C10461,2025-03-07,Sports,1748.39,3,False
O958,C10461,2025-03-12,Fashion,1442.44,1,False
O959,C10461,2025-04-16,Books,755.84,1,False
O960,C10462,2025-02-12,Beauty,2856.6,2,False
O961,C10462,2025-07-01,Home & Kitchen,1425.8,2,False
O962,C10462,2025-07-18,Electronics,9607.9,1,False
O963,C10463,2025-03-15,Electronics,10215.25,3,False
O964,C10463,2025-04-02,Books,1058.38,2,False
O965,C10464,2024-03-31,Electronics,9161.69,1,False
O966,C10464,2024-04-13,Electronics,9234.04,3,False
O967,C10465,2024-06-30,Home & Kitchen,2039.35,1,False
O968,C10466,2025-07-08,Books,801.87,1,False
O969,C10466,2025-09-02,Books,404.96,3,False
O970,C10467,2025-11-12,Sports,4014.72,1,False
O971,C10467,2025-11-12,Fashion,1395.57,3,False
O972,C10467,2025-11-19,Home & Kitchen,1289.86,1,False
O973,C10468,2024-07-10,Electronics,11700.23,3,True
O974,C10468,2024-10-27,Beauty,2359.21,1,False
O975,C10469,2024-10-08,Beauty,1541.27,2,False
O976,C10469,2024-11-04,Fashion,1354.0,2,False
O977,C10470,2025-10-11,Home & Kitchen,2371.98,2,False
O978,C10471,2024-04-27,Fashion,1203.49,3,False
O979,C10472,2024-07-13,Home & Kitchen,1766.39,3,False
O980,C10473,2024-02-09,Fashion,1944.42,2,False
O981,C10473,2024-02-12,Home & Kitchen,3956.64,2,False
O982,C10474,2024-06-13,Home & Kitchen,2497.8,1,False
O983,C10475,2025-03-22,Sports,908.46,3,False
O984,C10475,2025-04-26,Electronics,11295.37,3,False
O985,C10476,2024-08-31,Electronics,7110.68,1,False
O986,C10477,2025-11-21,Beauty,890.42,2,False
O987,C10477,2025-12-02,Fashion,3643.03,2,False
O988,C10477,2025-12-04,Sports,1601.52,1,False
O989,C10478,2025-09-17,Electronics,21216.54,2,False
O990,C10478,2025-09-18,Electronics,15714.98,1,False
O991,C10479,2025-09-21,Sports,2792.78,2,False
O992,C10480,2025-05-23,Sports,1218.95,1,True
O993,C10480,2025-09-30,Home & Kitchen,2654.43,2,False
O994,C10480,2025-11-17,Sports,1830.37,3,False
O995,C10481,2025-05-08,Books,550.45,1,False
O996,C10481,2025-06-11,Sports,1641.22,1,False
O997,C10482,2024-12-24,Sports,2508.19,1,False
O998,C10483,2025-12-03,Electronics,12676.82,2,False
O999,C10484,2024-03-07,Fashion,3942.11,1,False
O1000,C10485,2025-05-22,Beauty,684.22,2,False
O1001,C10485,2025-07-31,Fashion,1640.17,1,False
O1002,C10485,2025-08-31,Electronics,11656.73,1,False
O1003,C10485,2025-11-02,Fashion,4493.02,3,False
O1004,C10485,2025-12-13,Home & Kitchen,2914.45,3,False
O1005,C10486,2024-04-11,Beauty,3395.31,2,False
O1006,C10486,2024-04-14,Beauty,600.4,3,False
O1007,C10487,2024-08-27,Books,702.69,3,False
O1008,C10488,2024-06-27,Electronics,11425.42,3,False
O1009,C10488,2025-01-07,Electronics,12932.29,3,False
O1010,C10488,2025-05-07,Electronics,15327.32,3,False
O1011,C10489,2025-03-04,Books,1177.47,1,False
O1012,C10489,2025-06-02,Sports,8956.06,2,False
O1013,C10490,2025-07-14,Home & Kitchen,3783.32,3,False
O1014,C10491,2024-02-27,Electronics,5492.92,1,False
O1015,C10491,2024-03-31,Books,565.82,3,False
O1016,C10492,2025-03-02,Electronics,5960.12,1,False
O1017,C10492,2025-07-03,Home & Kitchen,1019.09,2,False
O1018,C10493,2024-06-06,Fashion,979.48,1,False
O1019,C10494,2024-02-24,Books,872.66,1,True
O1020,C10495,2024-10-26,Sports,2925.42,3,False
O1021,C10495,2024-12-04,Home & Kitchen,8723.98,2,False
O1022,C10495,2024-12-08,Fashion,2825.63,3,False
O1023,C10495,2024-12-29,Fashion,2076.87,2,False
O1024,C10496,2025-02-12,Books,484.45,2,False
O1025,C10497,2024-05-25,Fashion,3630.3,3,False
O1026,C10498,2024-09-29,Home & Kitchen,2771.86,1,False
O1027,C10498,2024-10-01,Books,477.27,3,False
O1028,C10498,2024-10-28,Fashion,1838.02,3,False
O1029,C10499,2025-10-29,Sports,1827.02,3,False
O1030,C10500,2024-08-31,Home & Kitchen,1399.39,1,False
O1031,C10501,2025-12-02,Electronics,13638.39,2,False
O1032,C10502,2025-08-07,Fashion,2243.27,2,True
O1033,C10503,2024-09-18,Beauty,1956.19,1,False
O1034,C10503,2024-10-06,Sports,3689.27,3,False
O1035,C10503,2024-10-17,Fashion,2581.52,3,False
O1036,C10503,2024-11-11,Home & Kitchen,5124.23,1,False
O1037,C10504,2025-02-14,Sports,7504.15,1,True
O1038,C10504,2025-04-04,Fashion,3354.79,3,False
O1039,C10505,2025-05-15,Fashion,1987.81,3,False
O1040,C10505,2025-05-17,Electronics,5951.19,2,False
O1041,C10506,2024-11-21,Electronics,28008.02,1,True
O1042,C10507,2024-10-22,Electronics,11710.1,2,False
O1043,C10508,2024-08-19,Beauty,896.92,2,False
O1044,C10509,2024-04-09,Electronics,12290.0,2,True
O1045,C10510,2024-01-19,Sports,1742.3,3,False
O1046,C10511,2024-08-24,Sports,2478.52,2,False
O1047,C10511,2024-09-24,Home & Kitchen,7513.48,1,False
O1048,C10512,2025-07-11,Home & Kitchen,1670.97,3,False
O1049,C10512,2025-10-11,Sports,5764.15,3,False
O1050,C10513,2024-06-15,Electronics,8505.33,2,False
O1051,C10514,2024-05-11,Home & Kitchen,3392.83,3,True
O1052,C10515,2024-08-18,Electronics,12679.03,3,False
O1053,C10516,2025-02-24,Electronics,7031.39,2,False
O1054,C10516,2025-03-18,Books,845.44,1,False
O1055,C10517,2024-05-30,Sports,2279.56,3,False
O1056,C10517,2024-11-18,Beauty,2406.44,1,False
O1057,C10518,2024-06-03,Home & Kitchen,1626.77,2,False
O1058,C10519,2024-03-26,Electronics,7665.59,2,True
O1059,C10520,2024-08-23,Books,618.47,2,False
O1060,C10521,2024-06-05,Electronics,35559.38,1,False
O1061,C10521,2024-07-01,Sports,3381.12,1,False
O1062,C10521,2024-07-13,Fashion,2617.82,1,False
O1063,C10522,2025-08-04,Fashion,512.04,3,False
O1064,C10522,2025-08-30,Beauty,573.31,2,False
O1065,C10522,2025-09-11,Home & Kitchen,6930.49,1,False
O1066,C10522,2025-10-08,Fashion,1635.48,2,False
O1067,C10523,2025-09-27,Sports,1907.81,2,False
O1068,C10524,2024-09-21,Books,874.17,1,False
O1069,C10525,2024-02-29,Electronics,9704.42,3,False
O1070,C10525,2024-03-25,Sports,1964.12,3,False
O1071,C10525,2024-06-18,Electronics,11989.44,2,False
O1072,C10525,2024-09-01,Fashion,1086.66,2,False
O1073,C10525,2024-10-01,Sports,1453.55,1,False
O1074,C10525,2024-10-16,Books,669.07,2,False
O1075,C10526,2024-03-03,Books,324.64,1,False
O1076,C10526,2024-05-12,Books,407.24,1,False
O1077,C10526,2024-05-29,Electronics,9609.9,1,False
O1078,C10526,2024-11-02,Beauty,766.74,1,False
O1079,C10527,2024-08-17,Home & Kitchen,3433.49,3,False
O1080,C10527,2024-09-03,Electronics,5577.93,1,False
O1081,C10528,2024-11-21,Fashion,2631.26,3,False
O1082,C10528,2025-01-30,Home & Kitchen,1272.17,3,False
O1083,C10528,2025-02-19,Home & Kitchen,3934.52,3,False
O1084,C10529,2025-01-08,Sports,1787.15,1,False
O1085,C10529,2025-03-04,Electronics,23073.43,2,False
O1086,C10530,2024-08-01,Home & Kitchen,2792.96,1,False
O1087,C10530,2024-11-17,Fashion,1457.24,2,False
O1088,C10530,2024-12-17,Beauty,856.33,1,False
O1089,C10530,2024-12-21,Beauty,791.69,2,False
O1090,C10531,2024-09-05,Beauty,977.82,2,False
O1091,C10532,2024-07-17,Sports,3974.9,3,False
O1092,C10533,2024-12-30,Fashion,5552.62,2,False
O1093,C10533,2025-01-13,Books,318.5,1,False
O1094,C10533,2025-01-17,Home & Kitchen,2704.22,1,False
O1095,C10534,2025-05-06,Books,277.51,3,False
O1096,C10535,2024-02-04,Electronics,8946.48,2,False
O1097,C10535,2024-03-13,Sports,3328.95,2,False
O1098,C10535,2024-05-23,Beauty,1609.81,3,False
O1099,C10536,2024-12-05,Fashion,1539.81,3,False
O1100,C10537,2025-03-31,Electronics,4218.87,1,False
O1101,C10537,2025-05-04,Books,543.46,3,False
O1102,C10538,2025-04-20,Books,502.52,1,False
O1103,C10539,2025-01-30,Fashion,1964.03,3,False
O1104,C10540,2025-01-02,Sports,2444.66,2,False
O1105,C10541,2025-04-22,Beauty,939.74,2,False
O1106,C10541,2025-04-26,Home & Kitchen,4273.74,1,True
O1107,C10542,2024-09-22,Home & Kitchen,4100.07,1,False
O1108,C10542,2024-10-12,Fashion,2253.51,3,False
O1109,C10543,2025-02-01,Sports,6204.76,1,False
O1110,C10543,2025-02-01,Sports,4071.84,2,False
O1111,C10544,2024-08-13,Fashion,2762.5,2,False
O1112,C10545,2024-11-03,Beauty,629.36,1,False
O1113,C10546,2024-03-28,Fashion,2800.46,1,False
O1114,C10547,2024-09-03,Sports,1119.31,3,False
O1115,C10547,2024-12-02,Fashion,7756.91,2,False
O1116,C10547,2025-07-01,Electronics,11510.3,2,False
O1117,C10547,2025-07-01,Sports,2583.0,1,False
O1118,C10548,2024-04-15,Sports,2452.06,3,False
O1119,C10548,2024-04-21,Fashion,932.12,2,False
O1120,C10548,2024-06-10,Beauty,485.17,2,False
O1121,C10549,2024-06-07,Sports,4659.73,2,True
O1122,C10550,2024-10-20,Electronics,8700.47,3,False
O1123,C10550,2024-12-31,Beauty,326.63,1,False
O1124,C10551,2024-12-18,Fashion,1624.06,3,False
O1125,C10552,2025-10-24,Sports,3540.37,2,False
O1126,C10553,2024-01-21,Beauty,878.01,3,False
O1127,C10554,2025-09-24,Fashion,1288.26,1,False
O1128,C10555,2024-08-17,Electronics,3330.69,1,False
O1129,C10556,2025-05-21,Books,559.31,1,False
O1130,C10556,2025-05-24,Home & Kitchen,4505.96,1,False
O1131,C10556,2025-05-30,Fashion,3440.63,2,False
O1132,C10557,2025-04-21,Books,323.44,2,False
O1133,C10557,2025-06-05,Sports,3170.79,3,False
O1134,C10558,2025-11-15,Books,821.78,2,False
O1135,C10559,2024-03-18,Fashion,2580.43,1,False
O1136,C10559,2024-03-31,Sports,2653.08,3,False
O1137,C10560,2025-11-12,Electronics,5379.19,1,False
O1138,C10560,2025-11-26,Sports,4232.41,2,False
O1139,C10561,2024-02-16,Home & Kitchen,3749.5,3,False
O1140,C10562,2025-09-06,Fashion,3506.24,2,False
O1141,C10562,2025-10-11,Home & Kitchen,4125.4,1,False
O1142,C10562,2025-11-28,Home & Kitchen,3900.35,2,False
O1143,C10563,2025-04-05,Sports,2750.34,2,False
O1144,C10564,2024-12-05,Sports,4070.29,2,True
O1145,C10564,2025-01-03,Sports,4625.74,2,False
O1146,C10565,2024-10-05,Sports,4945.6,2,False
O1147,C10565,2025-03-28,Electronics,12434.74,2,False
O1148,C10565,2025-05-25,Books,643.15,2,False
O1149,C10566,2024-03-06,Home & Kitchen,3208.58,3,False
O1150,C10567,2025-07-17,Sports,6611.42,3,False
O1151,C10568,2025-05-24,Fashion,379.99,2,False
O1152,C10569,2025-10-18,Sports,10361.61,2,False
O1153,C10570,2025-05-26,Books,302.73,2,False
O1154,C10571,2025-11-02,Electronics,19283.55,2,False
O1155,C10571,2025-12-04,Books,253.5,1,False
O1156,C10572,2025-09-17,Books,283.17,2,False
O1157,C10573,2024-10-27,Sports,3286.76,3,False
O1158,C10573,2025-03-10,Electronics,3628.11,3,False
O1159,C10574,2025-05-12,Home & Kitchen,1423.93,3,False
O1160,C10575,2024-07-04,Fashion,2623.12,2,False
O1161,C10575,2024-07-11,Fashion,3722.56,1,False
O1162,C10576,2025-07-14,Sports,1565.64,1,True
O1163,C10577,2025-03-18,Fashion,2847.77,1,False
O1164,C10577,2025-03-26,Fashion,2967.35,3,False
O1165,C10578,2024-11-04,Home & Kitchen,3133.33,3,False
O1166,C10578,2025-04-09,Sports,2891.78,1,True
O1167,C10579,2025-03-15,Sports,4024.72,2,False
O1168,C10579,2025-07-08,Electronics,12957.31,2,False
O1169,C10579,2025-07-17,Home & Kitchen,6173.82,3,False
O1170,C10580,2024-07-14,Fashion,1375.2,2,False
O1171,C10580,2024-07-24,Electronics,7310.0,3,False
O1172,C10580,2024-09-02,Electronics,6260.48,1,False
O1173,C10580,2024-09-13,Home & Kitchen,4195.38,2,False
O1174,C10581,2025-03-12,Books,544.83,2,False
O1175,C10581,2025-06-21,Electronics,5574.62,2,False
O1176,C10582,2024-11-30,Beauty,1695.64,1,False
O1177,C10582,2025-01-10,Fashion,4216.01,3,False
O1178,C10583,2024-08-14,Home & Kitchen,3497.48,2,False
O1179,C10583,2024-10-10,Home & Kitchen,6247.64,2,False
O1180,C10584,2025-11-15,Home & Kitchen,735.14,1,False
O1181,C10585,2024-02-18,Electronics,2802.12,3,True
O1182,C10586,2025-06-14,Sports,6022.2,3,False
O1183,C10587,2024-05-27,Books,491.93,2,False
O1184,C10588,2024-06-05,Sports,2288.89,3,False
O1185,C10588,2024-06-18,Home & Kitchen,1894.53,3,False
O1186,C10589,2024-04-18,Home & Kitchen,4640.97,2,False
O1187,C10589,2024-05-04,Electronics,13365.31,3,False
O1188,C10589,2024-05-24,Books,408.02,1,False
O1189,C10589,2024-11-16,Electronics,15472.17,1,False
O1190,C10589,2024-12-31,Home & Kitchen,4816.59,1,False
O1191,C10589,2025-03-27,Electronics,7734.13,1,False
O1192,C10590,2024-03-12,Beauty,715.01,2,False
O1193,C10591,2024-03-27,Fashion,9398.36,1,False
O1194,C10592,2025-08-06,Books,206.47,3,False
O1195,C10592,2025-09-16,Books,183.28,2,False
O1196,C10592,2025-09-16,Electronics,14049.9,2,False
O1197,C10593,2025-10-10,Sports,1320.68,1,False
O1198,C10593,2025-10-27,Home & Kitchen,4656.68,3,False
O1199,C10593,2025-11-29,Fashion,2567.0,3,False
O1200,C10594,2025-02-18,Books,1055.41,1,False
O1201,C10595,2024-01-14,Fashion,844.11,3,False
O1202,C10596,2025-09-01,Electronics,7386.87,1,False
O1203,C10597,2025-03-01,Home & Kitchen,1541.65,2,False
O1204,C10598,2025-01-01,Electronics,11002.91,1,False
O1205,C10599,2025-10-26,Fashion,715.11,3,False
O1206,C10600,2024-10-14,Home & Kitchen,3759.04,2,False
O1207,C10600,2025-07-22,Home & Kitchen,2097.89,3,False
O1208,C10601,2024-09-14,Sports,1604.73,2,False
O1209,C10601,2024-09-24,Sports,5422.78,1,False
O1210,C10601,2024-10-30,Books,544.1,1,False
O1211,C10602,2025-07-02,Fashion,1164.27,3,False
O1212,C10603,2025-01-03,Electronics,15914.54,2,False
O1213,C10603,2025-03-01,Books,1013.13,1,False
O1214,C10604,2025-05-18,Beauty,542.25,3,False
O1215,C10605,2025-05-02,Books,148.85,3,False
O1216,C10605,2025-06-30,Home & Kitchen,2259.04,3,True
O1217,C10606,2025-08-10,Beauty,893.64,3,False
O1218,C10606,2025-10-25,Beauty,988.41,2,False
O1219,C10606,2025-10-27,Books,286.76,3,False
O1220,C10607,2024-08-13,Beauty,533.28,1,False
O1221,C10608,2024-02-20,Home & Kitchen,1213.07,1,False
O1222,C10609,2024-11-30,Beauty,308.33,3,False
O1223,C10610,2025-03-30,Beauty,1171.74,3,False
O1224,C10611,2025-07-25,Electronics,2462.3,3,False
O1225,C10611,2025-07-26,Electronics,7213.76,1,False
O1226,C10612,2024-07-07,Home & Kitchen,5159.18,2,False
O1227,C10612,2024-08-06,Fashion,1694.8,2,False
O1228,C10612,2024-08-08,Books,593.66,2,False
O1229,C10613,2025-06-08,Beauty,1326.81,1,False
O1230,C10613,2025-06-25,Home & Kitchen,6511.21,1,False
O1231,C10614,2025-08-08,Electronics,11610.47,1,False
O1232,C10615,2025-07-20,Beauty,1093.62,1,False
O1233,C10616,2025-07-20,Books,406.54,3,False
O1234,C10616,2025-10-24,Books,308.53,3,False
O1235,C10616,2025-11-10,Sports,1600.46,1,False
O1236,C10617,2025-11-24,Home & Kitchen,7361.61,3,False
O1237,C10618,2025-04-11,Fashion,1779.71,1,False
O1238,C10618,2025-05-08,Sports,2290.24,2,False
O1239,C10618,2025-05-15,Beauty,1062.85,1,False
O1240,C10618,2025-06-14,Books,770.36,1,False
O1241,C10618,2025-06-25,Sports,2331.46,2,False
O1242,C10619,2024-09-17,Electronics,16547.69,3,False
O1243,C10619,2024-09-17,Electronics,6906.69,2,False
O1244,C10619,2025-01-03,Beauty,2134.41,2,False
O1245,C10619,2025-01-30,Electronics,16074.63,1,False
O1246,C10619,2025-02-11,Home & Kitchen,1524.87,3,False
O1247,C10619,2025-06-26,Home & Kitchen,2871.29,2,False
O1248,C10620,2024-11-01,Sports,2815.95,1,False
O1249,C10621,2025-06-08,Sports,1952.05,3,False
O1250,C10622,2024-06-15,Beauty,900.67,3,False
O1251,C10622,2024-08-06,Books,585.78,1,False
O1252,C10622,2024-12-28,Books,2288.66,2,False
O1253,C10622,2025-06-25,Home & Kitchen,1276.93,1,False
O1254,C10623,2025-03-03,Books,581.31,1,False
O1255,C10624,2025-02-04,Home & Kitchen,2392.03,3,True
O1256,C10625,2025-04-14,Fashion,2650.0,3,False
O1257,C10626,2024-10-24,Books,770.9,2,False
O1258,C10626,2024-11-13,Home & Kitchen,3841.32,1,False
O1259,C10627,2025-06-04,Fashion,1134.75,3,False
O1260,C10628,2024-02-23,Fashion,1838.01,1,False
O1261,C10629,2025-06-10,Home & Kitchen,2127.19,1,False
O1262,C10630,2025-07-22,Home & Kitchen,4004.31,2,False
O1263,C10630,2025-07-27,Electronics,6467.05,2,False
O1264,C10631,2025-09-16,Sports,1460.98,3,False
O1265,C10632,2025-10-07,Beauty,859.8,3,False
O1266,C10632,2025-12-06,Electronics,9593.43,3,False
O1267,C10633,2024-09-08,Books,261.34,1,False
O1268,C10633,2024-09-14,Home & Kitchen,4280.27,2,False
O1269,C10633,2024-12-01,Fashion,4594.34,3,False
O1270,C10634,2024-02-02,Beauty,1180.33,3,False
O1271,C10635,2025-04-02,Fashion,2037.86,2,False
O1272,C10636,2024-03-06,Home & Kitchen,1681.16,2,False
O1273,C10636,2024-04-17,Fashion,2254.92,3,False
O1274,C10637,2024-07-19,Sports,1460.1,2,False
O1275,C10637,2024-10-23,Home & Kitchen,1611.71,3,False
O1276,C10637,2024-11-26,Home & Kitchen,917.04,2,False
O1277,C10637,2024-12-06,Beauty,1033.74,1,False
O1278,C10638,2025-05-11,Electronics,30155.79,1,True
O1279,C10638,2025-06-18,Electronics,9624.48,1,False
O1280,C10639,2025-03-01,Fashion,3363.7,1,False
O1281,C10639,2025-03-02,Beauty,778.08,3,False
O1282,C10639,2025-04-03,Home & Kitchen,4215.46,2,False
O1283,C10639,2025-04-23,Electronics,15863.04,3,False
O1284,C10640,2025-03-04,Beauty,248.41,3,False
O1285,C10640,2025-06-08,Sports,890.78,2,False
O1286,C10641,2025-06-11,Beauty,1055.78,2,False
O1287,C10642,2024-05-04,Sports,2234.95,3,False
O1288,C10642,2024-05-08,Sports,5881.28,3,False
O1289,C10642,2024-06-28,Fashion,1248.78,3,False
O1290,C10643,2025-07-08,Electronics,13161.79,2,False
O1291,C10643,2025-10-04,Fashion,4038.97,1,False
O1292,C10644,2025-02-14,Fashion,1959.29,3,False
O1293,C10645,2024-10-27,Sports,1525.78,2,False
O1294,C10645,2024-11-13,Electronics,9160.41,2,False
O1295,C10645,2024-12-17,Home & Kitchen,1237.59,3,False
O1296,C10646,2024-11-20,Home & Kitchen,2457.51,3,False
O1297,C10646,2024-12-30,Beauty,1959.76,3,False
O1298,C10646,2025-01-04,Home & Kitchen,3311.96,1,False
O1299,C10646,2025-03-15,Books,1030.75,3,False
O1300,C10646,2025-04-14,Fashion,864.36,1,False
O1301,C10647,2024-12-27,Home & Kitchen,5238.28,1,False
O1302,C10647,2025-07-01,Fashion,5464.19,3,False
O1303,C10648,2025-01-22,Beauty,804.84,1,False
O1304,C10649,2024-08-21,Fashion,2594.3,3,False
O1305,C10650,2024-06-05,Sports,3573.23,3,False
O1306,C10650,2024-06-10,Home & Kitchen,5393.07,2,False
O1307,C10651,2024-05-02,Beauty,846.01,3,False
O1308,C10651,2024-05-19,Home & Kitchen,5993.75,2,False
O1309,C10652,2024-08-26,Fashion,5882.49,3,False
O1310,C10652,2024-10-25,Electronics,24380.02,2,False
O1311,C10653,2024-07-02,Home & Kitchen,1866.75,1,False
O1312,C10654,2024-12-27,Home & Kitchen,6656.83,3,False
O1313,C10654,2025-01-04,Books,283.9,2,False
O1314,C10655,2025-10-03,Beauty,659.83,2,True
O1315,C10655,2025-11-16,Fashion,2054.11,1,False
O1316,C10656,2024-03-20,Beauty,1039.55,3,False
O1317,C10656,2024-05-17,Books,430.19,1,False
O1318,C10656,2024-06-11,Beauty,379.85,3,False
O1319,C10656,2024-07-04,Home & Kitchen,911.36,3,False
O1320,C10657,2024-08-08,Home & Kitchen,1368.73,3,True
O1321,C10657,2024-08-18,Fashion,2965.59,3,False
O1322,C10657,2024-11-12,Electronics,16162.68,3,False
O1323,C10657,2024-12-07,Electronics,9872.25,1,False
O1324,C10658,2024-02-04,Electronics,8838.38,1,False
O1325,C10659,2025-11-14,Beauty,962.6,3,False
O1326,C10659,2025-12-04,Home & Kitchen,6471.34,3,True
O1327,C10660,2025-05-06,Home & Kitchen,1207.16,2,False
O1328,C10660,2025-06-05,Beauty,473.16,1,False
O1329,C10660,2025-06-23,Fashion,1930.97,1,False
O1330,C10660,2025-07-10,Beauty,332.16,2,False
O1331,C10661,2024-06-20,Fashion,2200.01,2,False
O1332,C10662,2024-10-19,Electronics,26501.67,1,False
O1333,C10662,2024-11-01,Home & Kitchen,4310.87,1,False
O1334,C10662,2025-05-09,Beauty,891.33,3,False
O1335,C10662,2025-06-04,Beauty,2391.48,3,False
O1336,C10662,2025-06-10,Electronics,18237.31,2,False
O1337,C10663,2025-05-23,Books,500.54,2,True
O1338,C10664,2025-11-01,Home & Kitchen,4501.66,2,False
O1339,C10664,2025-11-24,Fashion,7648.9,2,False
O1340,C10665,2025-02-05,Home & Kitchen,2800.66,3,False
O1341,C10665,2025-05-19,Home & Kitchen,1759.99,1,False
O1342,C10665,2025-05-27,Fashion,2043.38,3,False
O1343,C10666,2024-07-11,Home & Kitchen,5907.67,3,False
O1344,C10666,2024-07-27,Fashion,6283.98,1,False
O1345,C10666,2024-12-16,Sports,2647.03,1,False
O1346,C10666,2024-12-19,Home & Kitchen,7091.18,2,False
O1347,C10667,2025-05-02,Home & Kitchen,3641.78,3,False
O1348,C10667,2025-06-14,Electronics,19396.06,3,False
O1349,C10667,2025-09-17,Electronics,11662.13,2,False
O1350,C10668,2025-04-25,Home & Kitchen,2175.99,2,False
O1351,C10668,2025-05-27,Fashion,2600.64,2,False
O1352,C10668,2025-08-28,Sports,1496.54,2,False
O1353,C10668,2025-11-20,Sports,3092.32,3,False
O1354,C10669,2025-03-26,Electronics,12494.97,2,False
O1355,C10669,2025-04-16,Fashion,2303.95,1,False
O1356,C10670,2024-02-05,Electronics,7176.82,2,False
O1357,C10670,2024-04-12,Books,224.66,3,False
O1358,C10670,2024-04-22,Electronics,7069.03,3,False
O1359,C10670,2024-05-30,Electronics,7744.08,1,False
O1360,C10671,2025-05-09,Beauty,1871.57,2,True
O1361,C10672,2024-01-15,Beauty,1018.57,3,False
O1362,C10672,2024-02-08,Sports,2244.2,2,False
O1363,C10672,2024-02-12,Home & Kitchen,3130.02,1,False
O1364,C10673,2025-09-28,Fashion,1463.61,2,False
O1365,C10673,2025-10-14,Beauty,587.81,2,False
O1366,C10673,2025-11-11,Fashion,1998.65,3,False
O1367,C10674,2025-09-10,Fashion,3417.67,3,False
O1368,C10674,2025-09-26,Fashion,3077.8,2,False
O1369,C10674,2025-09-28,Sports,1827.39,3,False
O1370,C10675,2025-01-29,Electronics,6666.82,2,False
O1371,C10676,2025-03-28,Sports,5514.04,1,False
O1372,C10676,2025-05-13,Books,568.27,1,True
O1373,C10677,2024-02-20,Electronics,12663.37,2,False
O1374,C10677,2024-07-24,Home & Kitchen,5933.91,1,False
O1375,C10677,2024-07-30,Electronics,13869.51,1,False
O1376,C10678,2025-09-06,Home & Kitchen,2339.56,3,False
O1377,C10678,2025-09-14,Electronics,13487.67,1,False
O1378,C10679,2024-07-12,Beauty,1069.82,1,True
O1379,C10680,2024-07-02,Electronics,9728.66,1,False
O1380,C10681,2025-05-11,Home & Kitchen,1641.05,2,True
O1381,C10681,2025-06-13,Home & Kitchen,3153.07,1,False
O1382,C10682,2025-10-27,Electronics,12503.54,2,False
O1383,C10683,2024-12-13,Fashion,1596.53,3,False
O1384,C10683,2025-01-15,Electronics,6473.31,3,False
O1385,C10683,2025-03-29,Fashion,2203.56,3,False
O1386,C10683,2025-05-26,Sports,1396.05,2,False
O1387,C10683,2025-06-19,Beauty,1226.91,3,False
O1388,C10684,2024-12-21,Electronics,52632.03,1,False
O1389,C10684,2025-02-16,Fashion,1385.54,3,False
O1390,C10684,2025-06-02,Home & Kitchen,7307.12,2,False
O1391,C10685,2025-01-20,Beauty,1003.45,3,False
O1392,C10685,2025-02-11,Electronics,6659.97,1,False
O1393,C10686,2024-07-26,Beauty,1483.82,2,False
O1394,C10686,2024-08-18,Electronics,20156.61,2,False
O1395,C10686,2024-09-14,Books,436.09,2,False
O1396,C10686,2024-10-03,Home & Kitchen,4394.75,2,False
O1397,C10686,2024-11-04,Sports,4349.47,1,False
O1398,C10687,2025-02-26,Home & Kitchen,3041.15,2,False
O1399,C10687,2025-03-10,Sports,3168.97,2,False
O1400,C10688,2025-11-06,Home & Kitchen,2945.0,3,False
O1401,C10688,2025-12-23,Sports,1992.66,3,False
O1402,C10689,2024-10-02,Home & Kitchen,2502.42,1,False
O1403,C10689,2024-10-17,Beauty,1325.45,3,False
O1404,C10689,2024-12-24,Electronics,13560.42,2,False
O1405,C10690,2025-06-25,Home & Kitchen,3120.4,1,False
O1406,C10691,2025-06-26,Electronics,12197.69,3,False
O1407,C10691,2025-09-05,Home & Kitchen,1805.46,3,False
O1408,C10691,2025-12-18,Home & Kitchen,5723.87,2,False
O1409,C10692,2025-08-29,Beauty,396.17,1,False
O1410,C10693,2025-05-23,Beauty,705.29,2,False
O1411,C10693,2025-06-19,Fashion,2154.99,1,False
O1412,C10693,2025-06-29,Electronics,12193.75,3,False
O1413,C10693,2025-08-08,Electronics,18383.44,2,False
O1414,C10693,2025-09-02,Fashion,1503.41,1,False
O1415,C10693,2025-10-05,Home & Kitchen,5090.95,2,True
O1416,C10693,2025-11-09,Electronics,12271.68,3,False
O1417,C10693,2025-11-11,Electronics,24294.96,3,False
O1418,C10694,2025-10-08,Sports,4238.83,1,False
O1419,C10694,2025-11-01,Electronics,8045.49,2,False
O1420,C10694,2025-12-18,Home & Kitchen,5636.91,2,False
O1421,C10695,2025-05-19,Beauty,933.31,3,False
O1422,C10695,2025-05-29,Fashion,2242.67,1,False
O1423,C10696,2025-11-17,Electronics,2858.92,3,False
O1424,C10697,2025-05-23,Home & Kitchen,1948.86,1,False
O1425,C10698,2025-08-12,Electronics,14673.74,2,False
O1426,C10699,2025-09-19,Sports,1839.93,2,False
O1427,C10699,2025-10-29,Books,1049.51,3,False
O1428,C10700,2025-11-22,Books,454.18,3,False
O1429,C10701,2025-02-22,Fashion,2649.25,3,False
O1430,C10701,2025-02-25,Home & Kitchen,1733.97,2,False
O1431,C10702,2025-05-15,Fashion,1010.62,2,False
O1432,C10702,2025-07-07,Books,1394.54,3,False
O1433,C10702,2025-08-09,Home & Kitchen,1059.21,2,False
O1434,C10702,2025-09-09,Sports,2623.82,2,False
O1435,C10703,2025-11-09,Electronics,20056.4,2,False
O1436,C10703,2025-12-23,Fashion,1961.89,1,False
O1437,C10704,2024-09-25,Beauty,1637.72,2,False
O1438,C10705,2024-04-01,Books,417.39,3,False
O1439,C10706,2025-09-10,Fashion,2711.22,3,False
O1440,C10706,2025-09-28,Beauty,1445.97,3,False
O1441,C10707,2025-03-23,Beauty,808.66,1,False
O1442,C10707,2025-04-01,Home & Kitchen,1847.97,3,False
O1443,C10708,2024-10-28,Beauty,3501.32,1,False
O1444,C10709,2025-05-21,Beauty,820.19,2,False
O1445,C10709,2025-06-13,Fashion,3738.29,2,False
O1446,C10710,2024-01-28,Fashion,3283.8,3,False
O1447,C10711,2024-11-30,Fashion,3236.21,1,False
O1448,C10711,2024-12-03,Electronics,38918.32,2,False
O1449,C10711,2024-12-11,Beauty,1874.84,2,False
O1450,C10712,2024-07-04,Fashion,953.55,1,False
O1451,C10712,2024-07-16,Beauty,1391.01,2,False
O1452,C10713,2024-07-21,Beauty,1149.98,2,False
O1453,C10713,2024-11-04,Electronics,6009.65,2,True
O1454,C10713,2024-12-27,Electronics,12914.34,3,False
O1455,C10713,2025-01-19,Fashion,2794.93,3,False
O1456,C10713,2025-02-09,Beauty,1439.85,1,False
O1457,C10714,2025-11-10,Sports,3561.86,1,False
O1458,C10715,2025-01-23,Home & Kitchen,1113.39,3,False
O1459,C10715,2025-01-31,Home & Kitchen,1031.55,2,False
O1460,C10716,2024-04-11,Fashion,2825.18,1,False
O1461,C10717,2024-09-14,Electronics,6014.61,2,False
O1462,C10718,2024-06-18,Home & Kitchen,3756.24,2,False
O1463,C10718,2024-07-21,Home & Kitchen,1918.96,3,False
O1464,C10719,2025-09-29,Beauty,2134.07,3,False
O1465,C10720,2024-07-26,Sports,2505.62,2,False
O1466,C10720,2024-08-12,Beauty,1500.57,1,False
O1467,C10721,2024-09-08,Electronics,14402.15,3,True
O1468,C10721,2024-09-09,Sports,1958.17,3,True
O1469,C10722,2024-08-22,Home & Kitchen,1705.91,1,False
O1470,C10722,2024-09-01,Sports,3263.76,2,False
O1471,C10723,2024-05-11,Home & Kitchen,4564.24,3,True
O1472,C10724,2025-07-03,Books,322.03,1,False
O1473,C10724,2025-07-27,Beauty,1534.42,1,False
O1474,C10725,2025-02-14,Beauty,1695.39,1,False
O1475,C10725,2025-07-11,Electronics,22747.96,2,False
O1476,C10725,2025-07-28,Fashion,1507.2,1,True
O1477,C10726,2024-11-08,Beauty,994.82,1,False
O1478,C10726,2024-12-16,Beauty,3618.58,1,False
O1479,C10727,2024-10-07,Home & Kitchen,2753.4,1,False
O1480,C10728,2025-04-13,Books,537.84,3,False
O1481,C10729,2024-03-14,Electronics,21373.52,2,False
O1482,C10730,2025-10-18,Electronics,7230.34,3,False
O1483,C10730,2025-10-24,Books,600.06,3,False
O1484,C10731,2025-02-02,Fashion,1798.06,1,False
O1485,C10731,2025-02-20,Home & Kitchen,2617.7,2,False
O1486,C10732,2024-06-09,Sports,1381.08,2,False
O1487,C10732,2024-06-28,Books,540.61,1,False
O1488,C10732,2024-08-29,Beauty,638.21,1,True
O1489,C10733,2025-01-13,Sports,3987.94,1,False
O1490,C10733,2025-03-22,Sports,996.39,3,False
O1491,C10734,2025-08-24,Electronics,7001.34,3,False
O1492,C10734,2025-11-08,Home & Kitchen,4358.25,2,False
O1493,C10734,2025-12-25,Electronics,7787.51,2,False
O1494,C10735,2024-05-01,Fashion,1051.22,2,False
O1495,C10736,2025-01-07,Sports,3369.56,1,False
O1496,C10737,2025-02-28,Sports,2451.69,2,False
O1497,C10738,2025-07-22,Sports,2474.43,3,False
O1498,C10739,2025-02-02,Beauty,1807.85,3,False
O1499,C10740,2025-06-07,Fashion,1933.24,2,False
O1500,C10741,2025-06-26,Beauty,1115.0,1,False
O1501,C10742,2025-09-20,Electronics,8527.57,1,False
O1502,C10742,2025-09-29,Electronics,7582.42,2,False
O1503,C10743,2024-09-12,Fashion,1204.38,3,True
O1504,C10743,2024-09-22,Electronics,14706.9,3,False
O1505,C10744,2025-05-07,Home & Kitchen,2600.07,3,False
O1506,C10745,2024-06-24,Fashion,1971.23,2,False
O1507,C10746,2025-08-14,Home & Kitchen,5505.34,2,False
O1508,C10746,2025-09-09,Fashion,1768.44,3,False
O1509,C10746,2025-09-13,Books,657.83,2,False
O1510,C10747,2025-10-30,Home & Kitchen,4765.11,2,False
O1511,C10747,2025-11-05,Electronics,13764.32,1,False
O1512,C10748,2024-07-25,Beauty,822.77,3,False
O1513,C10748,2024-08-03,Electronics,6385.38,2,False
O1514,C10749,2025-01-30,Fashion,4607.58,2,False
O1515,C10749,2025-02-21,Books,501.5,3,False
O1516,C10750,2025-07-31,Home & Kitchen,2685.55,2,False
O1517,C10750,2025-09-26,Home & Kitchen,4846.45,1,False
O1518,C10751,2024-01-25,Beauty,518.06,2,False
O1519,C10751,2024-05-15,Sports,4286.82,3,False
O1520,C10752,2025-05-08,Beauty,1317.4,3,False
O1521,C10753,2025-07-29,Electronics,6492.89,2,False
O1522,C10753,2025-07-30,Home & Kitchen,1925.91,1,False
O1523,C10753,2025-09-10,Beauty,752.62,1,False
O1524,C10754,2025-09-03,Fashion,3312.35,2,False
O1525,C10755,2024-05-17,Electronics,34055.09,1,False
O1526,C10755,2024-07-02,Beauty,571.43,2,False
O1527,C10756,2025-06-14,Electronics,9550.83,3,False
O1528,C10756,2025-07-01,Sports,3505.02,3,False
O1529,C10756,2025-11-01,Books,859.31,1,False
O1530,C10757,2025-07-08,Home & Kitchen,2422.25,2,False
O1531,C10758,2024-01-02,Sports,3651.1,2,False
O1532,C10758,2024-01-08,Home & Kitchen,2121.78,2,False
O1533,C10759,2025-05-11,Books,310.09,3,False
O1534,C10760,2025-03-14,Beauty,930.99,1,True
O1535,C10760,2025-05-12,Home & Kitchen,2307.0,1,False
O1536,C10760,2025-06-10,Beauty,2524.6,2,False
O1537,C10760,2025-06-23,Sports,3351.82,3,False
O1538,C10761,2025-11-09,Electronics,7373.06,1,False
O1539,C10762,2024-01-31,Home & Kitchen,1467.82,3,False
O1540,C10762,2024-03-07,Fashion,2332.63,3,False
O1541,C10763,2025-11-06,Home & Kitchen,1647.75,3,False
O1542,C10764,2025-02-08,Electronics,6886.03,2,False
O1543,C10764,2025-04-08,Electronics,7761.62,3,False
O1544,C10764,2025-04-12,Electronics,8413.77,3,False
O1545,C10764,2025-05-01,Home & Kitchen,2816.1,3,False
O1546,C10765,2024-07-11,Electronics,4785.22,3,False
O1547,C10766,2024-09-30,Fashion,1915.99,1,False
O1548,C10766,2024-12-06,Electronics,12149.92,2,False
O1549,C10766,2025-01-05,Books,643.0,1,False
O1550,C10766,2025-02-04,Home & Kitchen,3451.47,2,False
O1551,C10766,2025-05-17,Fashion,372.27,3,False
O1552,C10767,2025-06-22,Electronics,16041.91,2,False
O1553,C10767,2025-08-04,Fashion,907.71,1,False
O1554,C10768,2025-11-30,Sports,2650.72,2,False
O1555,C10768,2025-12-19,Sports,1589.48,3,False
O1556,C10768,2025-12-31,Electronics,15981.04,3,False
O1557,C10769,2024-08-13,Electronics,11705.18,2,False
O1558,C10770,2025-11-20,Beauty,1864.5,3,False
O1559,C10771,2025-03-17,Sports,4504.51,2,True
O1560,C10771,2025-03-18,Books,552.53,3,False
O1561,C10771,2025-04-22,Beauty,1423.1,2,False
O1562,C10771,2025-06-11,Home & Kitchen,2823.89,3,False
O1563,C10772,2024-05-19,Electronics,27953.13,3,False
O1564,C10772,2024-06-08,Beauty,278.25,2,False
O1565,C10773,2025-02-24,Home & Kitchen,2516.15,3,False
O1566,C10774,2025-07-15,Books,326.89,1,False
O1567,C10775,2024-02-09,Sports,3406.54,2,False
O1568,C10776,2024-02-27,Electronics,12367.55,1,False
O1569,C10776,2024-03-01,Electronics,10781.98,3,False
O1570,C10776,2024-03-16,Electronics,9950.32,1,False
O1571,C10776,2024-06-02,Electronics,8706.51,2,False
O1572,C10777,2024-01-04,Electronics,10255.51,3,False
O1573,C10778,2025-02-09,Sports,3375.19,3,False
O1574,C10779,2024-02-10,Fashion,2631.89,1,False
O1575,C10779,2024-02-16,Sports,3984.62,3,False
O1576,C10779,2024-03-20,Fashion,1700.65,2,True
O1577,C10779,2024-04-02,Fashion,2513.48,2,False
O1578,C10780,2025-10-16,Fashion,7196.63,3,False
O1579,C10781,2024-03-31,Home & Kitchen,2622.72,3,True
O1580,C10781,2024-04-18,Fashion,1478.49,2,False
O1581,C10782,2024-02-24,Home & Kitchen,11830.05,3,True
O1582,C10783,2024-06-29,Fashion,1369.34,2,True
O1583,C10784,2025-06-19,Beauty,476.51,2,False
O1584,C10785,2025-09-28,Electronics,11592.58,3,False
O1585,C10786,2024-06-24,Books,710.96,2,False
O1586,C10786,2024-12-05,Electronics,9001.83,1,False
O1587,C10787,2025-01-10,Home & Kitchen,3320.22,1,False
O1588,C10787,2025-01-17,Beauty,1082.42,2,False
O1589,C10788,2025-07-01,Electronics,10076.53,3,False
O1590,C10789,2025-07-25,Electronics,5939.34,2,False
O1591,C10790,2024-04-19,Sports,1822.43,1,False
O1592,C10790,2024-05-14,Beauty,1526.06,1,False
O1593,C10790,2024-05-26,Fashion,873.6,2,False
O1594,C10790,2024-06-06,Sports,2947.07,2,True
O1595,C10791,2025-08-09,Home & Kitchen,7527.85,3,True
O1596,C10791,2025-09-16,Beauty,1631.39,1,False
O1597,C10792,2025-09-03,Home & Kitchen,5222.47,1,False
O1598,C10792,2025-11-02,Electronics,13035.53,2,False
O1599,C10792,2025-12-31,Sports,2243.84,2,False
O1600,C10793,2025-05-30,Home & Kitchen,2119.18,3,False
O1601,C10794,2025-01-11,Sports,1874.22,1,False
O1602,C10794,2025-02-10,Electronics,9430.02,2,False
O1603,C10795,2024-10-01,Sports,4976.03,1,False
O1604,C10795,2024-12-05,Sports,1141.79,3,True
O1605,C10796,2025-09-14,Electronics,6908.43,1,False
O1606,C10797,2025-08-31,Beauty,878.23,3,False
O1607,C10798,2024-12-30,Electronics,4683.83,1,False
O1608,C10799,2025-06-04,Electronics,9570.39,3,False
O1609,C10800,2024-10-06,Beauty,574.32,2,True
O1610,C10800,2024-11-24,Sports,2111.74,1,False
O1611,C10801,2025-06-04,Sports,2053.04,2,False
O1612,C10802,2024-03-03,Beauty,1504.87,3,False
O1613,C10802,2024-04-11,Sports,1159.58,1,False
O1614,C10802,2024-04-30,Electronics,11761.01,1,False
O1615,C10802,2024-07-22,Home & Kitchen,5365.09,1,False
O1616,C10802,2024-09-09,Books,344.2,1,False
O1617,C10803,2025-09-25,Electronics,7104.49,1,False
O1618,C10804,2025-01-08,Sports,5011.66,2,False
O1619,C10804,2025-01-30,Fashion,1328.33,3,False
O1620,C10805,2025-02-23,Sports,719.05,1,False
O1621,C10805,2025-03-08,Beauty,727.57,1,False
O1622,C10806,2024-05-13,Sports,1458.67,2,False
O1623,C10807,2025-01-06,Electronics,6267.36,3,True
O1624,C10808,2024-01-03,Electronics,14274.43,3,False
O1625,C10809,2025-09-21,Fashion,1448.1,1,False
O1626,C10809,2025-12-11,Fashion,2609.2,1,False
O1627,C10810,2025-06-10,Home & Kitchen,2351.85,1,False
O1628,C10810,2025-06-23,Electronics,4664.47,1,False
O1629,C10810,2025-06-29,Sports,5267.9,2,False
O1630,C10811,2024-11-18,Fashion,1675.7,1,False
O1631,C10812,2025-08-09,Books,869.81,2,False
O1632,C10813,2025-07-22,Electronics,8768.56,1,False
O1633,C10814,2024-03-25,Fashion,1015.75,3,True
O1634,C10814,2024-03-27,Beauty,944.37,3,False
O1635,C10814,2024-06-27,Sports,1479.4,2,False
O1636,C10815,2024-02-09,Beauty,1783.85,2,False
O1637,C10816,2024-07-02,Beauty,712.51,1,False
O1638,C10816,2024-07-06,Home & Kitchen,4235.93,2,False
O1639,C10817,2024-01-04,Fashion,1340.13,3,False
O1640,C10817,2024-01-18,Books,336.16,1,False
O1641,C10818,2025-02-14,Fashion,2472.96,2,False
O1642,C10818,2025-02-14,Sports,2998.18,3,False
O1643,C10819,2025-01-05,Home & Kitchen,5183.63,1,False
O1644,C10819,2025-02-17,Fashion,5437.76,3,False
O1645,C10819,2025-04-25,Beauty,1676.83,2,False
O1646,C10819,2025-05-18,Home & Kitchen,1322.69,3,False
O1647,C10819,2025-06-01,Beauty,1825.01,2,False
O1648,C10819,2025-06-09,Fashion,2350.2,1,False
O1649,C10820,2025-01-11,Sports,1038.6,1,False
O1650,C10820,2025-01-12,Sports,1920.53,2,False
O1651,C10821,2024-02-28,Fashion,2779.51,1,False
O1652,C10821,2024-07-23,Fashion,1389.61,1,False
O1653,C10822,2025-10-07,Books,900.03,1,False
O1654,C10822,2025-11-05,Beauty,1458.21,1,False
O1655,C10823,2025-11-20,Books,962.58,3,False
O1656,C10823,2025-12-31,Home & Kitchen,7086.9,1,False
O1657,C10824,2025-02-18,Books,1544.0,1,False
O1658,C10825,2024-01-07,Fashion,1324.77,2,False
O1659,C10826,2024-10-04,Books,1358.04,1,False
O1660,C10826,2024-11-03,Beauty,2021.14,3,False
O1661,C10827,2025-05-17,Sports,8753.93,2,False
O1662,C10827,2025-05-31,Sports,1591.21,3,False
O1663,C10827,2025-06-07,Home & Kitchen,3299.92,2,False
O1664,C10827,2025-09-27,Books,239.15,1,False
O1665,C10827,2025-11-16,Beauty,2022.79,2,False
O1666,C10828,2025-06-17,Books,481.23,1,False
O1667,C10828,2025-09-29,Fashion,2521.56,1,False
O1668,C10829,2024-06-20,Sports,4506.14,2,False
O1669,C10830,2025-08-04,Beauty,876.92,1,False
O1670,C10830,2025-11-03,Beauty,632.28,2,False
O1671,C10830,2025-11-05,Books,370.92,2,False
O1672,C10831,2025-11-09,Electronics,7996.27,1,False
O1673,C10831,2025-11-15,Home & Kitchen,5001.89,2,False
O1674,C10831,2025-11-19,Beauty,385.52,3,False
O1675,C10832,2024-12-24,Home & Kitchen,1177.56,3,False
O1676,C10832,2025-03-03,Beauty,1598.68,3,False
O1677,C10833,2024-09-27,Fashion,6053.36,1,False
O1678,C10834,2025-01-12,Home & Kitchen,6479.95,3,False
O1679,C10834,2025-01-27,Beauty,844.37,3,False
O1680,C10835,2024-01-24,Sports,5080.89,2,True
O1681,C10836,2025-01-02,Fashion,2601.3,3,False
O1682,C10836,2025-01-19,Electronics,9532.1,2,False
O1683,C10836,2025-05-22,Sports,2300.97,3,False
O1684,C10836,2025-07-14,Beauty,619.84,2,False
O1685,C10836,2025-08-05,Beauty,707.57,1,True
O1686,C10836,2025-11-14,Electronics,6980.28,3,False
O1687,C10836,2025-12-14,Home & Kitchen,1814.12,2,False
O1688,C10837,2024-01-23,Home & Kitchen,5544.8,3,False
O1689,C10837,2024-07-18,Fashion,1089.14,2,False
O1690,C10837,2024-09-28,Fashion,3070.38,3,False
O1691,C10837,2024-11-10,Fashion,3945.25,3,False
O1692,C10838,2024-01-25,Beauty,569.02,1,False
O1693,C10838,2024-01-30,Books,219.51,3,False
O1694,C10838,2024-03-03,Beauty,842.35,3,False
O1695,C10838,2024-04-19,Home & Kitchen,2099.72,3,False
O1696,C10838,2024-04-30,Books,190.31,2,False
O1697,C10839,2025-01-24,Fashion,1267.43,3,False
O1698,C10840,2024-12-31,Home & Kitchen,2199.97,2,False
O1699,C10841,2025-11-23,Sports,3970.38,3,False
O1700,C10842,2024-12-23,Electronics,12929.98,1,False
O1701,C10843,2025-11-18,Home & Kitchen,1519.1,3,False
O1702,C10844,2025-07-18,Electronics,12763.24,1,False
O1703,C10845,2024-08-26,Sports,1472.86,2,False
O1704,C10845,2024-10-26,Sports,11509.35,1,False
O1705,C10846,2025-10-11,Books,743.41,2,False
O1706,C10846,2025-10-31,Books,468.6,2,False
O1707,C10847,2024-12-05,Beauty,542.33,2,False
O1708,C10848,2025-02-21,Books,597.03,1,False
O1709,C10848,2025-04-03,Electronics,9794.25,2,False
O1710,C10849,2024-03-13,Sports,2110.49,1,False
O1711,C10850,2024-05-30,Sports,1254.41,3,False
O1712,C10850,2024-10-13,Home & Kitchen,2017.12,1,False
O1713,C10851,2025-01-02,Electronics,10641.03,3,False
O1714,C10852,2024-07-10,Home & Kitchen,2341.71,1,False
O1715,C10853,2025-02-23,Fashion,2170.23,1,False
O1716,C10853,2025-02-23,Books,593.0,3,False
O1717,C10854,2024-03-01,Electronics,6129.69,3,True
O1718,C10854,2024-03-18,Fashion,1030.39,1,False
O1719,C10854,2024-04-27,Sports,767.39,2,False
O1720,C10854,2024-07-18,Electronics,11848.04,2,False
O1721,C10855,2024-06-28,Books,214.47,1,True
O1722,C10855,2024-08-31,Sports,1977.73,3,False
O1723,C10855,2024-11-04,Fashion,3790.84,1,False
O1724,C10856,2025-04-12,Electronics,13895.93,1,True
O1725,C10856,2025-05-29,Beauty,1391.33,1,False
O1726,C10857,2025-03-05,Fashion,1486.39,3,False
O1727,C10857,2025-03-14,Fashion,4316.65,1,False
O1728,C10858,2025-11-20,Beauty,2048.3,2,False
O1729,C10859,2025-09-22,Sports,5768.84,3,False
O1730,C10860,2025-07-25,Beauty,975.83,3,False
O1731,C10861,2024-01-08,Beauty,567.56,1,False
O1732,C10861,2024-04-08,Beauty,868.13,1,False
O1733,C10861,2024-09-07,Electronics,10345.09,3,False
O1734,C10861,2024-10-16,Electronics,16793.22,1,False
O1735,C10862,2025-02-26,Electronics,13249.54,3,False
O1736,C10862,2025-03-19,Sports,3665.0,2,False
O1737,C10863,2024-06-10,Beauty,1414.01,1,True
O1738,C10864,2024-07-05,Electronics,6790.79,2,False
O1739,C10865,2024-05-26,Books,413.78,3,False
O1740,C10865,2024-06-12,Electronics,4970.84,1,False
O1741,C10866,2024-11-15,Home & Kitchen,4580.4,3,False
O1742,C10866,2024-12-27,Sports,1451.54,1,False
O1743,C10866,2025-01-01,Books,1130.4,1,True
O1744,C10867,2024-03-31,Home & Kitchen,4154.89,1,False
O1745,C10867,2024-06-11,Books,504.05,2,False
O1746,C10867,2024-06-17,Home & Kitchen,3375.11,1,False
O1747,C10867,2024-06-19,Electronics,6272.26,3,False
O1748,C10868,2025-01-07,Fashion,1549.59,2,False
O1749,C10868,2025-04-18,Beauty,721.26,1,False
O1750,C10868,2025-05-19,Beauty,1682.63,2,False
O1751,C10869,2024-04-26,Home & Kitchen,3198.5,2,False
O1752,C10869,2024-04-27,Home & Kitchen,5110.74,3,False
O1753,C10869,2024-05-30,Home & Kitchen,2200.57,3,False
O1754,C10870,2024-12-21,Beauty,590.76,1,False
O1755,C10870,2024-12-24,Electronics,19801.1,2,False
O1756,C10871,2025-03-18,Electronics,4781.71,3,False
O1757,C10871,2025-04-01,Sports,1861.45,1,False
O1758,C10872,2024-05-07,Fashion,1799.58,1,False
O1759,C10872,2024-06-16,Fashion,1869.73,2,False
O1760,C10873,2024-03-12,Fashion,5359.26,2,False
O1761,C10874,2025-07-22,Books,1262.49,2,False
O1762,C10875,2025-06-05,Sports,2367.51,3,False
O1763,C10875,2025-06-07,Beauty,226.25,2,False
O1764,C10875,2025-06-08,Home & Kitchen,3748.18,2,False
O1765,C10875,2025-06-20,Fashion,1767.18,3,False
O1766,C10875,2025-07-21,Home & Kitchen,2063.51,1,False
O1767,C10876,2024-07-02,Fashion,1497.18,3,False
O1768,C10876,2024-07-09,Beauty,1385.8,3,False
O1769,C10876,2024-08-02,Electronics,22529.68,1,False
O1770,C10877,2025-09-12,Home & Kitchen,1947.81,1,True
O1771,C10877,2025-09-15,Home & Kitchen,4852.7,1,False
O1772,C10877,2025-12-04,Electronics,19875.35,2,False
O1773,C10878,2024-06-04,Beauty,1037.35,2,False
O1774,C10879,2025-10-10,Sports,3106.05,2,False
O1775,C10880,2024-03-24,Fashion,1299.97,1,False
O1776,C10880,2024-07-17,Beauty,619.14,2,False
O1777,C10881,2025-04-07,Electronics,8265.5,1,False
O1778,C10881,2025-04-16,Electronics,11321.73,3,True
O1779,C10881,2025-05-10,Books,356.89,3,False
O1780,C10882,2024-01-15,Books,913.55,3,False
O1781,C10883,2024-05-20,Sports,2881.94,3,False
O1782,C10884,2024-10-19,Fashion,2899.15,3,False
O1783,C10884,2025-01-15,Home & Kitchen,2119.08,1,False
O1784,C10884,2025-02-22,Electronics,7632.91,1,False
O1785,C10884,2025-04-21,Fashion,1258.81,3,False
O1786,C10885,2024-03-02,Electronics,31965.76,2,False
O1787,C10886,2024-11-20,Electronics,13234.72,3,True
O1788,C10887,2024-06-17,Sports,2031.89,2,False
O1789,C10887,2024-07-30,Electronics,7798.01,3,False
O1790,C10888,2024-03-19,Fashion,1257.94,2,False
O1791,C10888,2024-03-20,Home & Kitchen,2538.99,3,False
O1792,C10889,2025-11-05,Electronics,26286.82,3,False
O1793,C10889,2025-11-15,Electronics,9129.0,1,False
O1794,C10889,2025-12-03,Electronics,10931.13,1,False
O1795,C10890,2025-11-20,Fashion,3160.99,3,False
O1796,C10891,2025-11-13,Fashion,2074.72,2,False
O1797,C10891,2025-12-28,Beauty,787.33,1,False
O1798,C10892,2024-04-17,Home & Kitchen,10359.74,1,False
O1799,C10892,2024-05-07,Books,515.74,1,False
O1800,C10892,2024-08-14,Electronics,12180.55,2,False
O1801,C10893,2024-09-28,Books,403.0,2,False
O1802,C10894,2024-08-19,Beauty,1008.18,1,False
O1803,C10895,2024-08-21,Beauty,1785.53,2,False
O1804,C10895,2024-09-06,Fashion,2314.37,3,False
O1805,C10895,2024-10-26,Sports,4805.8,3,True
O1806,C10895,2024-11-06,Fashion,1354.07,1,False
O1807,C10895,2024-12-22,Fashion,2677.24,2,False
O1808,C10895,2025-02-11,Home & Kitchen,1198.82,3,False
O1809,C10895,2025-03-25,Beauty,1199.37,3,False
O1810,C10896,2024-10-19,Beauty,914.77,2,False
O1811,C10896,2024-10-20,Home & Kitchen,2840.56,2,False
O1812,C10897,2024-12-26,Beauty,947.58,3,False
O1813,C10898,2024-12-09,Beauty,1222.83,1,False
O1814,C10898,2024-12-13,Fashion,4186.04,2,False
O1815,C10899,2024-07-23,Fashion,2213.68,1,False
O1816,C10899,2024-08-12,Electronics,11063.54,1,False
O1817,C10899,2024-12-17,Sports,2867.94,1,False
O1818,C10899,2024-12-29,Fashion,2487.18,1,False
O1819,C10900,2025-11-17,Electronics,10956.82,1,False
O1820,C10901,2025-11-18,Sports,1517.34,2,False
O1821,C10902,2024-08-19,Beauty,837.35,1,False
O1822,C10902,2024-10-16,Beauty,2214.93,1,False
O1823,C10902,2024-12-08,Home & Kitchen,3270.27,1,False
O1824,C10902,2025-02-19,Fashion,2362.71,3,False
O1825,C10902,2025-03-17,Electronics,18729.37,1,False
O1826,C10903,2024-06-06,Fashion,3055.94,2,False
O1827,C10903,2024-06-13,Electronics,5111.12,1,False
O1828,C10904,2025-01-18,Beauty,399.11,2,False
O1829,C10904,2025-01-27,Beauty,1612.24,3,False
O1830,C10905,2024-09-16,Fashion,1908.13,1,False
O1831,C10906,2025-11-22,Home & Kitchen,3742.78,2,False
O1832,C10907,2024-10-28,Home & Kitchen,3988.21,2,False
O1833,C10907,2025-07-02,Sports,2031.6,2,False
O1834,C10908,2024-01-29,Books,498.63,1,False
O1835,C10909,2024-03-30,Sports,2776.03,2,False
O1836,C10910,2024-02-22,Fashion,880.23,1,False
O1837,C10910,2024-03-06,Electronics,4563.84,3,False
O1838,C10910,2024-04-13,Home & Kitchen,3512.93,1,False
O1839,C10911,2024-09-26,Books,902.4,3,False
O1840,C10911,2025-01-06,Fashion,10499.02,2,False
O1841,C10911,2025-05-18,Home & Kitchen,6174.88,3,False
O1842,C10911,2025-07-20,Electronics,4477.15,2,False
O1843,C10912,2024-08-14,Books,559.82,3,False
O1844,C10913,2025-08-29,Sports,4747.13,1,False
O1845,C10913,2025-09-15,Sports,1298.58,1,False
O1846,C10914,2025-09-15,Fashion,1770.91,1,False
O1847,C10914,2025-09-18,Home & Kitchen,2325.59,2,False
O1848,C10915,2024-04-09,Beauty,1512.06,2,False
O1849,C10915,2024-04-21,Home & Kitchen,4514.41,2,False
O1850,C10916,2025-10-24,Home & Kitchen,7247.4,2,True
O1851,C10917,2025-02-13,Sports,2909.74,3,False
O1852,C10917,2025-09-09,Beauty,1336.78,1,False
O1853,C10918,2024-08-06,Home & Kitchen,8311.33,2,False
O1854,C10918,2024-08-12,Beauty,922.16,2,True
O1855,C10919,2024-10-11,Fashion,5993.33,1,False
O1856,C10920,2024-11-04,Books,461.51,3,False
O1857,C10920,2024-12-23,Electronics,6290.67,1,False
O1858,C10920,2024-12-28,Beauty,563.29,1,True
O1859,C10921,2024-04-30,Fashion,1199.26,2,False
O1860,C10921,2024-05-02,Beauty,946.96,2,False
O1861,C10921,2024-06-15,Home & Kitchen,2722.87,1,False
O1862,C10922,2025-09-03,Fashion,5065.24,2,False
O1863,C10923,2024-01-09,Electronics,5123.34,1,False
O1864,C10923,2024-01-29,Fashion,1375.54,3,False
O1865,C10923,2024-02-05,Books,549.57,2,False
O1866,C10923,2024-02-20,Electronics,6439.98,1,False
O1867,C10924,2024-02-21,Electronics,12850.24,2,False
O1868,C10924,2024-05-09,Beauty,2991.72,3,False
O1869,C10925,2024-07-12,Fashion,3980.36,2,False
O1870,C10925,2024-07-22,Beauty,701.85,2,False
O1871,C10925,2024-08-22,Beauty,545.78,2,True
O1872,C10926,2024-04-10,Fashion,3270.15,3,False
O1873,C10927,2024-02-16,Fashion,2682.33,2,False
O1874,C10928,2024-09-25,Sports,1575.73,1,False
O1875,C10928,2025-02-28,Electronics,3438.33,2,False
O1876,C10928,2025-06-12,Fashion,1050.38,2,False
O1877,C10929,2024-09-24,Sports,1824.78,1,False
O1878,C10929,2024-11-14,Fashion,2097.06,1,False
O1879,C10930,2024-03-29,Sports,1000.83,2,False
O1880,C10930,2024-04-30,Sports,1150.09,3,False
O1881,C10930,2024-06-16,Home & Kitchen,1030.73,1,False
O1882,C10930,2024-07-01,Home & Kitchen,1718.25,3,False
O1883,C10930,2024-08-10,Fashion,1224.49,3,False
O1884,C10930,2025-01-27,Beauty,743.43,3,False
O1885,C10930,2025-02-10,Beauty,1699.66,1,False
O1886,C10930,2025-04-07,Electronics,12152.79,3,False
O1887,C10931,2025-07-23,Beauty,843.57,1,False
O1888,C10932,2025-09-11,Home & Kitchen,3913.11,1,False
O1889,C10932,2025-10-03,Electronics,11115.61,3,True
O1890,C10932,2025-12-15,Books,839.62,2,False
O1891,C10933,2025-05-24,Fashion,1322.39,1,False
O1892,C10933,2025-05-29,Electronics,15803.33,3,True
O1893,C10934,2024-12-31,Electronics,14413.78,1,False
O1894,C10934,2025-01-21,Electronics,11336.39,2,False
O1895,C10934,2025-06-07,Electronics,6656.94,3,False
O1896,C10935,2025-10-31,Beauty,1103.44,1,False
O1897,C10935,2025-11-21,Books,1314.19,2,False
O1898,C10936,2024-09-04,Electronics,15224.03,2,False
O1899,C10937,2024-10-25,Home & Kitchen,3038.34,1,False
O1900,C10938,2024-01-13,Fashion,1374.55,3,False
O1901,C10939,2025-05-13,Electronics,6227.66,1,False
O1902,C10939,2025-05-16,Books,496.59,1,False
O1903,C10940,2024-03-05,Home & Kitchen,2548.93,2,False
O1904,C10941,2025-04-10,Electronics,10845.13,1,False
O1905,C10941,2025-04-13,Home & Kitchen,2681.98,3,False
O1906,C10941,2025-05-16,Fashion,1771.08,3,False
O1907,C10941,2025-05-17,Fashion,5375.7,2,False
O1908,C10942,2025-07-01,Electronics,43370.9,2,False
O1909,C10943,2024-06-02,Fashion,1810.47,3,False
O1910,C10943,2024-09-01,Electronics,21807.27,2,False
O1911,C10944,2025-03-07,Home & Kitchen,1898.64,1,False
O1912,C10945,2024-08-02,Sports,1980.13,3,False
O1913,C10945,2024-09-11,Home & Kitchen,2191.34,3,False
O1914,C10945,2024-11-21,Electronics,6091.45,2,False
O1915,C10946,2024-10-07,Books,623.44,3,False
O1916,C10946,2024-12-22,Beauty,1045.21,1,False
O1917,C10946,2025-02-04,Fashion,1487.25,1,False
O1918,C10947,2025-01-12,Home & Kitchen,2844.46,2,False
O1919,C10947,2025-01-16,Electronics,18790.37,2,False
O1920,C10947,2025-02-06,Home & Kitchen,2685.24,1,False
O1921,C10948,2024-06-25,Home & Kitchen,3570.75,1,False
O1922,C10949,2025-07-11,Sports,993.06,2,False
O1923,C10950,2024-10-06,Beauty,781.16,3,False
O1924,C10951,2024-11-19,Fashion,5370.53,3,False
O1925,C10952,2025-07-28,Beauty,4064.06,3,False
O1926,C10953,2024-06-11,Electronics,7854.18,2,False
O1927,C10954,2024-11-13,Beauty,692.82,3,False
O1928,C10954,2024-11-26,Electronics,13556.35,1,False
O1929,C10954,2025-01-03,Electronics,17652.19,1,False
O1930,C10954,2025-01-28,Books,357.27,3,False
O1931,C10955,2025-11-27,Beauty,1713.77,3,False
O1932,C10956,2024-10-07,Beauty,1462.42,1,False
O1933,C10956,2024-11-30,Books,698.97,2,False
O1934,C10956,2024-12-06,Fashion,3860.58,2,False
O1935,C10956,2024-12-31,Sports,1609.05,3,True
O1936,C10957,2024-03-25,Books,460.75,1,True
O1937,C10957,2024-03-28,Books,172.97,1,False
O1938,C10957,2024-05-19,Electronics,24360.39,2,False
O1939,C10958,2024-07-20,Home & Kitchen,3898.6,2,False
O1940,C10959,2025-11-12,Beauty,2003.46,1,False
O1941,C10960,2025-06-16,Beauty,3631.19,2,False
O1942,C10960,2025-09-06,Sports,2169.77,3,False
O1943,C10961,2025-07-21,Home & Kitchen,1852.43,3,False
O1944,C10962,2024-06-27,Home & Kitchen,1682.9,3,False
O1945,C10962,2024-07-03,Fashion,2434.89,3,False
O1946,C10963,2025-08-15,Fashion,3773.02,3,False
O1947,C10964,2024-10-02,Books,332.46,3,False
O1948,C10964,2024-10-08,Sports,2611.01,1,False
O1949,C10965,2025-07-10,Sports,2826.35,1,False
O1950,C10965,2025-09-13,Beauty,1340.22,1,False
O1951,C10965,2025-09-19,Electronics,23646.68,2,False
O1952,C10966,2025-09-08,Beauty,1015.29,2,False
O1953,C10967,2024-05-27,Fashion,3221.16,2,False
O1954,C10967,2024-06-03,Fashion,4081.44,3,False
O1955,C10967,2024-06-14,Electronics,11947.86,2,False
O1956,C10967,2024-12-19,Fashion,5107.81,3,False
O1957,C10968,2025-10-19,Beauty,1859.97,2,False
O1958,C10968,2025-11-15,Sports,2475.75,2,False
O1959,C10968,2025-12-12,Fashion,5618.74,1,False
O1960,C10969,2025-03-21,Home & Kitchen,2688.64,1,False
O1961,C10969,2025-04-28,Electronics,15268.35,3,False
O1962,C10969,2025-08-09,Home & Kitchen,1258.94,2,False
O1963,C10969,2025-08-28,Beauty,844.27,3,False
O1964,C10969,2025-09-10,Home & Kitchen,5990.45,1,False
O1965,C10970,2025-05-27,Home & Kitchen,3267.75,3,False
O1966,C10970,2025-08-01,Beauty,859.65,3,False
O1967,C10970,2025-10-05,Electronics,6000.44,3,False
O1968,C10970,2025-11-17,Home & Kitchen,2279.78,3,False
O1969,C10971,2025-06-13,Home & Kitchen,2376.92,1,False
O1970,C10971,2025-06-20,Beauty,585.53,2,False
O1971,C10972,2024-04-27,Electronics,7061.51,1,False
O1972,C10972,2024-05-05,Home & Kitchen,1523.24,2,False
O1973,C10972,2024-06-02,Beauty,3231.19,1,False
O1974,C10973,2025-06-06,Electronics,8849.93,1,False
O1975,C10973,2025-08-13,Electronics,18335.79,3,False
O1976,C10973,2025-09-21,Sports,3343.6,3,False
O1977,C10974,2024-05-29,Books,1945.97,2,False
O1978,C10974,2024-08-17,Fashion,5732.6,1,True
O1979,C10974,2024-09-18,Books,654.46,2,False
O1980,C10974,2025-02-18,Books,400.07,2,False
O1981,C10974,2025-05-04,Fashion,6609.61,2,False
O1982,C10975,2024-07-15,Electronics,12387.46,1,False
O1983,C10976,2024-03-22,Sports,2628.61,2,False
O1984,C10976,2024-04-05,Beauty,1530.28,2,True
O1985,C10976,2024-04-27,Fashion,2192.46,1,False
O1986,C10976,2024-05-05,Fashion,2037.56,2,False
O1987,C10977,2024-05-07,Home & Kitchen,4205.66,2,False
O1988,C10978,2025-11-24,Fashion,1230.8,3,False
O1989,C10979,2024-08-17,Home & Kitchen,3755.55,3,False
O1990,C10979,2024-09-03,Electronics,6425.67,3,False
O1991,C10980,2024-09-27,Electronics,11109.95,1,False
O1992,C10981,2024-12-02,Books,927.23,2,False
O1993,C10982,2025-05-14,Fashion,2231.16,1,False
O1994,C10983,2025-02-09,Sports,1261.57,2,False
O1995,C10984,2025-01-16,Sports,2155.95,1,False
O1996,C10984,2025-01-26,Electronics,7276.97,2,False
O1997,C10985,2025-08-08,Books,753.5,3,False
O1998,C10985,2025-09-26,Home & Kitchen,3130.99,2,False
O1999,C10985,2025-09-28,Home & Kitchen,2360.38,2,False
O2000,C10986,2024-12-17,Beauty,1092.42,1,False
O2001,C10986,2025-02-09,Beauty,958.05,1,False
O2002,C10987,2025-06-28,Beauty,1279.16,1,False
O2003,C10988,2025-10-02,Books,647.59,2,True
O2004,C10989,2025-04-18,Beauty,1826.29,1,False
O2005,C10989,2025-05-18,Fashion,833.0,2,False
O2006,C10989,2025-06-23,Electronics,5953.74,3,False
O2007,C10990,2024-01-29,Books,983.81,2,False
O2008,C10990,2024-02-28,Beauty,1481.08,3,False
O2009,C10990,2024-05-22,Sports,2424.36,2,False
O2010,C10991,2024-07-05,Electronics,6771.89,1,False
O2011,C10991,2024-07-15,Sports,2634.22,3,False
O2012,C10991,2024-07-16,Electronics,4385.83,1,False
O2013,C10991,2024-08-14,Beauty,879.3,1,False
O2014,C10991,2024-09-03,Fashion,1695.9,3,False
O2015,C10992,2025-03-16,Beauty,402.11,1,False
O2016,C10992,2025-04-25,Home & Kitchen,2918.63,2,False
O2017,C10992,2025-06-10,Books,639.38,3,False
O2018,C10993,2024-12-01,Sports,1897.74,1,True
O2019,C10994,2024-07-20,Beauty,431.93,3,False
O2020,C10994,2024-09-09,Fashion,1320.13,3,False
O2021,C10995,2024-08-23,Home & Kitchen,2673.54,1,False
O2022,C10995,2024-10-24,Sports,3029.23,3,False
O2023,C10995,2025-02-27,Beauty,817.67,1,False
O2024,C10996,2024-02-25,Fashion,1688.28,2,False
O2025,C10997,2024-06-15,Sports,2444.13,3,False
O2026,C10997,2024-09-10,Books,416.98,3,False
O2027,C10997,2024-10-15,Electronics,9965.08,2,False
O2028,C10998,2025-07-03,Fashion,1964.01,3,False
O2029,C10998,2025-07-31,Fashion,993.96,2,False
O2030,C10998,2025-11-20,Home & Kitchen,4259.44,1,False
O2031,C10998,2025-12-08,Home & Kitchen,2860.2,1,False
O2032,C10999,2024-01-12,Electronics,21466.45,3,False
O2033,C10999,2024-02-23,Beauty,379.29,1,False
O2034,C10999,2024-05-04,Beauty,2760.82,2,False
O2035,C11000,2025-08-08,Home & Kitchen,4422.01,2,False
O2036,C11001,2024-08-25,Electronics,10527.55,1,False
O2037,C11001,2024-09-20,Electronics,6101.33,1,False
O2038,C11001,2024-09-27,Home & Kitchen,2619.86,3,False
O2039,C11002,2025-07-22,Fashion,1546.69,3,False
O2040,C11002,2025-10-05,Sports,1947.82,3,False
O2041,C11003,2024-07-03,Books,1028.82,1,False
O2042,C11004,2025-08-03,Electronics,7105.22,2,False
O2043,C11004,2025-08-29,Beauty,678.07,2,False
O2044,C11005,2025-02-06,Electronics,18922.36,2,False
O2045,C11006,2025-08-19,Home & Kitchen,5119.59,2,False
O2046,C11006,2025-09-11,Beauty,427.79,1,False
O2047,C11007,2024-02-19,Beauty,585.94,2,False
O2048,C11007,2024-02-27,Sports,1942.28,2,False
O2049,C11008,2025-07-16,Home & Kitchen,4037.04,2,False
O2050,C11008,2025-07-17,Beauty,822.44,2,False
O2051,C11008,2025-09-09,Fashion,1847.81,2,False
O2052,C11009,2024-07-08,Fashion,1173.37,1,False
O2053,C11009,2024-07-27,Home & Kitchen,1111.66,2,False
O2054,C11010,2024-09-10,Home & Kitchen,1567.23,1,False
O2055,C11011,2024-02-09,Beauty,642.01,3,False
O2056,C11012,2025-10-29,Beauty,968.49,2,False
O2057,C11012,2025-11-10,Home & Kitchen,6407.32,1,False
O2058,C11013,2025-03-24,Beauty,293.96,2,False
O2059,C11013,2025-04-01,Electronics,16688.58,2,False
O2060,C11013,2025-04-19,Beauty,1030.84,2,False
O2061,C11013,2025-04-29,Electronics,5807.01,3,False
O2062,C11014,2025-11-18,Electronics,6623.52,3,False
O2063,C11014,2025-11-21,Fashion,4129.16,3,False
O2064,C11015,2025-02-14,Fashion,987.26,2,False
O2065,C11016,2024-04-27,Books,258.4,3,False
O2066,C11016,2024-05-05,Sports,2269.58,1,False
O2067,C11017,2024-08-27,Sports,2344.68,3,False
O2068,C11017,2024-09-30,Books,745.26,2,False
O2069,C11018,2024-11-08,Books,253.1,1,False
O2070,C11018,2024-11-12,Home & Kitchen,4567.01,1,False
O2071,C11019,2024-04-15,Beauty,1096.24,3,False
O2072,C11020,2025-10-18,Sports,4979.45,3,False
O2073,C11021,2025-11-04,Fashion,6653.5,3,False
O2074,C11021,2025-11-26,Sports,2218.09,2,False
O2075,C11021,2025-12-04,Electronics,36227.33,3,False
O2076,C11021,2025-12-09,Sports,2983.12,2,False
O2077,C11021,2025-12-11,Fashion,3771.27,2,False
O2078,C11022,2025-02-04,Sports,4352.52,1,False
O2079,C11023,2025-02-21,Sports,2281.19,2,False
O2080,C11023,2025-04-20,Electronics,4458.21,1,False
O2081,C11023,2025-04-22,Electronics,7856.55,1,False
O2082,C11024,2025-05-07,Sports,1048.5,3,False
O2083,C11025,2025-04-20,Electronics,9469.47,1,False
O2084,C11026,2024-02-15,Home & Kitchen,7629.66,2,False
O2085,C11026,2024-03-23,Fashion,1632.41,1,False
O2086,C11027,2025-01-06,Fashion,1588.21,2,False
O2087,C11027,2025-02-27,Electronics,28134.78,1,False
O2088,C11027,2025-04-20,Beauty,1541.54,2,False
O2089,C11028,2025-06-27,Fashion,3446.83,2,False
O2090,C11028,2025-06-27,Electronics,17870.25,3,False
O2091,C11028,2025-11-05,Sports,3253.45,2,False
O2092,C11028,2025-11-18,Electronics,17110.78,2,False
O2093,C11029,2025-07-18,Books,649.37,1,False
O2094,C11029,2025-09-09,Home & Kitchen,4657.95,2,False
O2095,C11030,2025-02-22,Electronics,17667.8,2,False
O2096,C11030,2025-03-06,Beauty,2412.57,3,False
O2097,C11031,2025-09-20,Electronics,10973.68,3,False
O2098,C11032,2025-02-22,Beauty,634.83,3,False
O2099,C11033,2024-09-28,Home & Kitchen,1377.46,2,False
O2100,C11034,2024-11-05,Sports,3182.27,1,False
O2101,C11035,2025-04-28,Books,743.83,1,False
O2102,C11035,2025-04-28,Beauty,2161.58,1,False
O2103,C11036,2025-09-12,Beauty,581.16,2,False
O2104,C11036,2025-09-25,Fashion,2545.88,1,False
O2105,C11036,2025-10-03,Home & Kitchen,1732.42,1,False
O2106,C11036,2025-12-01,Home & Kitchen,3762.44,2,False
O2107,C11037,2024-06-09,Fashion,1580.04,3,False
O2108,C11037,2024-09-02,Electronics,22345.32,1,False
O2109,C11037,2024-09-07,Home & Kitchen,2114.99,1,False
O2110,C11037,2024-09-13,Fashion,1526.74,2,False
O2111,C11037,2024-09-22,Electronics,7725.35,2,False
O2112,C11037,2024-10-25,Sports,3173.99,1,False
O2113,C11038,2024-07-26,Books,1013.25,3,False
O2114,C11038,2024-07-30,Home & Kitchen,1293.76,2,False
O2115,C11038,2024-08-06,Home & Kitchen,1130.52,1,False
O2116,C11039,2025-04-05,Home & Kitchen,2295.65,1,False
O2117,C11039,2025-05-12,Books,338.26,1,False
O2118,C11040,2025-06-20,Fashion,1867.2,3,False
O2119,C11040,2025-07-14,Sports,1702.23,1,False
O2120,C11040,2025-10-18,Books,579.14,1,False
O2121,C11040,2025-10-22,Fashion,2305.46,1,False
O2122,C11041,2024-10-11,Sports,3117.18,2,False
O2123,C11041,2024-11-09,Home & Kitchen,3459.17,1,False
O2124,C11042,2025-03-26,Books,181.99,2,False
O2125,C11042,2025-04-01,Home & Kitchen,5013.45,1,False
O2126,C11043,2024-01-06,Fashion,3100.47,2,False
O2127,C11044,2024-08-03,Beauty,1173.07,3,False
O2128,C11045,2025-10-30,Beauty,2565.33,3,False
O2129,C11046,2025-02-09,Home & Kitchen,2433.08,3,False
O2130,C11047,2025-08-30,Sports,2987.24,2,False
O2131,C11048,2024-06-02,Beauty,440.57,3,False
O2132,C11048,2024-06-11,Home & Kitchen,2857.51,2,False
O2133,C11049,2024-07-22,Fashion,1692.57,1,True
O2134,C11049,2024-09-09,Electronics,11176.97,3,False
O2135,C11049,2024-09-26,Home & Kitchen,2811.3,3,True
O2136,C11049,2024-11-11,Sports,2277.02,3,False
O2137,C11050,2025-11-16,Home & Kitchen,5221.15,2,False
O2138,C11051,2025-11-29,Books,187.52,1,False
O2139,C11052,2025-09-06,Sports,2286.7,3,False
O2140,C11053,2024-08-09,Sports,1379.41,3,False
O2141,C11053,2024-08-17,Fashion,5980.23,3,False
O2142,C11053,2024-09-01,Electronics,8035.22,1,False
O2143,C11053,2024-10-10,Electronics,23525.17,1,False
O2144,C11053,2024-10-11,Home & Kitchen,4055.94,2,False
O2145,C11053,2024-10-31,Fashion,2448.55,1,False
O2146,C11054,2025-07-18,Fashion,1100.2,1,False
O2147,C11054,2025-09-29,Electronics,6004.84,2,False
O2148,C11055,2024-11-27,Books,1045.61,2,False
O2149,C11055,2024-12-17,Home & Kitchen,3281.13,3,False
O2150,C11056,2025-08-13,Books,320.43,2,False
O2151,C11056,2025-08-15,Books,508.44,2,False
O2152,C11056,2025-10-12,Books,857.77,1,False
O2153,C11057,2025-08-22,Fashion,835.43,3,False
O2154,C11057,2025-09-02,Electronics,16125.87,3,False
O2155,C11058,2024-11-07,Fashion,2714.43,2,False
O2156,C11058,2025-03-20,Beauty,760.61,2,False
O2157,C11058,2025-08-03,Home & Kitchen,4395.9,2,False
O2158,C11058,2025-10-26,Books,613.11,2,False
O2159,C11059,2024-08-03,Electronics,2541.23,3,False
O2160,C11060,2025-11-13,Electronics,11291.49,1,False
O2161,C11061,2024-11-12,Home & Kitchen,2713.97,3,True
O2162,C11062,2024-11-02,Sports,6836.18,3,False
O2163,C11063,2025-04-10,Sports,1327.99,1,False
O2164,C11063,2025-05-24,Beauty,1212.71,1,False
O2165,C11064,2025-10-19,Electronics,4559.49,3,False
O2166,C11064,2025-11-15,Home & Kitchen,4275.37,1,False
O2167,C11064,2025-12-13,Electronics,9699.26,3,False
O2168,C11065,2024-04-07,Fashion,4392.5,1,False
O2169,C11065,2024-04-20,Books,194.54,3,False
O2170,C11065,2024-05-29,Fashion,1278.09,3,False
O2171,C11065,2024-05-29,Books,177.75,2,False
O2172,C11065,2024-06-09,Fashion,4416.09,3,False
O2173,C11066,2025-11-20,Beauty,2800.76,2,False
O2174,C11067,2024-10-22,Sports,2590.45,1,False
O2175,C11068,2024-01-24,Beauty,517.53,2,False
O2176,C11068,2024-01-30,Home & Kitchen,3889.04,1,False
O2177,C11068,2024-02-25,Home & Kitchen,1738.77,2,False
O2178,C11069,2024-08-04,Electronics,13964.3,3,False
O2179,C11070,2024-11-19,Fashion,1599.76,1,False
O2180,C11070,2024-12-06,Fashion,1506.81,2,False
O2181,C11071,2025-04-20,Sports,2362.89,2,False
O2182,C11071,2025-06-01,Home & Kitchen,4052.86,2,True
O2183,C11072,2025-01-31,Home & Kitchen,6894.22,3,True
O2184,C11072,2025-02-22,Home & Kitchen,6975.86,3,False
O2185,C11073,2024-04-05,Home & Kitchen,3431.87,2,False
O2186,C11073,2024-04-14,Fashion,591.15,3,False
O2187,C11073,2024-08-06,Electronics,2550.56,3,False
O2188,C11074,2024-12-09,Sports,5838.53,2,False
O2189,C11074,2024-12-20,Fashion,3467.15,2,False
O2190,C11074,2025-02-17,Fashion,5214.2,1,False
O2191,C11075,2024-06-18,Beauty,724.86,2,False
O2192,C11075,2024-07-08,Home & Kitchen,2604.71,3,False
O2193,C11075,2024-07-17,Electronics,7719.25,1,False
O2194,C11075,2024-07-19,Books,266.99,2,False
O2195,C11075,2024-11-08,Sports,3405.95,2,False
O2196,C11075,2024-12-30,Sports,3664.84,1,False
O2197,C11075,2025-04-23,Fashion,1371.99,1,False
O2198,C11075,2025-05-14,Fashion,1337.23,2,False
O2199,C11076,2024-07-24,Books,691.21,2,False
O2200,C11076,2024-08-07,Books,723.85,3,False
O2201,C11077,2025-05-12,Home & Kitchen,3594.91,2,False
O2202,C11078,2025-07-17,Fashion,1798.41,1,False
O2203,C11078,2025-10-19,Fashion,1860.44,3,False
O2204,C11079,2024-04-20,Electronics,14033.2,3,False
O2205,C11080,2025-02-25,Home & Kitchen,2518.28,3,False
O2206,C11080,2025-04-13,Sports,660.86,3,False
O2207,C11081,2024-10-24,Sports,1886.24,2,False
O2208,C11082,2024-08-24,Electronics,12169.45,2,False
O2209,C11083,2025-05-15,Fashion,1840.79,1,False
O2210,C11083,2025-05-25,Beauty,1024.48,3,False
O2211,C11083,2025-08-14,Beauty,735.12,3,False
O2212,C11083,2025-08-30,Fashion,1605.1,2,False
O2213,C11083,2025-11-30,Beauty,1234.49,1,False
O2214,C11084,2024-06-24,Home & Kitchen,1340.76,2,False
O2215,C11084,2024-06-30,Fashion,4294.79,2,False
O2216,C11085,2025-06-23,Sports,2167.77,2,False
O2217,C11085,2025-09-22,Sports,880.61,3,False
O2218,C11085,2025-10-25,Fashion,3926.47,1,False
O2219,C11086,2024-10-20,Books,522.24,3,False
O2220,C11087,2024-03-07,Electronics,8838.85,2,False
O2221,C11088,2025-07-10,Sports,1989.13,1,False
O2222,C11089,2025-08-21,Electronics,12164.61,1,False
O2223,C11089,2025-12-11,Fashion,3995.21,2,False
O2224,C11090,2025-01-29,Sports,2180.85,2,False
O2225,C11090,2025-02-25,Electronics,9173.63,3,False
O2226,C11090,2025-04-09,Fashion,1692.24,2,False
O2227,C11090,2025-05-24,Beauty,281.05,3,False
O2228,C11091,2025-05-22,Electronics,3604.94,2,False
O2229,C11091,2025-05-22,Beauty,687.39,1,False
O2230,C11092,2024-04-21,Books,241.48,1,False
O2231,C11093,2024-08-29,Books,344.72,3,False
O2232,C11094,2024-09-10,Fashion,2675.49,3,False
O2233,C11094,2024-09-15,Home & Kitchen,1935.71,2,True
O2234,C11094,2024-09-28,Beauty,456.32,1,False
O2235,C11095,2025-06-18,Books,234.19,3,False
O2236,C11096,2024-09-06,Sports,1941.41,3,False
O2237,C11096,2024-09-21,Fashion,1638.41,2,False
O2238,C11097,2025-05-26,Electronics,6405.85,2,False
O2239,C11097,2025-06-17,Home & Kitchen,8826.23,1,False
O2240,C11098,2024-08-02,Beauty,988.82,2,False
O2241,C11098,2024-08-16,Home & Kitchen,4276.69,1,False
O2242,C11099,2025-03-04,Fashion,1201.02,3,False
O2243,C11099,2025-03-29,Books,540.32,1,False
O2244,C11100,2024-05-30,Electronics,6418.96,3,False
O2245,C11101,2025-01-27,Fashion,5077.76,2,False
O2246,C11102,2024-02-27,Electronics,12241.33,1,False
O2247,C11103,2025-06-01,Electronics,19447.2,2,False
O2248,C11103,2025-07-02,Beauty,863.17,2,False
O2249,C11103,2025-08-30,Sports,3024.96,3,False
O2250,C11104,2024-01-25,Electronics,11297.1,3,False
O2251,C11105,2025-11-30,Home & Kitchen,7423.94,3,False
O2252,C11105,2025-12-02,Beauty,2914.51,1,False
O2253,C11106,2025-08-11,Beauty,766.47,2,False
O2254,C11107,2025-02-08,Beauty,942.81,1,False
O2255,C11108,2025-10-04,Sports,2515.78,2,False
O2256,C11109,2025-07-23,Electronics,16597.4,3,False
O2257,C11109,2025-12-26,Sports,7059.84,3,False
O2258,C11110,2024-04-12,Sports,1599.27,1,False
O2259,C11111,2025-06-07,Beauty,537.18,1,False
O2260,C11111,2025-06-14,Beauty,1557.37,1,False
O2261,C11111,2025-08-06,Beauty,614.98,2,False
O2262,C11112,2024-09-22,Sports,1587.96,1,False
O2263,C11112,2024-09-30,Electronics,6511.17,1,False
O2264,C11113,2025-08-26,Electronics,9111.24,3,True
O2265,C11113,2025-08-28,Electronics,7581.03,2,False
O2266,C11113,2025-08-30,Sports,2224.67,1,False
O2267,C11113,2025-09-01,Home & Kitchen,2846.77,1,False
O2268,C11113,2025-09-07,Home & Kitchen,3159.03,2,False
O2269,C11114,2025-08-28,Fashion,2539.01,3,False
O2270,C11114,2025-09-04,Home & Kitchen,5781.3,1,False
O2271,C11114,2025-10-15,Books,377.08,3,False
O2272,C11115,2025-11-01,Electronics,26995.61,3,False
O2273,C11116,2024-11-11,Home & Kitchen,3577.36,1,False
O2274,C11116,2024-12-02,Fashion,2224.62,2,False
O2275,C11117,2024-05-16,Electronics,25205.41,2,False
O2276,C11117,2024-05-23,Sports,2473.83,2,False
O2277,C11118,2024-03-29,Home & Kitchen,3919.5,1,False
O2278,C11118,2024-04-22,Beauty,581.08,2,False
O2279,C11118,2024-04-29,Sports,3569.1,2,False
O2280,C11119,2024-04-27,Sports,6413.81,2,False
O2281,C11120,2025-11-25,Sports,3577.18,3,False
O2282,C11121,2025-02-22,Home & Kitchen,2828.59,1,False
O2283,C11121,2025-04-28,Electronics,11331.41,2,False
O2284,C11122,2024-09-07,Home & Kitchen,1414.91,2,False
O2285,C11122,2024-10-09,Home & Kitchen,4299.27,1,False
O2286,C11122,2024-12-01,Electronics,8366.34,1,False
O2287,C11123,2024-11-11,Fashion,2280.92,2,True
O2288,C11124,2024-05-05,Beauty,573.72,3,False
O2289,C11125,2025-02-06,Home & Kitchen,3339.74,1,False
O2290,C11126,2024-10-31,Electronics,7943.62,1,False
O2291,C11127,2025-07-15,Sports,2211.3,3,False
O2292,C11127,2025-08-17,Sports,3825.07,3,False
O2293,C11127,2025-08-28,Home & Kitchen,5452.86,2,False
O2294,C11128,2024-01-17,Fashion,2231.23,1,False
O2295,C11129,2025-10-17,Home & Kitchen,2289.41,1,False
O2296,C11129,2025-12-04,Fashion,2026.46,1,False
O2297,C11130,2024-02-12,Electronics,14162.9,3,False
O2298,C11131,2024-10-24,Fashion,1936.79,2,False
O2299,C11131,2024-11-04,Fashion,6568.75,2,False
O2300,C11131,2025-05-01,Books,940.34,1,False
O2301,C11132,2024-08-29,Fashion,1042.41,3,False
O2302,C11132,2024-11-12,Electronics,22421.42,1,False
O2303,C11133,2025-05-17,Home & Kitchen,2846.91,2,False
O2304,C11133,2025-07-29,Beauty,709.31,1,False
O2305,C11133,2025-08-10,Fashion,929.06,3,False
O2306,C11133,2025-08-12,Beauty,1219.62,1,False
O2307,C11134,2025-04-08,Electronics,8888.59,1,False
O2308,C11134,2025-04-12,Books,410.11,1,False
O2309,C11135,2024-05-20,Home & Kitchen,2606.55,1,False
O2310,C11135,2024-05-31,Sports,1767.31,3,False
O2311,C11135,2024-09-19,Home & Kitchen,2500.21,2,False
O2312,C11135,2024-10-01,Fashion,2331.96,1,False
O2313,C11135,2024-12-05,Beauty,1002.26,2,False
O2314,C11135,2024-12-21,Sports,2820.1,2,False
O2315,C11135,2025-02-22,Beauty,875.83,3,False
O2316,C11135,2025-03-15,Electronics,8010.34,2,False
O2317,C11135,2025-03-24,Fashion,2711.96,3,False
O2318,C11135,2025-06-20,Fashion,1034.45,3,False
O2319,C11135,2025-06-24,Electronics,10975.79,3,False
O2320,C11136,2024-12-12,Electronics,17477.13,1,False
O2321,C11137,2025-01-10,Electronics,12231.1,1,False
O2322,C11138,2024-11-22,Fashion,1477.14,1,False
O2323,C11139,2024-01-20,Electronics,13804.82,2,False
O2324,C11139,2024-02-18,Beauty,837.82,2,False
O2325,C11140,2024-05-11,Books,355.41,2,False
O2326,C11141,2024-12-20,Beauty,733.47,2,False
O2327,C11141,2024-12-26,Electronics,7586.22,3,False
O2328,C11141,2025-03-23,Beauty,1484.22,3,False
O2329,C11141,2025-04-29,Home & Kitchen,3539.48,1,False
O2330,C11142,2024-07-06,Electronics,9456.29,1,False
O2331,C11142,2024-08-05,Home & Kitchen,3932.67,1,False
O2332,C11142,2024-08-22,Beauty,1527.9,3,False
O2333,C11143,2025-01-22,Fashion,1911.9,2,True
O2334,C11144,2024-04-24,Electronics,11973.16,3,False
O2335,C11144,2024-05-30,Home & Kitchen,1080.28,1,False
O2336,C11145,2025-05-30,Beauty,1062.29,2,False
O2337,C11146,2024-05-11,Beauty,906.45,3,False
O2338,C11146,2024-05-16,Electronics,12548.66,2,False
O2339,C11146,2024-06-12,Home & Kitchen,4535.37,1,False
O2340,C11147,2025-04-05,Beauty,539.14,3,False
O2341,C11147,2025-07-04,Home & Kitchen,895.56,3,False
O2342,C11147,2025-08-03,Fashion,2323.28,1,False
O2343,C11147,2025-08-15,Home & Kitchen,4900.79,3,False
O2344,C11148,2025-08-12,Home & Kitchen,3121.04,3,False
O2345,C11149,2024-09-10,Sports,5897.77,3,False
O2346,C11150,2024-04-07,Electronics,5087.23,2,False
O2347,C11150,2024-07-04,Books,704.11,3,False
O2348,C11150,2024-07-07,Electronics,7581.76,3,False
O2349,C11150,2024-07-17,Books,360.91,2,False
O2350,C11151,2024-01-09,Beauty,1190.28,3,False
O2351,C11152,2024-09-10,Home & Kitchen,3640.88,2,False
O2352,C11152,2025-03-02,Beauty,2093.18,2,True
O2353,C11152,2025-04-01,Beauty,2871.32,2,False
O2354,C11152,2025-04-21,Beauty,489.35,2,False
O2355,C11153,2024-03-24,Home & Kitchen,2892.78,1,False
O2356,C11154,2025-09-11,Fashion,1395.07,2,False
O2357,C11155,2025-11-12,Books,1189.94,2,False
O2358,C11156,2025-11-19,Books,302.34,1,False
O2359,C11157,2025-10-07,Beauty,962.39,3,False
O2360,C11157,2025-10-09,Books,521.46,3,False
O2361,C11158,2025-02-16,Books,738.4,2,False
O2362,C11158,2025-04-15,Sports,886.75,1,False
O2363,C11159,2024-08-17,Home & Kitchen,3697.48,2,False
O2364,C11160,2024-11-10,Sports,978.43,3,False
O2365,C11160,2024-11-28,Sports,1531.39,1,False
O2366,C11160,2024-12-09,Electronics,5302.23,2,False
O2367,C11161,2024-06-30,Fashion,1715.48,2,False
O2368,C11161,2024-08-04,Electronics,8289.24,2,False
O2369,C11162,2025-08-12,Beauty,1229.19,3,False
O2370,C11162,2025-08-31,Beauty,1865.76,1,False
O2371,C11162,2025-09-11,Fashion,2705.64,2,False
O2372,C11163,2024-11-06,Beauty,1931.5,2,False
O2373,C11163,2024-11-13,Electronics,6822.24,2,False
O2374,C11164,2024-09-26,Sports,1621.74,3,False
O2375,C11164,2025-01-09,Home & Kitchen,4130.68,2,False
O2376,C11165,2025-04-28,Sports,9927.65,3,False
O2377,C11165,2025-05-11,Books,648.45,1,False
O2378,C11166,2024-09-19,Beauty,1206.96,3,False
O2379,C11167,2024-09-06,Books,715.42,3,False
O2380,C11167,2024-10-05,Home & Kitchen,2643.8,2,False
O2381,C11168,2024-06-08,Beauty,1591.13,2,False
O2382,C11168,2024-06-20,Books,694.03,2,False
O2383,C11169,2024-02-20,Electronics,7890.09,3,False
O2384,C11169,2024-03-02,Home & Kitchen,2049.52,1,False
O2385,C11170,2024-01-28,Fashion,1105.16,3,False
O2386,C11171,2024-10-09,Electronics,8205.33,2,False
O2387,C11171,2024-11-18,Sports,6867.89,1,False
O2388,C11172,2025-11-28,Electronics,15967.49,2,False
O2389,C11173,2024-07-01,Sports,3979.25,2,False
O2390,C11173,2024-08-09,Fashion,2203.6,3,False
O2391,C11174,2025-03-24,Electronics,13905.98,2,False
O2392,C11175,2024-08-15,Sports,6265.31,3,False
O2393,C11176,2024-07-31,Electronics,12109.86,3,False
O2394,C11176,2024-08-19,Home & Kitchen,3279.53,3,False
O2395,C11177,2024-04-26,Electronics,9693.85,3,True
O2396,C11177,2024-05-26,Fashion,2066.05,1,False
O2397,C11178,2025-01-29,Fashion,2063.0,1,False
O2398,C11179,2025-04-14,Beauty,828.62,2,False
O2399,C11179,2025-08-23,Electronics,6825.19,2,False
O2400,C11179,2025-11-07,Sports,1804.64,2,False
O2401,C11179,2025-11-13,Books,313.67,2,False
O2402,C11179,2025-12-02,Home & Kitchen,3227.25,2,False
O2403,C11180,2024-09-03,Sports,4050.81,2,False
O2404,C11180,2024-10-26,Fashion,3945.57,2,False
O2405,C11180,2024-12-10,Home & Kitchen,2407.63,3,False
O2406,C11180,2025-02-02,Beauty,807.01,2,False
O2407,C11181,2025-01-03,Beauty,1879.95,3,False
O2408,C11182,2024-11-29,Home & Kitchen,2218.2,3,False
O2409,C11182,2024-12-04,Electronics,12964.53,1,False
O2410,C11182,2024-12-24,Books,146.81,2,False
O2411,C11182,2025-05-25,Home & Kitchen,3250.52,3,False
O2412,C11183,2024-07-11,Electronics,17626.86,3,False
O2413,C11184,2025-05-01,Electronics,5681.51,3,False
O2414,C11185,2025-01-22,Home & Kitchen,7082.08,1,False
O2415,C11185,2025-03-16,Electronics,7826.09,1,False
O2416,C11185,2025-03-18,Home & Kitchen,2052.01,1,False
O2417,C11185,2025-05-11,Sports,1091.22,2,False
O2418,C11186,2024-02-18,Beauty,794.15,3,True
O2419,C11186,2024-03-03,Beauty,989.91,2,False
O2420,C11187,2024-12-13,Home & Kitchen,3226.04,3,False
O2421,C11188,2024-09-29,Beauty,900.1,1,False
O2422,C11188,2025-01-20,Home & Kitchen,1930.45,3,False
O2423,C11189,2025-07-23,Sports,10859.32,1,False
O2424,C11190,2024-08-05,Books,481.49,3,False
O2425,C11191,2025-11-01,Home & Kitchen,3459.14,3,False
O2426,C11192,2025-03-10,Books,524.29,3,False
O2427,C11192,2025-04-03,Fashion,6717.19,2,True
O2428,C11192,2025-04-19,Electronics,15559.16,3,True
O2429,C11193,2024-04-01,Home & Kitchen,2321.76,2,False
O2430,C11194,2024-10-12,Sports,5609.21,2,False
O2431,C11195,2025-09-11,Fashion,1435.72,2,False
O2432,C11195,2025-09-12,Home & Kitchen,3163.71,1,False
O2433,C11196,2024-06-28,Sports,4587.31,3,False
O2434,C11196,2024-07-09,Fashion,2468.56,3,False
O2435,C11196,2024-08-28,Home & Kitchen,1738.92,1,False
O2436,C11197,2025-05-08,Fashion,1174.71,3,True
O2437,C11197,2025-05-08,Electronics,14189.73,1,False
O2438,C11197,2025-06-01,Beauty,4172.44,1,False
O2439,C11198,2025-07-04,Electronics,12591.89,2,False
O2440,C11198,2025-07-06,Fashion,3929.66,1,False
O2441,C11198,2025-07-28,Sports,1760.91,1,False
O2442,C11199,2025-04-30,Sports,2352.45,2,False
O2443,C11200,2024-03-08,Beauty,805.22,2,False
O2444,C11200,2024-04-25,Fashion,1499.78,1,False
O2445,C11200,2024-06-01,Books,474.9,3,False
O2446,C11201,2024-09-29,Sports,2624.53,2,False
O2447,C11201,2024-12-09,Home & Kitchen,6102.08,1,False
O2448,C11201,2025-02-17,Beauty,1575.1,2,False
O2449,C11201,2025-05-14,Fashion,1242.34,1,False
O2450,C11202,2024-08-31,Home & Kitchen,1573.48,2,False
O2451,C11202,2024-10-04,Home & Kitchen,2266.66,2,False
O2452,C11202,2025-04-19,Sports,2112.56,2,False
O2453,C11202,2025-06-24,Books,400.62,1,True
O2454,C11202,2025-07-29,Beauty,920.68,1,False
O2455,C11203,2024-08-28,Electronics,8569.83,2,False
O2456,C11203,2024-09-11,Electronics,5781.06,1,False
O2457,C11203,2024-10-04,Fashion,1084.16,3,False
O2458,C11203,2024-10-08,Beauty,1307.2,3,False
O2459,C11204,2025-09-09,Electronics,10408.87,3,False
O2460,C11205,2024-01-05,Electronics,6546.83,3,False
O2461,C11206,2025-01-13,Sports,1758.07,1,False
O2462,C11207,2025-11-19,Sports,1657.92,2,False
O2463,C11208,2025-09-05,Fashion,1297.11,2,False
O2464,C11209,2025-03-06,Sports,8629.27,1,False
O2465,C11209,2025-04-11,Sports,3152.17,2,False
O2466,C11210,2025-12-08,Sports,3487.71,1,False
O2467,C11211,2024-10-09,Beauty,1094.54,2,False
O2468,C11211,2024-10-17,Electronics,6717.12,3,False
O2469,C11212,2025-03-03,Fashion,1595.92,1,False
O2470,C11213,2025-01-18,Fashion,1310.34,3,False
O2471,C11213,2025-01-20,Beauty,602.52,3,False
O2472,C11213,2025-02-10,Fashion,870.31,2,False
O2473,C11214,2024-02-06,Electronics,10072.81,1,False
O2474,C11215,2024-02-04,Fashion,1692.74,1,False
O2475,C11216,2025-09-21,Fashion,8626.21,2,False
O2476,C11217,2024-05-04,Home & Kitchen,2851.02,3,False
O2477,C11217,2024-05-30,Sports,3384.43,3,False
O2478,C11218,2024-09-05,Fashion,2038.16,2,False
O2479,C11218,2024-11-23,Home & Kitchen,1166.48,2,False
O2480,C11219,2025-03-12,Sports,4879.72,1,False
O2481,C11219,2025-04-20,Electronics,9972.92,1,False
O2482,C11219,2025-07-20,Sports,1788.78,2,False
O2483,C11220,2025-02-07,Fashion,4651.33,3,False
O2484,C11220,2025-04-07,Books,551.97,3,False
O2485,C11220,2025-09-17,Sports,2861.83,1,False
O2486,C11220,2025-10-21,Home & Kitchen,4446.39,3,False
O2487,C11221,2024-12-26,Home & Kitchen,1520.2,2,False
O2488,C11221,2024-12-31,Electronics,11803.18,3,False
O2489,C11222,2025-11-28,Sports,5230.89,3,False
O2490,C11223,2025-07-04,Electronics,10361.42,2,False
O2491,C11223,2025-07-15,Beauty,1339.19,1,False
O2492,C11223,2025-07-15,Fashion,4635.96,2,False
O2493,C11223,2025-07-24,Home & Kitchen,3865.71,1,False
O2494,C11224,2025-10-25,Sports,2059.27,3,False
O2495,C11225,2025-04-07,Fashion,5392.65,3,False
O2496,C11226,2025-11-21,Beauty,359.99,3,False
O2497,C11226,2025-12-17,Home & Kitchen,5025.49,3,False
O2498,C11227,2025-03-06,Home & Kitchen,2772.81,2,False
O2499,C11228,2025-01-19,Sports,1197.17,2,False
O2500,C11228,2025-01-19,Sports,1541.75,2,False
O2501,C11228,2025-04-20,Electronics,10357.6,3,False
O2502,C11229,2025-07-31,Home & Kitchen,1918.13,1,False
O2503,C11230,2025-09-02,Electronics,16563.46,1,False
O2504,C11230,2025-09-13,Electronics,19286.72,3,False
O2505,C11230,2025-11-06,Books,1577.86,2,False
O2506,C11231,2024-02-17,Home & Kitchen,1034.57,3,False
O2507,C11231,2024-03-27,Books,1371.53,3,False
O2508,C11232,2025-09-30,Electronics,28530.01,2,False
O2509,C11233,2025-05-09,Sports,2999.24,3,False
O2510,C11233,2025-05-30,Electronics,12741.01,1,False
O2511,C11233,2025-07-15,Sports,1147.33,2,True
O2512,C11233,2025-07-24,Beauty,1291.01,3,False
O2513,C11234,2025-09-21,Home & Kitchen,2809.18,1,True
O2514,C11235,2025-05-17,Sports,2140.25,3,False
O2515,C11235,2025-08-09,Home & Kitchen,3156.72,2,False
O2516,C11236,2025-10-10,Fashion,1704.79,2,False
O2517,C11237,2024-07-11,Electronics,6426.19,2,False
O2518,C11237,2024-09-30,Electronics,7291.71,1,False
O2519,C11238,2024-05-12,Books,617.82,1,False
O2520,C11239,2024-05-18,Beauty,1486.39,2,False
O2521,C11240,2024-07-04,Sports,1384.01,3,False
O2522,C11241,2024-05-30,Electronics,4860.19,3,False
O2523,C11242,2024-11-09,Electronics,29050.46,1,False
O2524,C11242,2024-12-25,Beauty,1345.18,2,False
O2525,C11243,2024-05-22,Beauty,1848.0,3,False
O2526,C11243,2024-05-22,Fashion,3147.56,3,False
O2527,C11243,2024-06-14,Electronics,6299.62,3,False
O2528,C11243,2024-08-18,Electronics,20327.36,2,False
O2529,C11244,2024-04-21,Fashion,2766.64,3,False
O2530,C11245,2025-01-01,Sports,1046.38,2,False
O2531,C11246,2025-07-09,Home & Kitchen,6317.55,2,False
O2532,C11247,2024-04-04,Sports,4101.14,1,False
O2533,C11247,2024-05-28,Books,115.57,1,False
O2534,C11248,2024-12-26,Home & Kitchen,4224.19,1,False
O2535,C11248,2025-02-12,Electronics,11280.43,1,False
O2536,C11248,2025-02-14,Home & Kitchen,2049.89,2,False
O2537,C11248,2025-04-05,Electronics,12756.35,3,False
O2538,C11248,2025-07-29,Sports,1292.64,2,False
O2539,C11249,2025-04-09,Sports,3826.65,2,False
O2540,C11249,2025-05-06,Sports,6158.95,3,False
O2541,C11249,2025-07-02,Beauty,1626.99,1,False
O2542,C11249,2025-09-21,Sports,1903.7,3,False
O2543,C11249,2025-10-22,Sports,1764.98,2,False
O2544,C11249,2025-10-23,Fashion,1047.36,3,True
O2545,C11250,2025-05-11,Home & Kitchen,3910.52,3,False
O2546,C11251,2024-03-17,Books,284.03,3,False
O2547,C11252,2025-06-06,Home & Kitchen,1456.51,3,False
O2548,C11253,2024-01-19,Sports,1720.05,3,False
O2549,C11254,2024-06-19,Electronics,17509.67,2,False
O2550,C11254,2024-10-27,Books,1239.3,2,False
O2551,C11254,2024-11-05,Books,730.31,1,False
O2552,C11254,2024-11-12,Fashion,2444.95,2,True
O2553,C11254,2024-12-21,Electronics,8630.63,3,False
O2554,C11255,2024-08-11,Electronics,9301.55,2,False
O2555,C11255,2024-12-01,Beauty,661.44,3,False
O2556,C11255,2024-12-12,Beauty,1220.14,3,False
O2557,C11256,2025-08-21,Sports,3015.61,1,True
O2558,C11257,2024-05-16,Sports,3462.0,1,False
O2559,C11257,2024-05-19,Fashion,5221.16,1,False
O2560,C11258,2025-07-03,Fashion,2590.95,1,False
O2561,C11258,2025-09-26,Electronics,16351.88,3,False
O2562,C11258,2025-11-22,Home & Kitchen,6195.59,1,False
O2563,C11258,2025-12-11,Beauty,1743.16,3,False
O2564,C11259,2025-11-24,Books,1362.87,1,False
O2565,C11259,2025-12-10,Fashion,1382.47,2,False
O2566,C11260,2025-11-02,Books,381.22,1,False
O2567,C11260,2025-11-02,Beauty,1561.27,1,True
O2568,C11260,2025-11-18,Electronics,11272.72,3,False
O2569,C11261,2024-08-03,Beauty,602.92,3,False
O2570,C11262,2024-03-07,Sports,8261.61,2,False
O2571,C11263,2024-06-13,Electronics,7265.84,3,False
O2572,C11264,2025-06-22,Home & Kitchen,2012.89,1,False
O2573,C11264,2025-09-15,Sports,3888.27,1,False
O2574,C11265,2024-05-20,Fashion,1887.54,1,False
O2575,C11266,2025-03-27,Home & Kitchen,6325.23,1,False
O2576,C11266,2025-05-05,Electronics,18622.98,2,False
O2577,C11266,2025-06-29,Books,246.45,2,False
O2578,C11267,2024-09-18,Home & Kitchen,5857.6,3,False
O2579,C11267,2024-10-02,Electronics,10928.04,3,False
O2580,C11267,2024-10-02,Books,514.97,1,False
O2581,C11267,2024-10-09,Home & Kitchen,7546.37,2,False
O2582,C11268,2025-06-23,Beauty,552.94,2,False
O2583,C11268,2025-07-07,Fashion,1351.77,2,False
O2584,C11269,2025-03-04,Fashion,2530.23,2,False
O2585,C11269,2025-03-28,Books,489.57,1,False
O2586,C11269,2025-11-19,Fashion,3012.19,3,False
O2587,C11270,2025-02-13,Beauty,1123.57,1,False
O2588,C11271,2025-07-06,Beauty,1014.66,1,False
O2589,C11271,2025-07-24,Beauty,865.47,3,False
O2590,C11271,2025-08-25,Sports,8065.93,3,False
O2591,C11272,2025-10-31,Sports,8115.14,2,False
O2592,C11273,2024-09-21,Sports,2434.84,2,False
O2593,C11274,2025-01-08,Beauty,773.31,1,False
O2594,C11274,2025-05-30,Home & Kitchen,1595.3,1,False
O2595,C11275,2025-03-15,Beauty,738.93,3,False
O2596,C11276,2025-07-30,Beauty,881.1,3,False
O2597,C11276,2025-08-27,Fashion,3064.78,2,False
O2598,C11277,2024-12-05,Home & Kitchen,5987.65,3,False
O2599,C11277,2025-01-06,Home & Kitchen,1227.48,2,False
O2600,C11277,2025-01-27,Home & Kitchen,1384.35,3,False
O2601,C11277,2025-02-12,Electronics,15162.95,3,False
O2602,C11277,2025-09-26,Home & Kitchen,3475.84,2,False
O2603,C11278,2024-09-23,Fashion,2464.63,3,False
O2604,C11278,2024-11-08,Fashion,1142.04,3,False
O2605,C11278,2024-11-23,Beauty,861.2,2,True
O2606,C11279,2025-08-17,Beauty,872.58,1,False
O2607,C11280,2025-11-05,Fashion,1032.52,3,False
O2608,C11281,2025-02-14,Beauty,852.19,3,False
O2609,C11281,2025-05-02,Electronics,7694.55,2,False
O2610,C11282,2024-03-13,Beauty,651.27,3,False
O2611,C11282,2024-03-13,Sports,943.76,2,False
O2612,C11283,2024-07-23,Fashion,1228.34,1,False
O2613,C11283,2024-09-26,Home & Kitchen,3223.17,3,False
O2614,C11283,2024-11-01,Books,578.17,2,False
O2615,C11284,2024-11-22,Home & Kitchen,4730.07,3,False
O2616,C11285,2025-05-11,Electronics,4774.63,3,False
O2617,C11285,2025-05-17,Electronics,12362.64,1,False
O2618,C11285,2025-05-24,Home & Kitchen,1774.23,3,False
O2619,C11285,2025-05-25,Sports,2798.36,3,False
O2620,C11286,2025-04-22,Beauty,390.19,1,False
O2621,C11287,2025-08-19,Electronics,6679.87,2,False
O2622,C11287,2025-08-22,Electronics,10480.09,2,False
O2623,C11287,2025-08-23,Fashion,1308.22,1,False
O2624,C11288,2024-01-25,Home & Kitchen,2549.09,3,False
O2625,C11288,2024-04-13,Beauty,1218.09,2,False
O2626,C11289,2024-12-01,Sports,1904.28,1,False
O2627,C11289,2025-01-29,Beauty,653.99,1,False
O2628,C11289,2025-02-17,Fashion,2455.21,2,False
O2629,C11289,2025-03-08,Sports,2411.18,1,True
O2630,C11289,2025-05-16,Home & Kitchen,1369.6,2,False
O2631,C11289,2025-07-04,Electronics,8670.49,1,False
O2632,C11290,2025-05-07,Beauty,4956.29,3,False
O2633,C11291,2025-11-22,Fashion,2115.96,1,False
O2634,C11292,2024-04-09,Fashion,1773.38,1,True
O2635,C11292,2024-06-01,Electronics,9158.38,3,False
O2636,C11292,2024-06-05,Beauty,869.32,1,False
O2637,C11292,2024-08-12,Home & Kitchen,1451.1,3,True
O2638,C11293,2025-09-09,Home & Kitchen,1963.53,3,True
O2639,C11293,2025-11-08,Beauty,693.93,1,False
O2640,C11293,2025-11-10,Beauty,866.33,3,False
O2641,C11293,2025-11-18,Fashion,2505.54,3,False
O2642,C11294,2024-01-06,Sports,1965.29,2,True
O2643,C11295,2024-05-20,Home & Kitchen,1958.72,2,False
O2644,C11296,2025-08-18,Fashion,1534.16,2,False
O2645,C11297,2025-07-04,Home & Kitchen,4309.51,2,False
O2646,C11297,2025-08-21,Home & Kitchen,2928.42,2,False
O2647,C11297,2025-09-10,Fashion,2276.72,3,False
O2648,C11298,2025-11-17,Electronics,14576.77,3,False
O2649,C11298,2025-12-18,Sports,2931.88,2,False
O2650,C11299,2025-02-26,Electronics,14434.91,1,False
O2651,C11299,2025-04-02,Home & Kitchen,5008.4,2,False
O2652,C11299,2025-04-04,Beauty,1668.32,3,False
O2653,C11300,2025-03-09,Electronics,10437.94,3,False
O2654,C11300,2025-03-19,Home & Kitchen,2118.51,2,False
O2655,C11300,2025-04-30,Fashion,3781.01,1,False
O2656,C11300,2025-05-11,Electronics,20327.61,3,False
O2657,C11301,2025-01-15,Sports,3761.76,2,False
O2658,C11301,2025-01-27,Fashion,4372.16,3,False
O2659,C11301,2025-02-12,Fashion,1730.23,2,False
O2660,C11302,2024-12-27,Books,350.7,1,True
O2661,C11303,2024-12-28,Home & Kitchen,1754.55,2,False
O2662,C11303,2025-01-28,Sports,2968.34,3,True
O2663,C11304,2024-07-23,Fashion,6453.92,2,False
O2664,C11304,2024-09-06,Beauty,4596.62,1,False
O2665,C11304,2024-10-23,Home & Kitchen,7729.87,1,False
O2666,C11305,2025-08-21,Home & Kitchen,4829.42,1,False
O2667,C11306,2024-09-07,Sports,2454.63,1,False
O2668,C11307,2025-03-03,Sports,916.6,3,False
O2669,C11308,2025-04-15,Beauty,1734.32,2,False
O2670,C11309,2025-01-11,Books,435.55,2,False
O2671,C11310,2025-03-04,Electronics,37833.88,3,False
O2672,C11310,2025-07-30,Electronics,5836.07,1,False
O2673,C11310,2025-09-01,Electronics,7730.44,1,False
O2674,C11311,2024-02-09,Home & Kitchen,1633.32,2,False
O2675,C11312,2024-08-23,Home & Kitchen,1231.65,3,False
O2676,C11312,2024-12-30,Sports,2705.76,2,False
O2677,C11312,2025-05-07,Electronics,10758.87,1,False
O2678,C11313,2024-11-21,Books,620.34,2,False
O2679,C11313,2024-11-23,Home & Kitchen,4143.32,1,False
O2680,C11313,2024-11-23,Fashion,6719.47,3,False
O2681,C11313,2025-01-25,Sports,3665.46,3,False
O2682,C11313,2025-05-26,Home & Kitchen,4099.94,1,False
O2683,C11314,2024-10-03,Beauty,942.06,2,False
O2684,C11314,2024-10-20,Books,931.25,1,False
O2685,C11314,2024-11-15,Sports,2727.18,1,False
O2686,C11315,2025-09-29,Electronics,3653.18,2,False
O2687,C11316,2025-09-27,Sports,1955.78,2,False
O2688,C11317,2025-05-15,Fashion,2424.18,1,True
O2689,C11317,2025-05-25,Sports,3349.87,2,False
O2690,C11317,2025-07-02,Beauty,1041.08,2,False
O2691,C11318,2024-09-07,Beauty,846.7,3,False
O2692,C11318,2024-09-10,Fashion,3452.25,2,False
O2693,C11319,2024-02-07,Sports,2048.12,1,False
O2694,C11320,2025-06-15,Sports,4529.38,3,False
O2695,C11321,2025-09-24,Sports,3023.05,2,True
O2696,C11322,2024-12-09,Electronics,20879.49,1,False
O2697,C11322,2025-01-01,Electronics,7910.57,3,False
O2698,C11323,2025-08-03,Beauty,684.11,1,False
O2699,C11324,2025-10-14,Sports,4245.63,2,False
O2700,C11325,2025-01-18,Sports,2367.37,1,False
O2701,C11326,2024-05-26,Books,439.01,2,False
O2702,C11326,2024-07-21,Sports,1860.98,3,False
O2703,C11327,2024-01-17,Fashion,3055.36,1,True
O2704,C11328,2025-06-15,Books,631.28,2,False
O2705,C11328,2025-06-17,Books,1070.38,3,False
O2706,C11328,2025-06-30,Home & Kitchen,4372.79,3,False
O2707,C11329,2025-01-28,Home & Kitchen,9549.88,1,False
O2708,C11329,2025-02-10,Home & Kitchen,2872.97,1,False
O2709,C11329,2025-02-17,Sports,4620.1,1,False
O2710,C11329,2025-02-17,Electronics,18420.83,2,False
O2711,C11329,2025-02-25,Books,723.06,2,False
O2712,C11330,2024-04-19,Fashion,2951.37,2,False
O2713,C11330,2024-05-07,Books,221.4,2,False
O2714,C11331,2024-02-10,Books,420.43,2,True
O2715,C11331,2024-04-08,Fashion,1787.71,2,False
O2716,C11332,2025-11-09,Home & Kitchen,1097.34,1,False
O2717,C11333,2024-08-13,Sports,2370.93,2,False
O2718,C11333,2024-09-23,Electronics,8648.22,1,False
O2719,C11333,2024-09-25,Sports,1835.63,3,False
O2720,C11333,2024-11-15,Sports,3175.3,3,True
O2721,C11334,2024-08-20,Home & Kitchen,9940.61,3,False
O2722,C11334,2024-09-04,Beauty,809.81,3,False
O2723,C11334,2024-10-10,Electronics,38192.64,3,True
O2724,C11334,2024-11-02,Home & Kitchen,4936.14,3,False
O2725,C11335,2025-03-24,Electronics,4968.96,1,False
O2726,C11335,2025-05-17,Fashion,1421.1,2,False
O2727,C11335,2025-07-14,Books,465.8,1,False
O2728,C11335,2025-08-03,Beauty,2067.82,1,True
O2729,C11335,2025-10-06,Home & Kitchen,1323.72,3,False
O2730,C11335,2025-12-13,Electronics,8400.84,3,False
O2731,C11336,2024-09-18,Home & Kitchen,1969.2,1,False
O2732,C11336,2024-11-01,Electronics,6596.45,1,False
O2733,C11336,2024-12-28,Books,526.68,1,False
O2734,C11336,2025-03-12,Books,936.8,2,False
O2735,C11337,2025-10-03,Home & Kitchen,2769.39,1,False
O2736,C11338,2025-04-25,Sports,1479.98,2,False
O2737,C11339,2024-09-07,Electronics,8180.91,2,False
O2738,C11339,2024-09-10,Sports,2059.48,1,False
O2739,C11339,2024-10-08,Beauty,792.81,3,False
O2740,C11340,2024-07-09,Fashion,1998.21,3,False
O2741,C11340,2024-08-06,Beauty,846.52,1,False
O2742,C11340,2024-10-04,Electronics,9912.38,3,False
O2743,C11341,2025-08-25,Fashion,2811.72,3,False
O2744,C11342,2025-02-21,Electronics,10843.81,2,False
O2745,C11342,2025-03-11,Fashion,2265.85,3,False
O2746,C11342,2025-04-17,Fashion,2912.41,3,False
O2747,C11342,2025-04-17,Sports,5728.97,2,False
O2748,C11342,2025-04-23,Electronics,25682.14,1,False
O2749,C11342,2025-05-16,Electronics,10061.01,2,False
O2750,C11343,2025-10-04,Electronics,5602.48,2,False
O2751,C11343,2025-11-22,Electronics,19533.56,2,False
O2752,C11344,2024-09-04,Books,764.5,1,False
O2753,C11344,2024-09-12,Beauty,835.11,2,False
O2754,C11345,2024-01-18,Fashion,1657.01,2,False
O2755,C11346,2025-09-21,Fashion,1884.43,2,False
O2756,C11346,2025-12-31,Fashion,1653.32,3,False
O2757,C11347,2024-06-16,Fashion,1212.07,3,False
O2758,C11347,2024-06-25,Electronics,12739.82,3,False
O2759,C11347,2024-07-25,Books,574.27,2,False
O2760,C11348,2025-08-16,Electronics,11685.92,2,False
O2761,C11348,2025-08-30,Sports,2340.96,1,False
O2762,C11349,2025-05-11,Sports,1015.8,1,False
O2763,C11349,2025-07-20,Electronics,7392.35,2,False
O2764,C11350,2024-06-12,Sports,3512.69,2,False
O2765,C11350,2024-06-13,Beauty,1454.76,1,False
O2766,C11351,2025-06-23,Home & Kitchen,2477.4,3,False
O2767,C11352,2024-03-03,Electronics,8591.83,3,False
O2768,C11353,2024-10-01,Beauty,1193.39,1,False
O2769,C11353,2025-01-09,Home & Kitchen,1621.12,1,False
O2770,C11354,2024-09-07,Electronics,14150.02,2,False
O2771,C11355,2025-04-13,Fashion,3861.8,1,False
O2772,C11356,2025-01-12,Fashion,1925.8,3,True
O2773,C11356,2025-01-19,Electronics,10709.55,3,False
O2774,C11357,2025-03-05,Electronics,14696.77,2,False
O2775,C11358,2024-11-29,Electronics,12265.13,3,False
O2776,C11359,2025-06-03,Fashion,1094.84,2,False
O2777,C11360,2024-04-22,Electronics,9039.75,2,True
O2778,C11361,2025-05-19,Fashion,2273.24,1,False
O2779,C11361,2025-06-03,Home & Kitchen,2314.37,3,False
O2780,C11361,2025-08-05,Books,361.85,2,False
O2781,C11362,2024-02-07,Fashion,1560.17,1,False
O2782,C11363,2024-03-02,Fashion,2443.83,1,False
O2783,C11363,2024-03-17,Home & Kitchen,1212.57,1,False
O2784,C11363,2024-03-19,Home & Kitchen,5127.33,2,False
O2785,C11363,2024-03-23,Electronics,9186.72,1,False
O2786,C11363,2024-05-21,Home & Kitchen,2411.26,2,False
O2787,C11363,2024-08-02,Beauty,833.33,3,False
O2788,C11364,2025-05-21,Fashion,4004.15,1,False
O2789,C11364,2025-05-25,Fashion,1875.59,1,False
O2790,C11365,2024-04-20,Fashion,2803.54,3,False
O2791,C11365,2024-07-13,Books,445.98,3,False
O2792,C11365,2024-08-23,Electronics,3902.54,3,False
O2793,C11366,2025-06-23,Beauty,239.36,2,False
O2794,C11367,2024-04-02,Sports,2480.46,3,False
O2795,C11367,2024-04-08,Fashion,1215.57,1,False
O2796,C11367,2024-05-12,Sports,2798.07,2,False
O2797,C11368,2024-04-15,Electronics,10532.28,2,False
O2798,C11369,2025-10-14,Fashion,777.49,2,False
O2799,C11370,2024-05-05,Beauty,1890.03,1,False
O2800,C11370,2024-06-09,Sports,6758.14,3,False
O2801,C11371,2025-10-08,Fashion,4786.37,1,False
O2802,C11372,2024-09-02,Home & Kitchen,3059.45,1,False
O2803,C11372,2024-10-24,Beauty,1312.59,3,False
O2804,C11373,2025-07-13,Home & Kitchen,2328.52,3,False
O2805,C11374,2025-10-24,Sports,1322.81,2,False
O2806,C11374,2025-12-11,Beauty,1118.59,3,False
O2807,C11375,2024-03-23,Sports,6064.47,1,False
O2808,C11375,2024-03-24,Sports,1169.37,3,False
O2809,C11376,2024-08-22,Sports,1753.22,1,False
O2810,C11376,2024-11-06,Beauty,1237.39,3,False
O2811,C11376,2024-11-11,Electronics,4241.75,2,False
O2812,C11377,2025-02-07,Electronics,14743.79,3,False
O2813,C11377,2025-02-08,Fashion,2255.39,3,False
O2814,C11378,2025-08-29,Books,217.23,2,False
O2815,C11379,2024-05-11,Beauty,878.29,3,False
O2816,C11380,2024-05-12,Sports,1458.48,2,False
O2817,C11380,2024-06-12,Electronics,9884.78,1,False
O2818,C11380,2024-07-04,Fashion,909.25,1,False
O2819,C11381,2024-09-14,Home & Kitchen,4859.41,3,False
O2820,C11381,2024-09-24,Beauty,747.77,2,False
O2821,C11382,2024-05-26,Books,658.36,3,True
O2822,C11382,2024-06-04,Fashion,1956.04,1,False
O2823,C11382,2024-09-11,Sports,1924.37,3,False
O2824,C11382,2024-09-14,Fashion,3914.56,3,False
O2825,C11382,2024-10-10,Electronics,17728.59,3,False
O2826,C11382,2024-12-20,Sports,3552.35,3,False
O2827,C11382,2025-02-22,Electronics,20171.99,3,False
O2828,C11383,2024-07-06,Beauty,1042.05,3,False
O2829,C11383,2024-07-31,Beauty,1548.17,2,False
O2830,C11383,2024-08-02,Sports,5722.08,3,False
O2831,C11384,2024-04-01,Sports,3300.39,1,False
O2832,C11384,2024-05-04,Beauty,1186.19,3,False
O2833,C11384,2024-07-17,Beauty,2108.83,1,False
O2834,C11385,2025-08-03,Sports,1387.25,3,False
O2835,C11385,2025-10-04,Home & Kitchen,1905.06,3,False
O2836,C11386,2025-07-14,Electronics,9138.99,1,False
O2837,C11386,2025-07-14,Sports,1701.63,3,False
O2838,C11386,2025-08-07,Home & Kitchen,8929.49,3,False
O2839,C11387,2024-04-12,Fashion,3704.96,1,False
O2840,C11388,2025-01-11,Electronics,10743.1,2,False
O2841,C11389,2025-03-31,Home & Kitchen,3111.48,2,False
O2842,C11389,2025-05-06,Fashion,3333.57,3,False
O2843,C11390,2025-03-20,Fashion,1223.95,2,False
O2844,C11391,2025-11-19,Electronics,5429.83,3,False
O2845,C11391,2025-11-25,Electronics,29451.01,3,False
O2846,C11391,2025-12-27,Electronics,11857.41,1,False
O2847,C11392,2025-03-29,Books,314.36,2,False
O2848,C11392,2025-04-28,Beauty,1328.56,3,False
O2849,C11392,2025-05-04,Home & Kitchen,2938.34,3,False
O2850,C11392,2025-05-21,Sports,3244.92,3,False
O2851,C11392,2025-05-25,Electronics,24651.58,2,False
O2852,C11392,2025-07-24,Electronics,18092.12,3,False
O2853,C11393,2025-04-25,Sports,2409.56,2,False
O2854,C11394,2024-01-25,Fashion,1190.21,3,False
O2855,C11394,2024-03-24,Sports,3429.66,1,False
O2856,C11395,2024-03-01,Home & Kitchen,1628.46,2,False
O2857,C11395,2024-06-05,Books,290.35,3,False
O2858,C11395,2024-06-17,Home & Kitchen,2852.73,3,False
O2859,C11395,2024-10-17,Electronics,24854.87,2,False
O2860,C11396,2025-03-12,Electronics,19216.59,3,False
O2861,C11397,2025-10-01,Fashion,2209.71,2,False
O2862,C11397,2025-11-02,Electronics,8054.48,1,False
O2863,C11397,2025-11-07,Beauty,611.1,2,False
O2864,C11398,2024-10-07,Fashion,5520.83,1,False
O2865,C11398,2024-10-15,Beauty,2407.04,3,False
O2866,C11399,2025-03-30,Books,598.99,1,False
O2867,C11399,2025-05-13,Sports,758.33,1,False
O2868,C11400,2024-05-28,Electronics,8658.38,2,False
O2869,C11401,2024-11-21,Home & Kitchen,3943.79,2,False
O2870,C11401,2024-12-20,Sports,3950.81,3,False
O2871,C11401,2025-01-07,Electronics,10553.12,1,False
O2872,C11401,2025-01-19,Fashion,11557.99,1,False
O2873,C11401,2025-02-26,Electronics,41125.28,3,False
O2874,C11402,2025-06-12,Home & Kitchen,5007.84,3,False
O2875,C11403,2025-04-10,Sports,2760.92,1,False
O2876,C11403,2025-04-24,Electronics,10184.28,2,False
O2877,C11404,2024-03-20,Sports,2222.83,2,False
O2878,C11404,2024-04-13,Fashion,1875.37,3,False
O2879,C11405,2025-09-08,Sports,3414.2,2,False
O2880,C11405,2025-10-19,Books,701.38,1,False
O2881,C11406,2025-10-16,Electronics,5823.9,2,False
O2882,C11407,2024-11-30,Books,1025.3,3,False
O2883,C11407,2024-12-29,Sports,4514.74,2,False
O2884,C11408,2024-09-02,Home & Kitchen,1278.34,1,False
O2885,C11408,2024-09-09,Electronics,7286.49,3,False
O2886,C11408,2024-09-09,Beauty,1271.57,1,False
O2887,C11408,2024-10-29,Beauty,1416.74,3,False
O2888,C11409,2025-01-07,Electronics,9248.37,1,False
O2889,C11409,2025-02-11,Home & Kitchen,6085.63,3,False
O2890,C11410,2025-07-15,Electronics,7999.8,1,False
O2891,C11410,2025-08-06,Fashion,1402.28,2,False
O2892,C11411,2024-11-18,Sports,2730.74,1,False
O2893,C11411,2025-01-29,Electronics,7990.59,2,False
O2894,C11411,2025-02-07,Electronics,26551.51,2,False
O2895,C11411,2025-04-03,Books,252.02,3,False
O2896,C11411,2025-04-09,Fashion,2838.12,2,False
O2897,C11411,2025-06-11,Electronics,23653.18,1,False
O2898,C11411,2025-07-16,Books,282.14,2,False
O2899,C11411,2025-09-10,Fashion,1129.61,2,False
O2900,C11411,2025-09-16,Sports,1913.97,2,True
O2901,C11412,2024-01-27,Electronics,9227.64,3,False
O2902,C11413,2024-02-21,Fashion,3647.78,2,False
O2903,C11413,2024-03-31,Electronics,19562.08,2,False
O2904,C11413,2024-07-15,Books,435.46,2,True
O2905,C11414,2025-07-24,Fashion,998.13,3,False
O2906,C11414,2025-10-01,Sports,4577.53,3,False
O2907,C11414,2025-10-21,Home & Kitchen,7246.15,1,True
O2908,C11414,2025-10-26,Electronics,6937.92,3,True
O2909,C11414,2025-12-22,Electronics,7182.55,2,False
O2910,C11415,2025-07-04,Sports,3315.53,1,False
O2911,C11415,2025-09-19,Books,365.54,2,False
O2912,C11415,2025-09-29,Fashion,2324.58,2,False
O2913,C11416,2025-06-29,Home & Kitchen,5480.46,2,False
O2914,C11417,2024-03-30,Home & Kitchen,906.67,2,False
O2915,C11418,2024-05-06,Home & Kitchen,1594.04,1,False
O2916,C11419,2024-10-04,Electronics,8364.07,3,False
O2917,C11420,2024-06-13,Sports,933.01,1,False
O2918,C11421,2024-09-27,Fashion,4827.71,2,False
O2919,C11422,2025-01-28,Sports,752.14,2,False
O2920,C11422,2025-02-06,Fashion,1937.62,1,False
O2921,C11422,2025-04-03,Sports,2421.51,1,False
O2922,C11423,2024-07-22,Sports,1101.77,2,False
O2923,C11424,2024-04-02,Home & Kitchen,2481.33,1,False
O2924,C11424,2024-04-12,Home & Kitchen,6553.73,2,False
O2925,C11425,2024-10-18,Electronics,21363.09,3,False
O2926,C11426,2025-05-27,Books,256.06,1,False
O2927,C11427,2025-03-09,Books,470.98,3,False
O2928,C11428,2024-08-17,Home & Kitchen,5636.32,2,False
O2929,C11428,2024-09-01,Home & Kitchen,2811.19,1,False
O2930,C11428,2024-09-03,Electronics,10014.22,2,False
O2931,C11428,2024-09-14,Fashion,4676.21,1,False
O2932,C11429,2024-08-19,Electronics,3194.9,2,False
O2933,C11429,2024-09-13,Fashion,933.57,1,False
O2934,C11429,2024-10-07,Electronics,11326.23,3,False
O2935,C11429,2024-11-20,Sports,3173.1,1,False
O2936,C11429,2024-12-04,Sports,2179.92,2,False
O2937,C11430,2025-02-12,Fashion,1664.68,2,False
O2938,C11430,2025-02-28,Home & Kitchen,2201.45,2,False
O2939,C11430,2025-04-03,Beauty,471.95,3,False
O2940,C11430,2025-07-08,Books,324.14,3,False
O2941,C11431,2024-04-30,Electronics,8135.79,2,False
O2942,C11431,2024-06-28,Fashion,1092.52,1,False
O2943,C11432,2025-08-06,Sports,3849.72,1,False
O2944,C11432,2025-08-29,Beauty,538.69,2,False
O2945,C11433,2025-08-31,Home & Kitchen,4166.24,1,False
O2946,C11434,2024-01-24,Electronics,16021.21,2,False
O2947,C11434,2024-05-02,Fashion,3353.48,3,False
O2948,C11435,2025-11-12,Beauty,921.62,1,False
O2949,C11435,2025-11-15,Sports,3137.94,1,False
O2950,C11436,2024-01-18,Books,457.16,2,False
O2951,C11436,2024-03-22,Home & Kitchen,2322.86,3,False
O2952,C11436,2024-03-23,Fashion,3644.17,1,False
O2953,C11436,2024-04-03,Home & Kitchen,2961.5,1,False
O2954,C11436,2024-04-09,Electronics,9690.32,1,False
O2955,C11436,2024-04-19,Home & Kitchen,2651.56,2,False
O2956,C11436,2024-06-10,Electronics,9043.16,1,False
O2957,C11436,2024-06-22,Books,592.99,2,False
O2958,C11436,2024-07-23,Beauty,1239.43,3,False
O2959,C11437,2024-11-17,Electronics,13909.49,2,False
O2960,C11437,2024-12-28,Fashion,664.33,2,False
O2961,C11437,2025-01-27,Sports,3308.89,3,False
O2962,C11438,2025-04-12,Sports,1366.72,3,False
O2963,C11438,2025-05-02,Fashion,5182.39,2,False
O2964,C11438,2025-05-08,Sports,2454.22,1,False
O2965,C11438,2025-07-03,Home & Kitchen,3960.36,1,True
O2966,C11439,2024-08-17,Electronics,12368.08,2,False
O2967,C11439,2024-12-06,Beauty,1875.53,2,False
O2968,C11439,2025-01-07,Fashion,1004.07,1,False
O2969,C11439,2025-02-05,Electronics,8814.27,3,False
O2970,C11440,2024-05-27,Books,633.95,3,False
O2971,C11440,2024-05-29,Beauty,2490.0,3,False
O2972,C11440,2024-07-27,Home & Kitchen,3059.84,2,False
O2973,C11440,2024-08-12,Home & Kitchen,2706.39,1,True
O2974,C11440,2024-08-15,Sports,3165.3,2,False
O2975,C11440,2024-09-14,Fashion,2081.06,2,False
O2976,C11441,2024-02-06,Electronics,7459.01,2,False
O2977,C11442,2025-05-28,Beauty,1729.55,2,False
O2978,C11443,2024-02-04,Beauty,2217.08,2,False
O2979,C11444,2024-12-05,Books,344.94,3,False
O2980,C11445,2024-10-05,Home & Kitchen,4830.33,1,True
O2981,C11445,2024-10-29,Beauty,817.36,3,False
O2982,C11445,2025-06-23,Sports,2294.55,2,False
O2983,C11445,2025-07-29,Books,356.05,3,False
O2984,C11445,2025-09-11,Fashion,1502.13,2,False
O2985,C11445,2025-11-15,Sports,1262.74,1,False
O2986,C11446,2025-11-09,Fashion,1884.96,1,False
O2987,C11447,2025-10-19,Electronics,16875.2,3,True
O2988,C11447,2025-11-06,Fashion,4590.37,1,False
O2989,C11448,2025-08-05,Electronics,8840.35,1,False
O2990,C11449,2025-05-27,Fashion,4954.28,1,False
O2991,C11450,2025-01-16,Home & Kitchen,4074.46,3,False
O2992,C11450,2025-01-25,Electronics,11514.85,2,False
O2993,C11450,2025-06-17,Electronics,3219.64,1,False
O2994,C11450,2025-11-19,Electronics,12831.91,2,False
O2995,C11451,2024-09-03,Fashion,1589.51,3,False
O2996,C11452,2024-04-29,Sports,6809.23,3,False
O2997,C11453,2025-11-18,Electronics,6404.13,1,False
O2998,C11453,2025-12-01,Home & Kitchen,2831.95,1,False
O2999,C11454,2024-09-28,Electronics,8332.74,2,False
O3000,C11454,2024-11-23,Electronics,11109.53,1,False
O3001,C11454,2024-12-09,Fashion,2522.96,3,False
O3002,C11454,2025-01-13,Beauty,975.77,2,False
O3003,C11454,2025-02-03,Home & Kitchen,3075.69,3,False
O3004,C11454,2025-02-17,Electronics,5966.12,3,False
O3005,C11454,2025-03-13,Sports,4058.24,2,False
O3006,C11454,2025-08-06,Fashion,2082.2,3,False
O3007,C11455,2024-10-31,Fashion,1780.54,3,False
O3008,C11455,2024-11-11,Home & Kitchen,1932.3,2,False
O3009,C11456,2024-04-10,Electronics,13949.65,3,False
O3010,C11456,2024-04-25,Beauty,893.35,3,False
O3011,C11457,2024-07-14,Electronics,13510.77,3,False
O3012,C11458,2025-03-23,Home & Kitchen,1250.3,2,False
O3013,C11458,2025-04-03,Beauty,995.83,3,False
O3014,C11458,2025-07-28,Electronics,13535.5,3,False
O3015,C11458,2025-07-31,Home & Kitchen,1586.65,3,False
O3016,C11459,2024-10-25,Beauty,1039.87,2,False
O3017,C11459,2025-02-24,Fashion,4134.5,1,False
O3018,C11459,2025-03-04,Books,332.04,1,False
O3019,C11460,2025-02-22,Electronics,12152.52,2,False
O3020,C11460,2025-03-25,Home & Kitchen,2447.69,3,False
O3021,C11461,2024-05-29,Electronics,5830.4,1,False
O3022,C11462,2024-02-29,Fashion,2890.76,1,False
O3023,C11463,2025-09-12,Electronics,11046.22,2,False
O3024,C11464,2024-11-03,Electronics,24013.2,1,False
O3025,C11465,2024-09-11,Home & Kitchen,1321.83,1,False
O3026,C11465,2024-09-30,Beauty,722.61,2,False
O3027,C11466,2024-07-19,Electronics,10379.07,2,False
O3028,C11467,2025-04-06,Fashion,2969.26,3,False
O3029,C11467,2025-05-14,Fashion,8670.32,2,False
O3030,C11468,2025-01-30,Home & Kitchen,3373.76,2,False
O3031,C11468,2025-02-12,Electronics,7557.72,2,False
O3032,C11469,2024-10-02,Beauty,569.01,3,False
O3033,C11469,2025-02-12,Home & Kitchen,5535.16,3,False
O3034,C11469,2025-02-16,Fashion,4627.71,2,False
O3035,C11469,2025-07-08,Fashion,2180.0,3,False
O3036,C11470,2025-10-15,Electronics,4890.0,3,False
O3037,C11470,2025-12-02,Electronics,6587.78,1,False
O3038,C11470,2025-12-13,Fashion,2458.62,3,False
O3039,C11470,2025-12-17,Beauty,1159.53,3,False
O3040,C11471,2025-09-23,Home & Kitchen,4305.96,1,False
O3041,C11472,2024-05-18,Fashion,3030.89,3,False
O3042,C11473,2025-03-29,Home & Kitchen,6976.05,1,False
O3043,C11473,2025-05-27,Fashion,1994.36,3,False
O3044,C11474,2025-11-12,Beauty,1469.41,1,False
O3045,C11475,2024-12-14,Fashion,2751.66,2,True
O3046,C11475,2025-01-21,Fashion,1615.6,1,False
O3047,C11475,2025-04-24,Beauty,688.97,2,False
O3048,C11475,2025-05-24,Home & Kitchen,1338.47,3,False
O3049,C11475,2025-06-21,Books,326.21,3,False
O3050,C11476,2024-01-27,Home & Kitchen,2721.36,1,False
O3051,C11477,2024-04-02,Home & Kitchen,13338.6,3,False
O3052,C11478,2025-04-14,Beauty,1106.94,1,False
O3053,C11478,2025-05-17,Electronics,7854.73,2,False
O3054,C11478,2025-07-14,Fashion,1457.05,2,False
O3055,C11478,2025-10-24,Home & Kitchen,1533.68,3,False
O3056,C11478,2025-11-17,Beauty,834.25,1,False
O3057,C11479,2025-09-26,Electronics,4160.68,2,False
O3058,C11480,2024-03-31,Fashion,1910.27,2,False
O3059,C11481,2025-01-17,Sports,2913.65,3,False
O3060,C11481,2025-01-28,Beauty,1125.67,1,False
O3061,C11481,2025-02-03,Fashion,1079.94,2,False
O3062,C11482,2024-12-15,Home & Kitchen,1355.3,1,False
O3063,C11482,2024-12-18,Fashion,3173.55,2,False
O3064,C11483,2024-07-18,Fashion,2013.1,1,False
O3065,C11483,2024-10-04,Electronics,9776.63,1,False
O3066,C11484,2025-03-19,Fashion,1041.23,1,False
O3067,C11484,2025-06-04,Home & Kitchen,11015.09,2,False
O3068,C11484,2025-08-01,Home & Kitchen,2644.95,2,False
O3069,C11485,2025-09-06,Sports,3357.96,1,False
O3070,C11486,2024-06-27,Fashion,649.47,1,False
O3071,C11486,2024-10-13,Electronics,14476.04,3,False
O3072,C11487,2024-02-09,Electronics,11393.13,2,False
O3073,C11488,2024-09-12,Electronics,12066.63,2,False
O3074,C11488,2024-10-20,Fashion,2418.88,1,False
O3075,C11488,2024-10-23,Sports,4406.12,1,False
O3076,C11488,2024-11-25,Home & Kitchen,2996.88,1,False
O3077,C11488,2025-03-25,Home & Kitchen,3442.76,1,False
O3078,C11488,2025-07-13,Fashion,1583.16,1,False
O3079,C11489,2024-08-09,Beauty,947.16,3,False
O3080,C11489,2024-08-23,Sports,1770.6,3,False
O3081,C11490,2025-06-01,Fashion,1914.05,2,True
O3082,C11490,2025-07-03,Home & Kitchen,4922.16,3,False
O3083,C11490,2025-07-10,Beauty,1867.8,2,False
O3084,C11491,2025-01-10,Beauty,746.47,3,False
O3085,C11492,2024-01-13,Fashion,1771.79,2,True
O3086,C11493,2024-08-25,Home & Kitchen,3123.15,1,False
O3087,C11493,2024-09-03,Sports,2259.03,1,False
O3088,C11493,2024-10-18,Home & Kitchen,2375.78,2,True
O3089,C11494,2025-06-09,Electronics,9881.27,3,False
O3090,C11494,2025-06-20,Electronics,6468.23,3,False
O3091,C11494,2025-09-01,Sports,2358.43,2,False
O3092,C11494,2025-09-10,Electronics,9402.94,3,False
O3093,C11494,2025-12-06,Sports,2371.02,1,False
O3094,C11494,2025-12-13,Beauty,1093.94,2,False
O3095,C11495,2024-12-01,Beauty,1004.08,2,False
O3096,C11495,2024-12-07,Fashion,870.65,1,False
O3097,C11495,2024-12-07,Fashion,5031.17,3,False
O3098,C11496,2025-02-02,Fashion,3861.65,3,False
O3099,C11496,2025-05-11,Beauty,1062.84,3,False
O3100,C11497,2024-07-04,Electronics,8680.83,2,False
O3101,C11498,2024-08-17,Books,578.23,1,False
O3102,C11499,2024-04-01,Books,626.17,3,False
O3103,C11499,2024-04-05,Books,593.9,2,False
O3104,C11499,2024-04-28,Beauty,784.36,2,False
O3105,C11500,2024-02-27,Beauty,775.3,2,False
O3106,C11501,2024-01-27,Sports,3039.84,1,False
O3107,C11502,2025-03-13,Books,1216.42,3,False
O3108,C11503,2024-04-23,Home & Kitchen,5848.86,1,False
O3109,C11503,2024-05-15,Books,164.69,1,False
O3110,C11503,2024-07-22,Electronics,11396.26,3,False
O3111,C11503,2024-07-30,Electronics,6282.04,3,False
O3112,C11504,2025-02-05,Electronics,22431.47,2,False
O3113,C11504,2025-03-05,Home & Kitchen,1526.33,2,False
O3114,C11504,2025-03-31,Electronics,2741.14,1,False
O3115,C11505,2025-10-30,Books,678.7,3,False
O3116,C11506,2025-05-09,Sports,2443.78,3,False
O3117,C11507,2025-02-07,Sports,1225.08,2,True
O3118,C11507,2025-05-15,Sports,1597.0,1,False
O3119,C11507,2025-05-16,Electronics,8567.92,2,False
O3120,C11508,2024-03-22,Fashion,2299.04,3,False
O3121,C11508,2024-03-23,Fashion,2485.16,2,False
O3122,C11508,2024-03-28,Home & Kitchen,5948.09,2,False
O3123,C11508,2024-04-29,Home & Kitchen,6234.21,2,False
O3124,C11508,2024-05-08,Sports,3504.27,3,False
O3125,C11509,2024-12-09,Electronics,10919.94,2,False
O3126,C11509,2024-12-12,Sports,2290.05,1,False
O3127,C11510,2025-09-18,Fashion,1484.54,1,False
O3128,C11510,2025-09-24,Electronics,16759.62,3,False
O3129,C11510,2025-10-24,Fashion,1272.26,1,False
O3130,C11510,2025-11-16,Fashion,2875.05,3,True
O3131,C11511,2024-09-27,Home & Kitchen,4508.78,1,False
O3132,C11511,2025-03-28,Home & Kitchen,4048.72,1,False
O3133,C11512,2025-08-02,Sports,3371.67,2,False
O3134,C11513,2025-05-14,Fashion,3120.01,2,False
O3135,C11513,2025-06-08,Home & Kitchen,733.01,3,False
O3136,C11513,2025-08-05,Beauty,797.64,3,False
O3137,C11514,2024-07-08,Beauty,699.94,3,False
O3138,C11514,2024-07-09,Fashion,3007.84,2,False
O3139,C11515,2024-04-09,Fashion,3910.88,1,False
O3140,C11515,2024-06-20,Fashion,3891.71,2,False
O3141,C11516,2024-01-13,Electronics,5713.47,1,False
O3142,C11517,2024-07-14,Books,333.06,3,True
O3143,C11517,2024-10-04,Fashion,1052.62,2,False
O3144,C11517,2024-10-16,Sports,3764.13,3,False
O3145,C11517,2024-10-25,Sports,1988.94,3,False
O3146,C11518,2024-08-23,Electronics,9079.43,1,False
O3147,C11518,2024-11-16,Fashion,2019.39,1,False
O3148,C11519,2025-04-07,Fashion,4247.33,1,False
O3149,C11519,2025-05-13,Sports,4656.72,2,False
O3150,C11519,2025-05-22,Home & Kitchen,3779.54,3,False
O3151,C11520,2025-02-04,Electronics,6712.55,1,False
O3152,C11521,2024-12-02,Home & Kitchen,3550.36,3,False
O3153,C11522,2025-05-21,Home & Kitchen,3517.99,1,False
O3154,C11523,2025-06-23,Fashion,3059.03,1,False
O3155,C11524,2025-05-15,Electronics,26880.26,1,False
O3156,C11524,2025-08-16,Electronics,10960.76,1,False
O3157,C11525,2025-09-22,Beauty,3149.92,2,False
O3158,C11525,2025-10-20,Fashion,4386.62,1,False
O3159,C11525,2025-10-26,Electronics,11530.71,3,False
O3160,C11526,2024-09-14,Fashion,1368.49,1,False
O3161,C11526,2024-09-14,Home & Kitchen,1211.09,3,False
O3162,C11526,2024-12-04,Beauty,2104.04,2,True
O3163,C11526,2025-04-03,Fashion,1193.28,3,False
O3164,C11527,2025-07-30,Books,472.35,3,False
O3165,C11527,2025-10-14,Sports,1280.19,1,False
O3166,C11527,2025-10-27,Electronics,12283.4,1,False
O3167,C11528,2024-10-25,Fashion,2619.83,1,False
O3168,C11528,2024-11-11,Fashion,915.75,3,False
O3169,C11528,2024-11-17,Books,438.93,2,False
O3170,C11528,2025-02-25,Electronics,10819.41,1,False
O3171,C11529,2024-05-08,Fashion,1743.9,3,False
O3172,C11530,2024-04-12,Books,840.53,1,False
O3173,C11531,2024-03-09,Sports,2893.05,3,False
O3174,C11531,2024-04-22,Electronics,9520.1,2,False
O3175,C11532,2025-11-08,Books,416.11,1,False
O3176,C11532,2025-12-02,Sports,3177.35,3,False
O3177,C11533,2024-04-28,Home & Kitchen,3718.18,3,False
O3178,C11533,2024-05-05,Home & Kitchen,2465.86,1,False
O3179,C11533,2024-07-01,Fashion,1836.03,1,False
O3180,C11533,2024-07-01,Fashion,1142.83,2,False
O3181,C11533,2024-07-04,Electronics,10411.32,3,True
O3182,C11534,2025-08-10,Books,693.38,2,False
O3183,C11534,2025-10-17,Electronics,11766.13,3,False
O3184,C11535,2025-07-02,Home & Kitchen,2084.8,1,False
O3185,C11536,2024-11-07,Sports,681.63,2,False
O3186,C11537,2025-10-06,Beauty,983.55,3,False
O3187,C11538,2025-09-28,Books,434.38,1,False
O3188,C11539,2025-10-16,Home & Kitchen,3651.88,2,False
O3189,C11540,2024-12-18,Electronics,22907.85,2,False
O3190,C11541,2024-07-27,Home & Kitchen,1363.02,2,False
O3191,C11541,2024-09-07,Fashion,2849.94,1,False
O3192,C11541,2024-09-10,Beauty,407.11,1,False
O3193,C11542,2024-02-06,Home & Kitchen,2741.93,2,False
O3194,C11542,2024-03-16,Sports,2390.85,1,False
O3195,C11543,2025-08-15,Sports,2102.16,3,False
O3196,C11543,2025-10-17,Beauty,1277.05,2,False
O3197,C11543,2025-12-21,Electronics,6846.73,3,False
O3198,C11544,2025-09-09,Fashion,1715.35,2,False
O3199,C11544,2025-10-14,Beauty,1095.51,2,False
O3200,C11545,2025-01-14,Sports,1349.15,2,False
O3201,C11546,2024-02-22,Home & Kitchen,3768.87,1,False
O3202,C11546,2024-03-31,Beauty,830.65,2,True
O3203,C11546,2024-05-02,Home & Kitchen,1397.12,1,False
O3204,C11546,2024-07-15,Fashion,3861.31,1,True
O3205,C11546,2024-08-04,Home & Kitchen,2374.37,2,False
O3206,C11546,2024-10-21,Electronics,4439.53,1,False
O3207,C11546,2024-12-17,Home & Kitchen,3138.84,1,False
O3208,C11546,2025-02-06,Beauty,626.8,3,False
O3209,C11546,2025-04-05,Fashion,2136.46,3,True
O3210,C11547,2025-07-31,Sports,1491.61,2,False
O3211,C11547,2025-08-31,Electronics,3087.1,2,False
O3212,C11547,2025-11-14,Beauty,1022.47,3,True
O3213,C11548,2024-07-29,Home & Kitchen,4047.26,1,False
O3214,C11548,2024-08-08,Fashion,1369.55,2,True
O3215,C11549,2025-01-18,Sports,1810.16,1,False
O3216,C11550,2025-04-07,Home & Kitchen,1644.32,1,False
O3217,C11550,2025-05-15,Books,540.48,3,True
O3218,C11550,2025-05-20,Sports,3840.92,2,False
O3219,C11550,2025-06-06,Fashion,2836.32,1,False
O3220,C11550,2025-06-22,Fashion,3496.97,3,False
O3221,C11551,2024-04-13,Electronics,10679.95,2,False
O3222,C11551,2024-05-20,Sports,3024.04,3,False
O3223,C11551,2024-08-30,Home & Kitchen,2526.47,3,False
O3224,C11551,2024-10-23,Fashion,2129.62,1,False
O3225,C11551,2024-12-16,Sports,4143.71,2,True
O3226,C11552,2024-02-14,Beauty,1095.87,1,False
O3227,C11553,2024-02-25,Sports,2482.68,1,False
O3228,C11554,2025-11-07,Beauty,549.01,3,False
O3229,C11555,2025-11-02,Electronics,6901.62,3,False
O3230,C11555,2025-11-13,Home & Kitchen,4895.93,1,False
O3231,C11556,2024-10-25,Home & Kitchen,4648.63,3,False
O3232,C11557,2024-10-25,Electronics,10699.72,2,False
O3233,C11558,2024-10-11,Home & Kitchen,1823.4,3,False
O3234,C11559,2024-09-04,Home & Kitchen,3857.78,1,False
O3235,C11559,2024-09-15,Sports,1394.87,2,False
O3236,C11560,2025-01-15,Beauty,801.8,2,False
O3237,C11561,2024-09-09,Beauty,1867.39,1,False
O3238,C11561,2024-11-16,Fashion,5236.16,2,False
O3239,C11561,2024-12-20,Sports,3106.14,3,False
O3240,C11561,2025-02-07,Electronics,9122.01,2,True
O3241,C11561,2025-03-08,Home & Kitchen,3079.24,1,False
O3242,C11562,2025-03-07,Beauty,2480.33,1,False
O3243,C11562,2025-06-01,Sports,2510.85,3,False
O3244,C11563,2024-09-23,Beauty,1342.83,1,False
O3245,C11563,2024-10-07,Electronics,9329.18,1,False
O3246,C11564,2025-03-21,Home & Kitchen,2764.3,2,False
O3247,C11564,2025-05-18,Beauty,550.55,1,False
O3248,C11565,2025-10-27,Fashion,2048.67,1,False
O3249,C11565,2025-12-31,Beauty,2200.31,2,True
O3250,C11566,2024-06-05,Sports,2737.72,3,False
O3251,C11567,2024-02-17,Fashion,2314.07,2,False
O3252,C11568,2025-01-03,Books,835.4,3,False
O3253,C11568,2025-02-23,Fashion,1380.66,3,False
O3254,C11568,2025-04-18,Home & Kitchen,1269.96,3,False
O3255,C11569,2024-03-24,Beauty,913.12,1,False
O3256,C11569,2024-03-24,Beauty,2371.85,1,False
O3257,C11570,2024-06-10,Electronics,7011.19,2,False
O3258,C11570,2024-08-07,Home & Kitchen,6239.99,2,False
O3259,C11570,2024-09-04,Electronics,12240.52,2,False
O3260,C11570,2025-03-06,Fashion,3028.13,2,False
O3261,C11571,2025-07-06,Beauty,767.82,1,True
O3262,C11572,2024-10-27,Beauty,1300.51,3,False
O3263,C11572,2025-01-27,Beauty,1089.29,2,False
O3264,C11572,2025-03-05,Electronics,11073.88,1,False
O3265,C11572,2025-03-14,Home & Kitchen,1396.78,1,False
O3266,C11573,2025-01-19,Beauty,802.16,3,False
O3267,C11574,2025-06-30,Fashion,1215.87,1,False
O3268,C11575,2024-04-02,Electronics,11190.03,1,False
O3269,C11576,2024-12-07,Electronics,30346.47,2,False
O3270,C11576,2025-02-05,Fashion,1622.98,3,False
O3271,C11577,2024-02-09,Fashion,1640.52,1,False
O3272,C11578,2024-12-21,Beauty,338.62,3,False
O3273,C11579,2024-06-07,Sports,3880.55,1,False
O3274,C11579,2024-07-07,Beauty,1319.72,2,False
O3275,C11580,2025-09-30,Fashion,3109.94,3,False
O3276,C11580,2025-12-12,Fashion,1774.97,2,False
O3277,C11581,2024-07-13,Electronics,8601.42,3,False
O3278,C11581,2024-07-20,Beauty,2481.94,3,False
O3279,C11582,2024-05-21,Electronics,19574.78,1,False
O3280,C11583,2024-01-20,Electronics,12907.67,3,False
O3281,C11583,2024-03-02,Home & Kitchen,1987.11,1,False
O3282,C11583,2024-03-20,Fashion,1044.34,3,False
O3283,C11583,2024-04-22,Sports,2258.37,3,False
O3284,C11583,2024-04-29,Sports,1556.62,1,False
O3285,C11584,2024-04-09,Beauty,661.31,2,False
O3286,C11585,2024-06-02,Electronics,14088.27,2,True
O3287,C11585,2024-06-03,Books,430.34,1,False
O3288,C11585,2024-08-26,Books,375.33,2,False
O3289,C11585,2024-09-22,Electronics,4685.17,1,False
O3290,C11585,2024-09-27,Fashion,1313.79,2,False
O3291,C11585,2024-10-06,Books,806.18,1,False
O3292,C11585,2024-10-25,Home & Kitchen,3218.3,1,False
O3293,C11585,2025-02-01,Books,377.42,1,False
O3294,C11585,2025-03-24,Fashion,1097.17,1,False
O3295,C11585,2025-04-05,Fashion,2126.02,3,False
O3296,C11586,2024-06-08,Fashion,3008.05,2,False
O3297,C11587,2025-06-01,Home & Kitchen,2528.66,1,False
O3298,C11587,2025-08-19,Fashion,2163.05,2,False
O3299,C11587,2025-11-10,Electronics,8119.78,2,False
O3300,C11588,2025-09-14,Fashion,3622.86,1,False
O3301,C11588,2025-10-05,Beauty,973.09,2,False
O3302,C11589,2025-08-21,Fashion,2594.99,1,True
O3303,C11590,2025-11-03,Electronics,24893.02,3,False
O3304,C11591,2025-09-22,Books,505.0,3,False
O3305,C11592,2024-11-16,Sports,4986.0,1,False
O3306,C11592,2024-12-09,Beauty,1069.13,2,False
O3307,C11592,2025-01-04,Fashion,2310.46,2,False
O3308,C11593,2024-10-05,Home & Kitchen,3086.93,3,False
O3309,C11593,2025-01-08,Sports,1408.53,2,False
O3310,C11593,2025-05-24,Home & Kitchen,1690.52,3,False
O3311,C11594,2025-03-30,Home & Kitchen,7790.9,3,False
O3312,C11595,2024-08-14,Sports,2038.25,3,False
O3313,C11595,2024-09-11,Fashion,1288.1,2,False
O3314,C11596,2025-02-26,Home & Kitchen,5632.7,2,True
O3315,C11597,2025-12-03,Fashion,1787.48,2,False
O3316,C11598,2024-05-22,Beauty,811.42,1,False
O3317,C11598,2024-11-02,Beauty,1254.94,2,False
O3318,C11598,2024-11-06,Sports,2632.45,3,False
O3319,C11599,2025-07-04,Beauty,849.84,1,False
O3320,C11599,2025-08-25,Fashion,2024.7,3,False
O3321,C11600,2025-10-17,Electronics,14672.64,3,False
O3322,C11601,2025-01-11,Electronics,6298.6,3,False
O3323,C11601,2025-02-26,Books,423.31,1,False
O3324,C11602,2024-09-06,Home & Kitchen,3435.15,2,False
O3325,C11603,2024-06-27,Beauty,1080.18,3,False
O3326,C11603,2024-07-26,Books,471.19,1,False
O3327,C11604,2024-05-01,Electronics,15208.8,1,False
O3328,C11605,2024-08-13,Sports,2377.11,1,False
O3329,C11605,2024-08-29,Home & Kitchen,2530.98,2,False
O3330,C11606,2025-06-06,Electronics,16063.39,3,False
O3331,C11606,2025-07-17,Home & Kitchen,3673.86,1,False
O3332,C11607,2024-12-28,Sports,1564.19,3,False
O3333,C11608,2024-06-04,Electronics,11252.32,3,False
O3334,C11609,2025-01-15,Home & Kitchen,2024.37,3,False
O3335,C11610,2025-07-22,Books,387.28,3,False
O3336,C11610,2025-08-11,Books,794.52,1,False
O3337,C11610,2025-09-14,Fashion,2712.61,3,False
O3338,C11610,2025-09-20,Fashion,1999.44,2,False
O3339,C11610,2025-10-06,Books,992.52,2,False
O3340,C11610,2025-10-14,Electronics,28152.61,3,False
O3341,C11611,2024-01-15,Books,570.04,3,False
O3342,C11612,2024-01-28,Electronics,15087.73,3,False
O3343,C11613,2025-11-03,Books,1445.07,3,True
O3344,C11614,2025-06-07,Books,641.47,3,False
O3345,C11614,2025-07-28,Home & Kitchen,2081.77,1,False
O3346,C11614,2025-09-06,Sports,1912.09,1,False
O3347,C11615,2025-02-06,Fashion,2267.46,3,False
O3348,C11616,2025-10-02,Electronics,27783.07,2,False
O3349,C11617,2025-02-19,Sports,1953.33,1,False
O3350,C11617,2025-09-22,Beauty,837.53,3,False
O3351,C11617,2025-09-27,Sports,2637.93,3,False
O3352,C11617,2025-10-23,Sports,1250.09,2,False
O3353,C11617,2025-12-15,Home & Kitchen,1461.08,2,False
O3354,C11618,2024-12-31,Fashion,1783.04,1,False
O3355,C11619,2024-05-28,Home & Kitchen,1731.18,1,False
O3356,C11620,2025-07-28,Fashion,1950.79,3,False
O3357,C11621,2025-06-20,Fashion,1324.84,2,False
O3358,C11622,2024-07-25,Electronics,15074.84,2,False
O3359,C11623,2025-05-31,Home & Kitchen,1089.27,3,False
O3360,C11623,2025-06-14,Fashion,2492.77,1,False
O3361,C11624,2025-05-25,Electronics,11263.14,1,False
O3362,C11625,2024-03-10,Home & Kitchen,2145.85,3,False
O3363,C11625,2024-04-17,Home & Kitchen,3347.39,2,False
O3364,C11625,2024-06-01,Fashion,3411.87,2,False
O3365,C11625,2024-08-10,Fashion,1892.71,2,True
O3366,C11625,2024-08-26,Electronics,16030.34,3,False
O3367,C11625,2024-08-31,Electronics,5017.98,2,False
O3368,C11625,2024-09-16,Sports,3193.44,1,True
O3369,C11626,2024-04-23,Fashion,717.68,1,False
O3370,C11626,2024-05-17,Books,257.57,3,False
O3371,C11626,2024-09-17,Books,382.48,1,False
O3372,C11627,2025-02-22,Sports,2370.51,3,False
O3373,C11627,2025-08-09,Home & Kitchen,1696.69,3,False
O3374,C11627,2025-08-25,Electronics,5086.44,2,False
O3375,C11627,2025-09-01,Home & Kitchen,2333.6,1,True
O3376,C11628,2025-03-12,Home & Kitchen,8335.86,1,False
O3377,C11629,2025-04-14,Books,177.27,2,False
O3378,C11629,2025-05-11,Electronics,9986.74,2,False
O3379,C11629,2025-07-01,Electronics,3552.65,3,False
O3380,C11629,2025-10-06,Home & Kitchen,2499.77,3,True
O3381,C11630,2024-09-18,Sports,502.23,2,False
O3382,C11631,2025-08-11,Beauty,570.89,2,False
O3383,C11631,2025-08-15,Sports,4294.21,3,False
O3384,C11631,2025-09-26,Beauty,1701.68,2,False
O3385,C11631,2025-10-06,Sports,2728.4,1,False
O3386,C11631,2025-10-29,Fashion,1181.23,3,False
O3387,C11632,2024-11-07,Electronics,3644.86,2,True
O3388,C11632,2024-11-25,Electronics,15860.07,1,False
O3389,C11633,2024-06-01,Fashion,1488.72,1,False
O3390,C11634,2024-03-30,Fashion,1196.81,2,False
O3391,C11635,2025-09-06,Books,635.76,1,False
O3392,C11635,2025-11-05,Fashion,1672.05,2,False
O3393,C11636,2025-05-13,Books,433.59,1,False
O3394,C11636,2025-05-19,Home & Kitchen,3960.44,2,False
O3395,C11637,2024-11-22,Sports,2464.26,1,False
O3396,C11638,2024-06-01,Fashion,2247.38,2,False
O3397,C11638,2024-07-27,Fashion,2386.63,2,False
O3398,C11638,2024-08-02,Home & Kitchen,1434.95,3,False
O3399,C11639,2024-03-14,Fashion,2093.31,3,False
O3400,C11640,2024-04-18,Fashion,1444.52,2,False
O3401,C11640,2024-05-27,Beauty,1156.03,3,False
O3402,C11640,2024-06-22,Electronics,3740.92,1,False
O3403,C11640,2024-07-15,Books,658.59,1,False
O3404,C11641,2024-03-15,Electronics,12871.44,3,False
O3405,C11642,2025-01-05,Home & Kitchen,2151.19,1,False
O3406,C11643,2024-05-19,Electronics,9484.9,3,False
O3407,C11643,2024-08-13,Home & Kitchen,4087.76,2,False
O3408,C11644,2024-04-01,Electronics,7221.16,2,False
O3409,C11644,2024-04-29,Home & Kitchen,1197.92,3,False
O3410,C11645,2024-07-18,Beauty,1297.48,1,True
O3411,C11645,2024-08-20,Fashion,3788.81,1,False
O3412,C11646,2025-05-04,Fashion,3204.32,1,False
O3413,C11646,2025-08-09,Sports,3566.02,1,False
O3414,C11647,2024-12-13,Books,1236.06,1,False
O3415,C11648,2024-04-17,Books,1603.38,3,False
O3416,C11649,2025-06-10,Electronics,11308.9,3,False
O3417,C11650,2024-12-10,Fashion,3098.79,2,False
O3418,C11651,2024-05-12,Books,540.55,1,False
O3419,C11651,2024-07-01,Fashion,1586.91,1,False
O3420,C11651,2024-07-22,Fashion,3620.36,3,False
O3421,C11652,2025-04-28,Books,264.03,1,False
O3422,C11653,2025-11-28,Fashion,2649.38,1,False
O3423,C11654,2025-01-14,Beauty,2200.83,2,False
O3424,C11655,2024-04-25,Sports,1143.01,1,False
O3425,C11655,2024-07-04,Beauty,2650.07,2,False
O3426,C11655,2024-07-04,Electronics,3868.31,3,False
O3427,C11656,2024-08-07,Fashion,4476.12,1,False
O3428,C11657,2025-02-23,Beauty,590.67,1,False
O3429,C11657,2025-05-26,Beauty,1976.3,1,False
O3430,C11658,2025-12-02,Electronics,10825.96,3,False
O3431,C11658,2025-12-08,Electronics,13927.98,3,False
O3432,C11659,2025-10-15,Beauty,610.73,3,False
O3433,C11659,2025-11-13,Home & Kitchen,2390.98,3,False
O3434,C11659,2025-12-03,Fashion,2693.78,2,False
O3435,C11660,2025-10-17,Home & Kitchen,2468.17,3,False
O3436,C11660,2025-10-28,Electronics,17433.15,2,False
O3437,C11660,2025-12-18,Sports,474.85,2,False
O3438,C11660,2025-12-20,Home & Kitchen,5511.87,1,False
O3439,C11661,2025-08-07,Fashion,1247.01,2,False
O3440,C11661,2025-10-31,Beauty,489.0,1,False
O3441,C11661,2025-10-31,Sports,1085.99,2,True
O3442,C11662,2025-02-11,Fashion,3248.23,1,False
O3443,C11662,2025-05-10,Electronics,10261.07,3,False
O3444,C11663,2025-03-29,Home & Kitchen,3927.18,2,False
O3445,C11664,2025-05-28,Electronics,6516.13,1,False
O3446,C11665,2025-05-18,Electronics,11912.26,2,False
O3447,C11665,2025-06-04,Sports,1173.92,1,False
O3448,C11665,2025-07-22,Beauty,1929.56,2,False
O3449,C11665,2025-07-23,Beauty,2788.74,2,True
O3450,C11666,2025-03-23,Electronics,6263.46,3,True
O3451,C11666,2025-03-30,Home & Kitchen,2636.43,1,False
O3452,C11666,2025-04-10,Books,346.94,2,False
O3453,C11667,2024-04-12,Sports,7936.14,1,False
O3454,C11667,2024-06-05,Electronics,6089.97,2,False
O3455,C11668,2025-09-11,Home & Kitchen,5177.64,2,False
O3456,C11668,2025-10-07,Books,768.86,3,False
O3457,C11668,2025-10-18,Fashion,2399.05,3,False
O3458,C11668,2025-11-01,Fashion,4464.18,2,False
O3459,C11669,2024-01-13,Books,252.64,1,False
O3460,C11670,2024-10-27,Home & Kitchen,1322.51,3,False
O3461,C11670,2024-11-22,Electronics,15720.34,2,False
O3462,C11670,2025-02-07,Beauty,1181.85,3,False
O3463,C11671,2024-10-30,Fashion,4941.66,1,False
O3464,C11672,2025-11-28,Home & Kitchen,5582.94,2,False
O3465,C11673,2024-03-04,Electronics,10946.93,1,False
O3466,C11674,2024-11-29,Fashion,1308.14,3,False
O3467,C11674,2024-12-29,Beauty,1108.66,1,False
O3468,C11675,2024-09-07,Beauty,1590.86,3,False
O3469,C11676,2024-03-12,Home & Kitchen,1980.98,3,False
O3470,C11677,2024-06-08,Electronics,25512.09,3,False
O3471,C11677,2024-07-27,Home & Kitchen,1919.62,3,True
O3472,C11678,2024-10-28,Sports,2661.13,3,False
O3473,C11678,2024-11-16,Home & Kitchen,3859.03,2,False
O3474,C11678,2024-12-20,Electronics,12227.38,3,False
O3475,C11679,2025-10-03,Books,1767.75,1,False
O3476,C11679,2025-10-11,Electronics,7594.63,2,False
O3477,C11679,2025-12-30,Home & Kitchen,976.67,1,False
O3478,C11680,2024-10-08,Sports,9599.36,3,False
O3479,C11680,2024-11-27,Sports,6790.35,3,False
O3480,C11681,2025-09-08,Electronics,8086.79,1,False
O3481,C11681,2025-09-29,Books,476.93,1,False
O3482,C11681,2025-10-09,Beauty,2243.18,3,False
O3483,C11682,2025-05-28,Beauty,3151.73,3,False
O3484,C11682,2025-06-14,Home & Kitchen,3434.79,1,False
O3485,C11683,2025-07-29,Beauty,1400.71,1,False
O3486,C11684,2025-08-30,Home & Kitchen,2037.0,3,True
O3487,C11685,2025-05-20,Sports,5713.9,1,False
O3488,C11685,2025-09-05,Books,1048.88,1,False
O3489,C11685,2025-09-28,Fashion,5981.41,3,True
O3490,C11685,2025-11-24,Beauty,968.17,2,False
O3491,C11686,2025-06-03,Beauty,1285.25,1,False
O3492,C11686,2025-10-10,Home & Kitchen,5730.82,1,False
O3493,C11686,2025-11-07,Home & Kitchen,1451.07,3,False
O3494,C11686,2025-11-16,Beauty,1202.52,1,False
O3495,C11687,2024-04-19,Sports,2757.64,2,False
O3496,C11687,2024-04-22,Fashion,965.87,2,False
O3497,C11687,2024-04-29,Home & Kitchen,6423.81,1,False
O3498,C11688,2025-05-24,Books,811.24,2,False
O3499,C11689,2024-02-15,Beauty,958.91,2,False
O3500,C11689,2024-07-15,Electronics,5061.88,3,True
O3501,C11689,2024-10-11,Fashion,1680.21,3,False
O3502,C11689,2024-10-19,Fashion,3502.44,3,False
O3503,C11689,2025-03-28,Home & Kitchen,1273.41,1,False
O3504,C11690,2025-06-07,Beauty,1406.86,3,False
O3505,C11690,2025-06-12,Home & Kitchen,4302.63,2,False
O3506,C11691,2025-04-03,Electronics,9008.11,3,False
O3507,C11692,2025-06-17,Electronics,19859.61,1,True
O3508,C11693,2025-03-26,Electronics,5923.19,1,False
O3509,C11693,2025-04-29,Home & Kitchen,4625.08,2,False
O3510,C11693,2025-06-23,Beauty,556.12,3,False
O3511,C11694,2024-09-15,Electronics,4241.85,2,False
O3512,C11694,2024-11-16,Fashion,2314.68,2,False
O3513,C11695,2024-09-15,Fashion,2966.77,1,False
O3514,C11695,2024-09-30,Books,455.55,1,False
O3515,C11695,2024-10-27,Fashion,3769.8,2,True
O3516,C11695,2024-11-28,Home & Kitchen,2848.35,2,False
O3517,C11695,2024-12-22,Books,614.97,2,False
O3518,C11695,2024-12-29,Sports,3665.5,2,False
O3519,C11696,2025-02-21,Sports,2169.21,2,False
O3520,C11697,2024-11-26,Sports,3333.65,2,False
O3521,C11698,2024-08-27,Books,467.39,2,False
O3522,C11698,2024-08-30,Fashion,2950.96,1,False
O3523,C11698,2024-11-28,Electronics,14005.06,3,False
O3524,C11698,2025-01-01,Books,741.78,3,False
O3525,C11699,2024-12-12,Books,408.11,1,False
O3526,C11699,2025-02-22,Electronics,3809.55,3,False
O3527,C11699,2025-03-01,Home & Kitchen,1434.84,2,False
O3528,C11699,2025-03-03,Electronics,34844.77,2,False
O3529,C11699,2025-03-18,Beauty,689.41,1,True
O3530,C11699,2025-04-10,Beauty,628.83,3,False
O3531,C11700,2025-01-15,Beauty,660.66,1,False
O3532,C11700,2025-01-26,Electronics,4383.37,1,False
O3533,C11700,2025-01-29,Sports,2182.67,3,False
O3534,C11701,2024-06-17,Books,1234.0,2,True
O3535,C11701,2024-07-14,Home & Kitchen,2819.95,3,False
O3536,C11702,2025-04-03,Electronics,60485.59,1,False
O3537,C11703,2024-08-08,Sports,4289.01,2,False
O3538,C11704,2024-07-07,Books,369.3,1,False
O3539,C11705,2024-10-21,Beauty,1328.61,3,False
O3540,C11706,2024-03-16,Home & Kitchen,3737.0,2,True
O3541,C11706,2024-06-06,Home & Kitchen,2176.36,1,False
O3542,C11706,2024-06-26,Fashion,3947.98,2,False
O3543,C11707,2025-02-26,Home & Kitchen,4137.98,1,False
O3544,C11707,2025-03-19,Books,584.74,2,False
O3545,C11708,2025-05-31,Electronics,18821.42,1,False
O3546,C11709,2025-11-02,Books,874.53,3,False
O3547,C11710,2024-07-17,Sports,3748.57,3,False
O3548,C11711,2025-01-17,Home & Kitchen,2784.64,2,False
O3549,C11712,2024-12-22,Electronics,13285.62,3,True
O3550,C11712,2025-03-23,Beauty,831.45,3,False
O3551,C11712,2025-05-11,Electronics,38154.74,1,False
O3552,C11712,2025-06-25,Fashion,2565.0,1,False
O3553,C11713,2025-05-27,Electronics,7447.97,1,False
O3554,C11713,2025-06-30,Electronics,21833.66,1,False
O3555,C11714,2025-03-13,Fashion,2602.28,1,False
O3556,C11714,2025-03-24,Books,657.89,3,False
O3557,C11715,2025-07-18,Electronics,8066.32,2,False
O3558,C11715,2025-07-18,Sports,2909.84,3,False
O3559,C11716,2025-08-21,Fashion,1719.01,2,False
O3560,C11716,2025-09-10,Fashion,1284.28,1,False
O3561,C11717,2024-04-06,Electronics,8787.35,2,False
O3562,C11718,2024-09-05,Books,484.65,2,False
O3563,C11718,2025-01-13,Home & Kitchen,2912.52,1,False
O3564,C11718,2025-01-23,Fashion,1685.67,2,False
O3565,C11718,2025-04-09,Home & Kitchen,2749.55,2,False
O3566,C11719,2025-04-02,Beauty,1286.01,3,False
O3567,C11719,2025-06-04,Home & Kitchen,2834.03,2,False
O3568,C11720,2025-01-15,Books,934.3,3,False
O3569,C11721,2024-12-06,Sports,1488.56,1,False
O3570,C11722,2024-05-01,Sports,4266.59,3,False
O3571,C11722,2024-05-02,Fashion,1578.74,3,False
O3572,C11722,2024-06-03,Fashion,2212.26,2,False
O3573,C11722,2024-08-29,Home & Kitchen,1854.0,2,False
O3574,C11722,2024-09-30,Sports,1684.61,2,False
O3575,C11722,2024-10-29,Beauty,1311.95,3,False
O3576,C11722,2025-01-25,Fashion,1460.27,3,False
O3577,C11722,2025-01-27,Home & Kitchen,2476.88,3,False
O3578,C11722,2025-02-16,Home & Kitchen,3351.15,3,False
O3579,C11723,2025-02-06,Electronics,6662.05,2,False
O3580,C11724,2025-06-04,Beauty,1273.42,1,False
O3581,C11725,2024-01-31,Electronics,11844.81,2,False
O3582,C11726,2025-02-19,Fashion,2659.59,3,False
O3583,C11726,2025-03-14,Electronics,12121.51,1,False
O3584,C11726,2025-05-13,Books,388.0,3,False
O3585,C11726,2025-06-07,Fashion,3538.14,2,False
O3586,C11727,2025-09-26,Beauty,656.49,1,False
O3587,C11727,2025-10-04,Fashion,2896.08,1,False
O3588,C11728,2025-02-06,Fashion,2558.07,3,False
O3589,C11729,2025-10-31,Home & Kitchen,1053.34,3,False
O3590,C11729,2025-11-18,Electronics,2550.05,2,False
O3591,C11730,2024-09-04,Electronics,5980.33,2,False
O3592,C11730,2024-10-03,Fashion,1540.84,2,True
O3593,C11730,2025-03-08,Beauty,985.56,3,False
O3594,C11731,2024-01-05,Sports,1624.05,1,False
O3595,C11731,2024-01-07,Sports,959.03,3,False
O3596,C11732,2025-04-24,Home & Kitchen,2500.65,1,False
O3597,C11733,2024-05-29,Home & Kitchen,7890.28,3,False
O3598,C11733,2024-06-30,Electronics,26451.9,3,False
O3599,C11733,2024-07-01,Electronics,12968.79,3,False
O3600,C11734,2024-01-15,Electronics,9280.36,3,False
O3601,C11734,2024-03-31,Sports,3518.15,3,False
O3602,C11735,2024-05-08,Books,453.78,2,True
O3603,C11736,2025-10-15,Beauty,1836.45,3,False
O3604,C11736,2025-12-20,Electronics,12745.68,2,False
O3605,C11737,2025-06-30,Books,357.21,1,False
O3606,C11737,2025-12-02,Home & Kitchen,5234.3,1,False
O3607,C11737,2025-12-03,Books,539.53,2,True
O3608,C11738,2024-07-13,Books,550.56,1,False
O3609,C11739,2025-02-23,Beauty,1102.75,1,False
O3610,C11739,2025-07-03,Fashion,1318.54,3,False
O3611,C11740,2024-09-05,Sports,4338.95,2,False
O3612,C11741,2024-05-09,Home & Kitchen,1470.78,3,False
O3613,C11742,2025-11-24,Fashion,836.75,3,False
O3614,C11742,2025-11-28,Books,159.73,2,False
O3615,C11742,2025-12-12,Electronics,13598.95,3,False
O3616,C11742,2025-12-14,Home & Kitchen,2645.7,1,False
O3617,C11743,2025-07-24,Home & Kitchen,6506.73,1,False
O3618,C11743,2025-08-04,Sports,6963.42,3,False
O3619,C11743,2025-08-21,Fashion,4082.01,1,False
O3620,C11743,2025-12-09,Home & Kitchen,4876.95,2,False
O3621,C11744,2024-09-15,Fashion,1517.08,1,False
O3622,C11744,2024-12-15,Home & Kitchen,2741.6,1,False
O3623,C11744,2025-05-31,Beauty,725.46,3,False
O3624,C11744,2025-06-09,Books,945.49,2,False
O3625,C11744,2025-06-22,Home & Kitchen,2449.14,2,False
O3626,C11745,2024-09-06,Electronics,9208.62,1,False
O3627,C11746,2025-07-28,Books,1009.91,3,False
O3628,C11747,2024-11-26,Fashion,1950.03,2,False
O3629,C11747,2024-12-01,Sports,2308.45,3,False
O3630,C11748,2024-09-21,Home & Kitchen,1792.03,3,False
O3631,C11749,2024-09-28,Fashion,3816.44,1,False
O3632,C11749,2024-10-26,Beauty,1599.3,1,False
O3633,C11749,2024-10-30,Fashion,3265.79,3,False
O3634,C11750,2024-11-08,Fashion,3147.3,2,False
O3635,C11750,2025-11-26,Home & Kitchen,3303.72,1,False
O3636,C11751,2025-01-01,Fashion,6165.95,1,False
O3637,C11752,2024-01-29,Electronics,4865.46,2,False
O3638,C11753,2024-12-03,Electronics,18227.94,3,False
O3639,C11753,2024-12-03,Books,698.23,2,False
O3640,C11754,2024-11-15,Sports,2214.16,2,False
O3641,C11755,2024-07-13,Home & Kitchen,1452.33,2,False
O3642,C11756,2024-09-08,Home & Kitchen,1781.09,3,False
O3643,C11756,2024-09-21,Sports,2896.65,2,False
O3644,C11757,2024-10-24,Electronics,25198.21,3,False
O3645,C11757,2024-11-21,Fashion,1206.31,3,False
O3646,C11758,2024-09-19,Beauty,2085.34,2,False
O3647,C11759,2025-09-27,Electronics,9606.11,2,True
O3648,C11760,2025-01-04,Beauty,2127.49,3,False
O3649,C11761,2024-12-29,Sports,2042.21,3,False
O3650,C11761,2025-01-08,Electronics,4626.08,3,True
O3651,C11762,2024-07-04,Electronics,18286.17,2,True
O3652,C11762,2024-07-18,Sports,3024.24,3,True
O3653,C11762,2024-08-07,Sports,2167.12,2,False
O3654,C11762,2024-08-15,Beauty,267.87,3,False
O3655,C11763,2025-10-04,Home & Kitchen,3155.54,2,False
O3656,C11764,2024-01-17,Sports,3538.09,3,False
O3657,C11765,2025-01-23,Sports,2950.83,1,False
O3658,C11766,2024-04-29,Electronics,6446.35,1,False
O3659,C11766,2024-06-04,Beauty,848.18,3,False
O3660,C11766,2024-09-09,Books,309.12,1,False
O3661,C11767,2025-06-22,Beauty,520.2,1,False
O3662,C11767,2025-09-07,Sports,3596.27,1,False
O3663,C11767,2025-09-21,Sports,1911.64,3,False
O3664,C11767,2025-12-05,Electronics,9889.91,2,False
O3665,C11768,2024-09-27,Electronics,5940.7,1,False
O3666,C11768,2024-10-28,Electronics,5965.45,3,False
O3667,C11768,2025-01-21,Electronics,10806.73,2,False
O3668,C11768,2025-01-30,Electronics,7167.67,2,False
O3669,C11768,2025-05-20,Home & Kitchen,2365.75,3,False
O3670,C11769,2024-07-29,Electronics,15670.56,1,False
O3671,C11769,2024-09-09,Electronics,20696.12,3,False
O3672,C11770,2024-02-12,Beauty,985.06,3,True
O3673,C11771,2025-07-08,Electronics,7856.4,1,False
O3674,C11771,2025-08-11,Fashion,4286.47,3,False
O3675,C11772,2024-10-04,Books,600.22,3,False
O3676,C11773,2024-07-15,Beauty,1014.78,3,False
O3677,C11774,2025-08-17,Home & Kitchen,2258.99,1,False
O3678,C11775,2024-01-14,Fashion,1143.82,1,False
O3679,C11775,2024-01-29,Beauty,508.98,2,False
O3680,C11776,2024-11-30,Electronics,20875.59,3,False
O3681,C11776,2025-01-01,Home & Kitchen,3459.32,1,False
O3682,C11777,2024-04-22,Fashion,858.13,2,False
O3683,C11778,2024-03-31,Sports,2129.05,1,False
O3684,C11778,2024-04-10,Beauty,1063.56,3,False
O3685,C11779,2024-01-17,Electronics,14572.22,1,False
O3686,C11779,2024-03-26,Fashion,1379.92,1,False
O3687,C11780,2024-05-10,Home & Kitchen,2792.58,2,False
O3688,C11781,2025-10-31,Sports,1581.4,2,False
O3689,C11782,2024-11-15,Home & Kitchen,5448.76,1,False
O3690,C11782,2024-12-20,Fashion,1614.78,3,False
O3691,C11782,2025-01-23,Sports,4581.6,3,False
O3692,C11783,2025-12-03,Electronics,6199.58,2,False
O3693,C11784,2024-07-06,Fashion,1111.41,3,False
O3694,C11784,2024-08-09,Sports,1371.38,2,False
O3695,C11785,2025-06-27,Home & Kitchen,6854.59,2,False
O3696,C11785,2025-07-12,Electronics,9185.71,3,False
O3697,C11786,2024-03-04,Fashion,3913.9,3,False
O3698,C11787,2024-03-17,Electronics,8239.69,1,False
O3699,C11787,2024-04-13,Fashion,2960.33,1,False
O3700,C11787,2024-10-28,Fashion,2949.74,3,False
O3701,C11787,2025-01-14,Beauty,903.28,2,False
O3702,C11788,2024-01-17,Beauty,1425.97,2,False
O3703,C11788,2024-05-22,Sports,2243.99,1,False
O3704,C11789,2025-09-21,Electronics,5626.35,2,False
O3705,C11789,2025-09-25,Fashion,1645.23,2,False
O3706,C11790,2025-04-15,Home & Kitchen,1260.84,1,False
O3707,C11791,2025-06-06,Fashion,628.82,3,False
O3708,C11791,2025-08-01,Books,463.31,2,False
O3709,C11792,2025-10-12,Fashion,1275.62,3,False
O3710,C11792,2025-11-11,Electronics,11994.71,2,False
O3711,C11792,2025-11-23,Books,786.4,3,False
O3712,C11792,2025-12-24,Home & Kitchen,5214.76,1,False
O3713,C11793,2024-08-20,Home & Kitchen,3371.44,2,False
O3714,C11794,2025-05-21,Books,893.12,2,False
O3715,C11794,2025-06-18,Books,174.75,1,False
O3716,C11794,2025-10-06,Sports,3271.62,1,False
O3717,C11794,2025-12-17,Home & Kitchen,3761.63,2,False
O3718,C11795,2024-12-17,Fashion,3554.33,1,False
O3719,C11795,2025-03-21,Home & Kitchen,5379.96,3,False
O3720,C11796,2025-01-14,Beauty,825.72,2,False
O3721,C11796,2025-03-15,Books,713.43,3,False
O3722,C11797,2025-04-11,Electronics,12268.97,1,True
O3723,C11797,2025-05-24,Home & Kitchen,2692.45,2,False
O3724,C11797,2025-05-28,Sports,1164.22,1,False
O3725,C11797,2025-06-11,Beauty,381.18,3,False
O3726,C11798,2024-11-24,Electronics,15593.04,3,False
O3727,C11798,2025-03-24,Home & Kitchen,2712.33,2,True
O3728,C11799,2024-01-17,Home & Kitchen,2480.89,1,False
O3729,C11800,2024-02-25,Electronics,9868.42,1,False
O3730,C11800,2024-03-07,Fashion,722.36,3,False
O3731,C11801,2024-12-17,Fashion,6018.55,3,False
O3732,C11801,2025-01-27,Sports,3246.39,3,False
O3733,C11801,2025-02-15,Fashion,783.95,2,False
O3734,C11802,2025-02-06,Beauty,1957.43,1,False
O3735,C11802,2025-06-05,Sports,6059.74,1,False
O3736,C11802,2025-06-10,Fashion,5944.19,3,False
O3737,C11802,2025-08-19,Electronics,16072.29,2,False
O3738,C11802,2025-09-23,Home & Kitchen,2191.16,1,False
O3739,C11802,2025-10-06,Sports,4496.52,2,False
O3740,C11803,2025-05-27,Books,582.68,1,False
O3741,C11803,2025-06-03,Sports,1206.16,2,False
O3742,C11804,2025-02-12,Home & Kitchen,2634.04,1,False
O3743,C11804,2025-03-09,Home & Kitchen,2075.22,1,False
O3744,C11805,2024-05-11,Sports,2795.09,1,False
O3745,C11806,2024-09-14,Electronics,8863.84,2,False
O3746,C11806,2024-09-25,Electronics,7273.87,3,False
O3747,C11807,2024-11-14,Beauty,1769.62,2,False
O3748,C11807,2025-04-21,Electronics,9968.52,2,False
O3749,C11807,2025-09-03,Fashion,2195.82,1,False
O3750,C11808,2025-11-22,Sports,2793.02,2,False
O3751,C11809,2025-01-07,Books,1069.19,3,False
O3752,C11809,2025-04-14,Electronics,20830.43,3,False
O3753,C11810,2025-03-25,Fashion,828.55,1,False
O3754,C11811,2025-05-29,Fashion,2860.22,3,False
O3755,C11811,2025-06-07,Fashion,4497.27,3,False
O3756,C11811,2025-06-12,Books,644.78,2,False
O3757,C11811,2025-06-17,Home & Kitchen,4424.83,1,False
O3758,C11812,2024-09-13,Sports,3555.63,2,True
O3759,C11813,2025-11-08,Sports,3563.02,2,False
O3760,C11814,2025-04-26,Sports,2033.88,3,False
O3761,C11815,2025-08-19,Electronics,8164.37,1,False
O3762,C11816,2025-06-18,Fashion,1018.76,2,False
O3763,C11816,2025-09-23,Home & Kitchen,2266.24,2,False
O3764,C11817,2025-03-13,Beauty,550.64,3,False
O3765,C11818,2024-01-22,Fashion,4655.89,3,False
O3766,C11819,2025-02-13,Beauty,758.15,1,False
O3767,C11819,2025-03-17,Fashion,1221.83,1,False
O3768,C11819,2025-06-01,Beauty,609.64,3,False
O3769,C11819,2025-06-18,Books,1723.82,1,False
O3770,C11819,2025-08-26,Beauty,1262.21,1,False
O3771,C11820,2024-04-02,Fashion,696.33,1,False
O3772,C11821,2025-02-28,Electronics,6050.65,3,False
O3773,C11821,2025-03-05,Beauty,384.69,2,False
O3774,C11822,2025-05-05,Electronics,13450.37,2,False
O3775,C11823,2025-01-16,Fashion,2133.69,2,False
O3776,C11823,2025-01-31,Home & Kitchen,876.11,2,False
O3777,C11823,2025-02-07,Beauty,1332.71,3,False
O3778,C11824,2024-08-11,Fashion,2432.16,1,False
O3779,C11824,2024-08-29,Sports,2609.33,3,False
O3780,C11824,2024-09-23,Electronics,2770.35,1,False
O3781,C11824,2024-10-27,Home & Kitchen,2992.67,1,False
O3782,C11825,2024-02-13,Books,526.44,1,False
O3783,C11825,2024-03-16,Books,1253.28,3,False
O3784,C11825,2024-09-06,Fashion,2110.84,1,False
O3785,C11825,2025-01-03,Home & Kitchen,1780.21,1,True
O3786,C11825,2025-02-15,Fashion,1941.57,1,False
O3787,C11825,2025-02-18,Books,549.1,1,False
O3788,C11826,2025-04-16,Beauty,2018.58,1,False
O3789,C11826,2025-05-02,Fashion,1943.8,1,False
O3790,C11827,2025-05-05,Electronics,5679.29,1,False
O3791,C11827,2025-05-27,Sports,2616.61,2,False
O3792,C11827,2025-09-26,Electronics,9439.33,2,False
O3793,C11828,2024-12-01,Beauty,735.99,3,False
O3794,C11828,2024-12-02,Home & Kitchen,3165.86,1,False
O3795,C11828,2025-01-14,Home & Kitchen,2553.29,1,False
O3796,C11829,2025-05-18,Books,944.61,1,False
O3797,C11829,2025-06-18,Sports,1286.79,3,False
O3798,C11830,2025-07-02,Sports,2991.26,1,False
O3799,C11830,2025-08-11,Home & Kitchen,4276.84,3,False
O3800,C11831,2024-12-24,Home & Kitchen,2250.28,2,False
O3801,C11832,2024-02-16,Beauty,1194.69,3,True
O3802,C11833,2025-09-01,Sports,1453.16,2,False
O3803,C11833,2025-10-13,Books,1233.96,1,False
O3804,C11833,2025-10-16,Books,1101.83,3,False
O3805,C11834,2024-11-24,Electronics,14176.58,2,False
O3806,C11834,2025-01-06,Sports,7996.12,1,False
O3807,C11835,2025-04-16,Fashion,1552.22,2,False
O3808,C11836,2025-09-30,Fashion,3176.15,1,False
O3809,C11836,2025-09-30,Electronics,4391.78,3,False
O3810,C11837,2024-09-11,Fashion,4320.98,3,False
O3811,C11837,2024-12-10,Sports,3003.15,3,False
O3812,C11837,2025-03-04,Home & Kitchen,2937.29,1,False
O3813,C11837,2025-05-03,Home & Kitchen,1820.2,2,False
O3814,C11838,2025-03-12,Sports,1590.09,3,False
O3815,C11838,2025-07-25,Sports,3292.19,1,False
O3816,C11838,2025-08-11,Electronics,16399.81,1,False
O3817,C11839,2024-01-21,Beauty,1099.08,3,False
O3818,C11840,2025-09-17,Home & Kitchen,4361.4,3,False
O3819,C11840,2025-10-21,Sports,2977.37,1,False
O3820,C11841,2024-02-11,Fashion,1130.32,2,False
O3821,C11841,2024-02-16,Home & Kitchen,2686.14,1,False
O3822,C11841,2024-02-25,Beauty,728.95,2,False
O3823,C11842,2025-01-15,Sports,1786.63,3,False
O3824,C11842,2025-04-02,Electronics,6709.36,3,False
O3825,C11843,2024-09-03,Electronics,10331.46,1,False
O3826,C11843,2024-09-18,Electronics,6526.02,2,False
O3827,C11843,2024-10-02,Sports,2529.93,2,False
O3828,C11843,2024-10-24,Beauty,3414.36,2,False
O3829,C11843,2024-11-06,Books,847.42,1,False
O3830,C11844,2024-02-09,Fashion,1394.95,1,True
O3831,C11844,2024-03-02,Sports,2764.44,1,False
O3832,C11844,2024-04-06,Fashion,1530.42,1,False
O3833,C11845,2024-11-21,Books,464.12,3,False
O3834,C11846,2025-10-16,Beauty,2179.55,3,False
O3835,C11847,2024-04-27,Books,694.5,1,False
O3836,C11848,2024-07-23,Electronics,15749.53,2,True
O3837,C11848,2024-09-12,Sports,3850.01,1,False
O3838,C11848,2024-09-13,Electronics,12499.16,1,False
O3839,C11848,2024-09-29,Books,635.0,2,False
O3840,C11849,2024-05-14,Sports,4923.14,1,False
O3841,C11849,2024-10-23,Electronics,6871.76,3,False
O3842,C11849,2024-12-03,Home & Kitchen,2409.15,3,True
O3843,C11849,2024-12-21,Electronics,14963.04,3,False
O3844,C11850,2024-04-01,Electronics,15036.19,1,False
O3845,C11850,2024-08-27,Home & Kitchen,3402.78,1,False
O3846,C11851,2024-06-18,Fashion,2438.24,1,False
O3847,C11851,2024-09-13,Electronics,12364.47,3,False
O3848,C11852,2025-02-06,Electronics,10162.19,3,False
O3849,C11852,2025-03-25,Home & Kitchen,6119.6,2,False
O3850,C11852,2025-03-26,Beauty,612.79,1,False
O3851,C11853,2025-07-02,Sports,2782.28,2,False
O3852,C11853,2025-09-23,Electronics,4357.32,2,False
O3853,C11854,2025-05-01,Beauty,1702.5,2,False
O3854,C11854,2025-05-08,Beauty,1166.62,1,False
O3855,C11854,2025-05-13,Fashion,2731.6,1,False
O3856,C11855,2025-06-26,Sports,2663.57,3,False
O3857,C11855,2025-07-24,Electronics,11924.13,3,False
O3858,C11855,2025-08-03,Fashion,2225.45,3,False
O3859,C11855,2025-08-15,Home & Kitchen,1393.08,3,False
O3860,C11856,2025-05-16,Sports,2989.02,1,False
O3861,C11857,2024-09-29,Fashion,2201.81,2,False
O3862,C11858,2025-09-22,Fashion,2881.83,2,False
O3863,C11858,2025-11-18,Fashion,3185.21,3,False
O3864,C11859,2024-05-10,Electronics,4027.87,2,False
O3865,C11860,2025-05-06,Electronics,10191.27,3,True
O3866,C11860,2025-06-08,Home & Kitchen,1926.23,1,False
O3867,C11861,2024-03-20,Sports,1182.29,1,False
O3868,C11861,2024-05-14,Electronics,15149.3,2,False
O3869,C11862,2025-06-20,Books,761.45,2,False
O3870,C11862,2025-07-16,Electronics,8482.79,3,False
O3871,C11863,2024-03-02,Books,1369.93,1,False
O3872,C11864,2024-05-31,Books,420.9,3,False
O3873,C11865,2024-10-01,Fashion,2101.0,2,False
O3874,C11865,2024-11-06,Fashion,1354.43,2,False
O3875,C11865,2024-11-10,Home & Kitchen,5400.24,2,False
O3876,C11865,2024-11-30,Beauty,1499.08,1,False
O3877,C11865,2025-01-23,Electronics,6714.38,1,False
O3878,C11866,2025-05-06,Electronics,1848.68,2,False
O3879,C11867,2024-02-02,Fashion,1317.24,3,False
O3880,C11868,2024-06-29,Home & Kitchen,1700.38,3,False
O3881,C11868,2024-07-14,Electronics,8359.69,2,False
O3882,C11869,2024-08-25,Electronics,5885.98,1,False
O3883,C11870,2025-05-30,Sports,3088.05,1,False
O3884,C11870,2025-09-24,Fashion,1126.98,1,False
O3885,C11871,2025-11-05,Home & Kitchen,1671.13,1,False
O3886,C11872,2025-03-08,Books,1222.52,3,False
O3887,C11872,2025-07-02,Books,946.99,3,False
O3888,C11872,2025-10-11,Beauty,1208.41,3,False
O3889,C11873,2024-12-23,Fashion,4520.45,2,False
O3890,C11873,2025-02-24,Sports,1210.98,1,False
O3891,C11874,2024-08-27,Electronics,11697.88,2,False
O3892,C11875,2025-07-29,Sports,1420.74,3,False
O3893,C11876,2024-03-23,Fashion,1294.79,2,True
O3894,C11876,2024-05-10,Electronics,28755.71,2,False
O3895,C11877,2024-04-02,Sports,2357.43,2,False
O3896,C11877,2024-06-10,Fashion,3629.47,1,True
O3897,C11878,2024-05-21,Electronics,4652.45,3,False
O3898,C11879,2024-07-15,Sports,15214.68,1,False
O3899,C11879,2024-08-05,Fashion,917.41,1,True
O3900,C11879,2025-01-06,Fashion,2704.7,3,False
O3901,C11879,2025-03-09,Electronics,11846.11,2,False
O3902,C11879,2025-04-12,Beauty,1740.24,2,False
O3903,C11880,2024-11-23,Home & Kitchen,5157.89,2,False
O3904,C11881,2025-11-05,Fashion,2727.02,2,False
O3905,C11882,2025-04-01,Beauty,1095.34,2,False
O3906,C11882,2025-08-26,Home & Kitchen,3117.23,1,False
O3907,C11882,2025-09-19,Electronics,8351.86,2,False
O3908,C11883,2024-09-25,Fashion,1563.89,1,True
O3909,C11884,2024-05-28,Fashion,5814.41,2,False
O3910,C11884,2024-08-07,Fashion,4566.4,1,False
O3911,C11885,2025-03-30,Home & Kitchen,4108.3,3,False
O3912,C11886,2024-06-28,Electronics,9900.71,2,False
O3913,C11887,2025-11-23,Electronics,26894.98,3,False
O3914,C11888,2024-11-30,Books,672.52,2,False
O3915,C11889,2025-01-20,Fashion,2608.31,1,False
O3916,C11890,2025-09-26,Beauty,704.84,2,False
O3917,C11890,2025-11-02,Fashion,2431.86,1,False
O3918,C11891,2024-08-02,Sports,2820.1,3,False
O3919,C11891,2024-08-12,Home & Kitchen,2602.72,3,False
O3920,C11891,2024-11-20,Home & Kitchen,5000.86,1,False
O3921,C11891,2024-11-20,Books,845.72,1,False
O3922,C11892,2024-12-03,Fashion,1502.58,1,False
O3923,C11893,2025-01-08,Home & Kitchen,5022.07,2,False
O3924,C11894,2024-07-08,Home & Kitchen,5652.86,2,False
O3925,C11895,2024-02-11,Fashion,1706.74,1,True
O3926,C11895,2024-03-30,Home & Kitchen,1988.01,1,True
O3927,C11895,2024-04-18,Sports,3893.63,2,False
O3928,C11895,2024-05-15,Fashion,940.28,1,False
O3929,C11896,2024-07-18,Electronics,8662.34,3,False
O3930,C11896,2024-08-07,Fashion,1768.12,2,False
O3931,C11897,2024-03-20,Beauty,1041.58,2,False
O3932,C11897,2024-04-03,Beauty,928.04,2,False
O3933,C11898,2025-04-25,Home & Kitchen,2161.18,2,False
O3934,C11898,2025-06-21,Fashion,2484.27,1,False
O3935,C11898,2025-06-26,Home & Kitchen,4202.67,1,False
O3936,C11899,2024-01-09,Beauty,636.17,1,False
O3937,C11900,2024-08-22,Sports,3081.85,3,True
O3938,C11901,2025-09-11,Home & Kitchen,3523.93,1,False
O3939,C11901,2025-10-22,Fashion,6839.18,1,False
O3940,C11902,2025-02-12,Fashion,1986.23,2,False
O3941,C11902,2025-04-28,Sports,2804.12,2,False
O3942,C11902,2025-04-30,Books,942.8,2,False
O3943,C11902,2025-05-13,Books,385.1,1,False
O3944,C11903,2025-04-15,Electronics,19899.88,3,False
O3945,C11903,2025-10-11,Beauty,1385.18,1,True
O3946,C11903,2025-11-19,Sports,2067.21,1,False
O3947,C11904,2025-04-13,Electronics,19724.75,2,False
O3948,C11905,2024-07-30,Sports,3546.72,3,False
O3949,C11905,2024-08-15,Beauty,1607.9,1,False
O3950,C11906,2025-03-21,Home & Kitchen,2195.14,2,False
O3951,C11907,2024-06-03,Fashion,1874.37,3,False
O3952,C11907,2024-07-12,Beauty,1452.82,3,False
O3953,C11907,2024-09-12,Electronics,10747.66,2,False
O3954,C11908,2025-03-20,Fashion,1239.86,3,False
O3955,C11908,2025-05-29,Electronics,9553.43,2,False
O3956,C11909,2025-04-24,Sports,2107.87,3,False
O3957,C11909,2025-05-30,Home & Kitchen,1976.42,3,False
O3958,C11909,2025-09-17,Home & Kitchen,769.31,1,False
O3959,C11910,2025-09-05,Beauty,1396.35,3,False
O3960,C11911,2025-10-15,Fashion,4169.73,3,False
O3961,C11912,2024-01-20,Books,1049.65,1,False
O3962,C11912,2024-02-11,Fashion,2254.68,3,False
O3963,C11913,2024-07-29,Electronics,9525.05,3,False
O3964,C11914,2025-01-20,Sports,3246.66,1,False
O3965,C11915,2024-08-14,Electronics,11681.63,1,False
O3966,C11915,2024-09-10,Fashion,3131.83,2,False
O3967,C11916,2025-03-09,Beauty,1291.54,3,False
O3968,C11917,2025-08-22,Sports,2442.48,3,False
O3969,C11917,2025-10-18,Sports,3307.45,1,False
O3970,C11917,2025-11-17,Beauty,5662.99,1,False
O3971,C11918,2024-07-02,Fashion,2083.7,2,False
O3972,C11918,2024-12-03,Home & Kitchen,2291.8,2,False
O3973,C11918,2025-02-01,Electronics,8197.74,1,False
O3974,C11919,2025-09-21,Electronics,16388.97,3,False
O3975,C11920,2025-09-12,Beauty,1353.48,2,False
O3976,C11920,2025-09-18,Home & Kitchen,1366.1,3,False
O3977,C11921,2025-10-06,Sports,2954.8,1,False
O3978,C11921,2025-12-01,Home & Kitchen,6843.16,3,False
O3979,C11922,2024-02-23,Sports,3181.5,2,False
O3980,C11922,2024-03-03,Fashion,1172.33,1,False
O3981,C11923,2024-07-27,Home & Kitchen,4358.2,1,False
O3982,C11923,2024-09-04,Fashion,1247.33,1,False
O3983,C11924,2024-03-28,Sports,1185.7,1,False
O3984,C11924,2024-08-11,Fashion,1615.6,1,False
O3985,C11924,2024-10-13,Fashion,1779.8,1,False
O3986,C11924,2024-10-14,Fashion,3101.87,1,False
O3987,C11925,2024-03-27,Home & Kitchen,2157.03,1,False
O3988,C11926,2024-02-12,Sports,4149.31,3,False
O3989,C11926,2024-03-12,Home & Kitchen,4671.56,2,False
O3990,C11926,2024-07-10,Home & Kitchen,6753.85,1,False
O3991,C11927,2024-11-14,Electronics,13719.84,3,False
O3992,C11927,2025-01-10,Electronics,2974.42,3,False
O3993,C11928,2024-03-03,Beauty,1239.25,2,False
O3994,C11928,2024-05-24,Beauty,711.49,3,False
O3995,C11928,2024-05-30,Electronics,6674.57,2,False
O3996,C11929,2024-08-03,Electronics,12639.57,2,False
O3997,C11929,2024-08-13,Electronics,29676.05,2,False
O3998,C11929,2024-09-15,Sports,4994.76,2,False
O3999,C11929,2024-10-09,Home & Kitchen,5995.58,2,False
O4000,C11929,2024-10-28,Fashion,2791.29,2,False
O4001,C11930,2025-11-18,Fashion,1355.03,2,False
O4002,C11930,2025-12-11,Home & Kitchen,3530.29,3,False
O4003,C11931,2025-09-13,Home & Kitchen,2963.09,2,False
O4004,C11931,2025-10-11,Electronics,25255.09,3,False
O4005,C11931,2025-10-20,Books,797.56,1,False
O4006,C11932,2025-10-21,Home & Kitchen,9978.97,2,False
O4007,C11933,2024-01-26,Home & Kitchen,2767.7,2,True
O4008,C11933,2024-01-30,Fashion,2230.13,3,False
O4009,C11934,2025-04-07,Fashion,1535.68,3,False
O4010,C11934,2025-05-20,Beauty,772.71,1,False
O4011,C11934,2025-07-09,Beauty,1298.31,2,False
O4012,C11935,2025-03-21,Home & Kitchen,4222.68,3,False
O4013,C11935,2025-04-17,Sports,2195.99,3,False
O4014,C11936,2024-04-03,Sports,5591.99,2,False
O4015,C11937,2025-09-30,Fashion,6103.34,1,True
O4016,C11937,2025-11-04,Beauty,1143.9,2,False
O4017,C11937,2025-12-18,Home & Kitchen,4234.73,2,False
O4018,C11938,2024-10-11,Books,647.29,1,False
O4019,C11938,2024-10-17,Electronics,11933.92,2,False
O4020,C11939,2025-11-17,Fashion,4929.48,2,False
O4021,C11940,2024-03-21,Sports,1136.55,1,False
O4022,C11941,2025-04-03,Home & Kitchen,3407.55,1,False
O4023,C11942,2024-04-02,Books,1005.35,3,True
O4024,C11942,2024-07-25,Sports,3324.9,2,False
O4025,C11943,2025-10-28,Books,540.59,3,False
O4026,C11943,2025-11-12,Books,1169.66,1,False
O4027,C11943,2025-12-03,Fashion,4244.11,1,False
O4028,C11944,2025-03-03,Electronics,6200.83,3,False
O4029,C11945,2024-03-01,Fashion,944.2,3,False
O4030,C11945,2024-03-13,Sports,1589.49,1,False
O4031,C11945,2024-09-19,Beauty,419.69,3,False
O4032,C11945,2024-09-22,Electronics,13298.65,3,False
O4033,C11945,2024-11-27,Home & Kitchen,1000.65,1,False
O4034,C11946,2024-06-06,Sports,2597.31,3,False
O4035,C11947,2024-09-09,Home & Kitchen,2500.67,3,False
O4036,C11947,2024-10-19,Electronics,5206.95,2,False
O4037,C11947,2024-11-18,Fashion,837.51,1,False
O4038,C11947,2024-11-26,Home & Kitchen,1451.18,1,True
O4039,C11948,2024-01-12,Fashion,1336.35,1,False
O4040,C11948,2024-02-07,Home & Kitchen,2066.07,3,False
O4041,C11949,2024-01-07,Electronics,18305.49,1,False
O4042,C11949,2024-02-07,Fashion,1504.96,2,False
O4043,C11950,2025-10-15,Electronics,11754.39,1,False
O4044,C11950,2025-10-18,Fashion,1628.92,2,False
O4045,C11950,2025-10-23,Beauty,2664.97,3,False
O4046,C11950,2025-10-29,Books,1741.71,1,False
O4047,C11951,2025-11-17,Fashion,3304.37,2,False
O4048,C11952,2025-01-12,Books,754.94,2,False
O4049,C11953,2025-09-27,Sports,2196.04,3,False
O4050,C11954,2025-04-07,Beauty,872.61,2,False
O4051,C11955,2024-01-23,Fashion,1221.22,2,False
O4052,C11956,2025-05-23,Home & Kitchen,6840.01,3,False
O4053,C11956,2025-08-22,Beauty,3343.86,1,False
O4054,C11957,2024-01-13,Home & Kitchen,2989.66,3,False
O4055,C11958,2025-07-31,Electronics,7005.35,1,False
O4056,C11958,2025-09-23,Home & Kitchen,2323.98,3,False
O4057,C11959,2024-09-15,Home & Kitchen,2476.16,2,False
O4058,C11959,2024-11-30,Home & Kitchen,1516.62,3,False
O4059,C11959,2024-12-15,Fashion,2230.03,3,False
O4060,C11960,2024-04-14,Sports,2953.2,3,False
O4061,C11961,2024-07-05,Beauty,1336.71,1,False
O4062,C11961,2024-08-15,Books,327.24,2,False
O4063,C11962,2025-04-25,Fashion,2201.3,3,False
O4064,C11962,2025-07-08,Beauty,1272.54,1,False
O4065,C11962,2025-07-23,Electronics,13730.82,3,False
O4066,C11962,2025-08-28,Home & Kitchen,3708.64,2,False
O4067,C11963,2025-08-20,Fashion,3192.38,3,False
O4068,C11963,2025-09-01,Electronics,7034.48,2,False
O4069,C11963,2025-10-31,Home & Kitchen,12105.19,2,False
O4070,C11964,2025-02-06,Electronics,9056.04,3,False
O4071,C11965,2024-04-23,Fashion,1031.84,1,False
O4072,C11965,2024-09-01,Home & Kitchen,2009.04,2,False
O4073,C11965,2024-11-01,Home & Kitchen,6082.8,1,False
O4074,C11966,2025-09-23,Electronics,13047.06,1,False
O4075,C11966,2025-10-20,Books,249.35,2,False
O4076,C11967,2025-07-09,Sports,6874.13,1,False
O4077,C11967,2025-07-22,Sports,4196.49,2,False
O4078,C11968,2024-10-14,Electronics,6653.72,1,False
O4079,C11969,2025-01-23,Home & Kitchen,7498.85,2,False
O4080,C11970,2025-11-11,Beauty,452.71,2,False
O4081,C11970,2025-12-12,Fashion,3173.77,1,False
O4082,C11971,2024-09-25,Home & Kitchen,3594.47,2,False
O4083,C11972,2024-01-20,Fashion,1853.63,1,False
O4084,C11973,2024-04-12,Home & Kitchen,3400.19,3,False
O4085,C11974,2025-02-26,Home & Kitchen,1371.77,2,False
O4086,C11974,2025-04-23,Books,225.61,3,False
O4087,C11975,2025-12-01,Home & Kitchen,4125.17,3,False
O4088,C11976,2025-06-01,Electronics,8200.6,3,False
O4089,C11977,2025-03-13,Sports,2195.17,3,False
O4090,C11977,2025-07-28,Beauty,2003.2,2,False
O4091,C11977,2025-08-27,Home & Kitchen,3545.29,3,False
O4092,C11977,2025-10-21,Electronics,9137.62,3,False
O4093,C11977,2025-11-01,Sports,1275.1,3,False
O4094,C11977,2025-11-28,Electronics,11709.05,3,False
O4095,C11978,2024-08-17,Beauty,1767.14,1,False
O4096,C11978,2024-09-15,Electronics,9037.86,2,False
O4097,C11978,2024-09-21,Beauty,1806.07,1,False
O4098,C11978,2024-10-12,Sports,2441.56,1,False
O4099,C11978,2024-10-27,Fashion,2635.63,2,False
O4100,C11978,2024-11-14,Home & Kitchen,4672.42,1,False
O4101,C11978,2024-11-26,Sports,5697.82,2,False
O4102,C11979,2024-11-05,Home & Kitchen,3349.76,2,False
O4103,C11980,2024-01-31,Books,395.97,2,False
O4104,C11980,2024-03-20,Fashion,857.28,3,False
O4105,C11980,2024-03-28,Home & Kitchen,1222.38,3,False
O4106,C11981,2024-09-16,Fashion,1446.51,3,True
O4107,C11982,2025-03-12,Beauty,681.85,3,False
O4108,C11983,2025-09-29,Fashion,2892.0,3,False
O4109,C11983,2025-10-07,Home & Kitchen,2683.82,3,False
O4110,C11983,2025-12-04,Electronics,16165.85,1,True
O4111,C11984,2025-10-10,Electronics,15288.88,3,False
O4112,C11985,2025-07-28,Home & Kitchen,6578.0,3,False
O4113,C11986,2024-01-27,Fashion,1714.06,1,False
O4114,C11986,2024-04-13,Fashion,1986.71,2,False
O4115,C11986,2024-04-23,Fashion,5472.35,3,False
O4116,C11986,2024-06-04,Electronics,19283.31,2,False
O4117,C11987,2025-07-22,Fashion,2866.99,2,False
O4118,C11987,2025-09-03,Sports,2666.47,1,False
O4119,C11987,2025-10-03,Electronics,12999.01,1,False
O4120,C11987,2025-11-14,Beauty,689.48,1,False
O4121,C11988,2024-06-03,Fashion,1438.74,2,False
O4122,C11989,2025-03-07,Electronics,4922.59,1,False
O4123,C11990,2025-10-29,Sports,3833.31,3,False
O4124,C11991,2025-09-14,Fashion,2243.95,2,False
O4125,C11992,2025-04-11,Sports,3697.09,1,False
O4126,C11992,2025-06-15,Sports,2163.47,3,False
O4127,C11993,2024-07-28,Home & Kitchen,2087.11,2,False
O4128,C11993,2024-08-23,Fashion,13808.91,2,False
O4129,C11994,2024-12-31,Sports,1280.16,3,False
O4130,C11994,2025-06-14,Electronics,8259.74,2,False
O4131,C11995,2025-05-08,Sports,3072.89,3,False
O4132,C11996,2024-12-25,Sports,1752.38,1,False
O4133,C11996,2025-03-05,Beauty,838.82,1,False
O4134,C11996,2025-03-18,Books,324.72,2,False
O4135,C11996,2025-04-05,Beauty,751.61,1,False
O4136,C11997,2024-10-12,Books,1126.73,1,False
O4137,C11998,2024-10-10,Electronics,13663.47,3,False
O4138,C11999,2025-02-24,Fashion,1920.92,2,False
O4139,C11999,2025-02-27,Electronics,10651.11,1,False
O4140,C12000,2024-01-27,Sports,1836.56,3,False
O4141,C12001,2025-12-02,Books,746.47,2,False
O4142,C12002,2024-03-17,Fashion,1819.04,3,False
O4143,C12003,2025-11-20,Home & Kitchen,3615.54,3,False
O4144,C12004,2024-01-25,Fashion,4321.0,2,False
O4145,C12004,2024-04-09,Home & Kitchen,3830.88,3,False
O4146,C12005,2024-12-26,Home & Kitchen,1658.43,1,False
O4147,C12005,2025-03-03,Beauty,569.79,3,False
O4148,C12005,2025-05-04,Beauty,747.54,3,False
O4149,C12005,2025-06-24,Fashion,2860.31,2,False
O4150,C12005,2025-06-25,Electronics,10584.01,2,False
O4151,C12006,2024-10-20,Beauty,1161.31,1,False
O4152,C12006,2024-10-28,Home & Kitchen,2690.1,1,False
O4153,C12006,2024-12-20,Sports,3264.64,1,False
O4154,C12006,2024-12-23,Beauty,1625.21,3,False
O4155,C12007,2025-02-05,Sports,1485.58,2,False
O4156,C12007,2025-03-18,Electronics,12885.5,3,False
O4157,C12008,2024-10-31,Sports,3147.62,3,False
O4158,C12009,2025-09-21,Books,303.42,2,False
O4159,C12009,2025-09-22,Beauty,1310.17,3,True
O4160,C12009,2025-10-13,Fashion,1437.25,2,False
O4161,C12009,2025-11-21,Electronics,5971.46,3,False
O4162,C12010,2024-01-12,Electronics,23929.85,2,False
O4163,C12010,2024-03-27,Sports,869.08,1,False
O4164,C12011,2025-11-24,Home & Kitchen,1695.86,2,False
O4165,C12011,2025-12-01,Fashion,868.85,2,False
O4166,C12012,2025-04-29,Home & Kitchen,2956.3,2,False
O4167,C12012,2025-06-18,Books,442.7,3,False
O4168,C12012,2025-07-08,Beauty,548.74,3,False
O4169,C12013,2025-06-30,Home & Kitchen,3104.72,3,False
O4170,C12014,2024-04-07,Books,366.99,2,False
O4171,C12015,2024-02-15,Electronics,9454.84,3,False
O4172,C12016,2024-10-04,Fashion,1628.67,2,False
O4173,C12016,2024-10-22,Sports,3308.97,2,False
O4174,C12017,2024-08-15,Electronics,10891.68,3,False
O4175,C12017,2024-10-25,Sports,1583.82,3,False
O4176,C12017,2025-02-12,Books,448.82,2,False
O4177,C12018,2025-07-03,Home & Kitchen,13845.22,3,False
O4178,C12018,2025-07-28,Electronics,7861.59,3,True
O4179,C12019,2025-09-19,Beauty,1533.25,2,False
O4180,C12019,2025-11-05,Electronics,9577.86,2,False
O4181,C12019,2025-11-22,Electronics,12774.47,3,False
O4182,C12020,2024-10-29,Home & Kitchen,3638.51,3,False
O4183,C12021,2025-06-26,Electronics,3483.67,1,False
O4184,C12021,2025-07-02,Home & Kitchen,4079.37,1,False
O4185,C12021,2025-07-26,Sports,1538.94,2,False
O4186,C12021,2025-07-31,Electronics,1339.39,3,False
O4187,C12021,2025-08-15,Electronics,10622.49,1,False
O4188,C12021,2025-08-20,Books,221.21,1,False
O4189,C12021,2025-08-27,Sports,1894.8,2,False
O4190,C12022,2024-02-12,Sports,1897.44,2,False
O4191,C12022,2024-02-15,Electronics,8414.36,3,False
O4192,C12023,2025-06-03,Electronics,5534.77,2,False
O4193,C12023,2025-09-09,Fashion,1407.57,2,False
O4194,C12024,2024-03-10,Home & Kitchen,1709.44,1,True
O4195,C12025,2025-04-14,Home & Kitchen,3076.78,3,False
O4196,C12026,2024-09-25,Books,311.43,3,False
O4197,C12026,2024-11-26,Electronics,4641.65,1,False
O4198,C12027,2024-10-21,Home & Kitchen,5473.98,1,False
O4199,C12028,2024-07-13,Fashion,1726.62,1,False
O4200,C12028,2024-07-31,Sports,3429.45,3,False
O4201,C12029,2024-10-09,Electronics,5856.73,2,False
O4202,C12030,2025-09-04,Home & Kitchen,5645.77,3,False
O4203,C12030,2025-10-02,Sports,2573.74,2,False
O4204,C12031,2025-07-21,Fashion,5378.33,3,False
O4205,C12032,2024-08-29,Books,550.54,1,False
O4206,C12033,2024-07-25,Electronics,28201.19,2,False
O4207,C12033,2024-10-23,Home & Kitchen,5216.9,3,False
O4208,C12033,2024-10-24,Electronics,9769.13,2,False
O4209,C12034,2024-12-23,Home & Kitchen,5806.02,1,False
O4210,C12034,2025-01-11,Electronics,9698.89,3,False
O4211,C12035,2025-04-28,Sports,2729.14,2,False
O4212,C12036,2024-05-12,Home & Kitchen,2767.07,1,False
O4213,C12036,2024-05-23,Beauty,1728.67,2,False
O4214,C12036,2024-07-17,Fashion,4968.71,1,False
O4215,C12036,2024-09-27,Books,985.46,2,False
O4216,C12037,2025-05-23,Fashion,3710.04,1,False
O4217,C12037,2025-06-18,Home & Kitchen,2982.97,3,False
O4218,C12038,2025-11-03,Sports,1810.32,2,False
O4219,C12038,2025-11-08,Fashion,1037.11,1,False
O4220,C12039,2025-08-17,Electronics,7327.23,1,False
O4221,C12039,2025-09-01,Home & Kitchen,3105.87,2,False
O4222,C12039,2025-09-18,Electronics,4169.52,1,True
O4223,C12039,2025-10-20,Electronics,15633.05,1,False
O4224,C12039,2025-11-11,Fashion,2342.99,2,False
O4225,C12040,2025-01-19,Beauty,2729.84,3,False
O4226,C12040,2025-04-11,Beauty,1242.62,2,False
O4227,C12041,2024-08-13,Electronics,7977.62,2,False
O4228,C12041,2024-10-09,Electronics,21132.0,3,False
O4229,C12042,2024-08-19,Home & Kitchen,3980.16,3,False
O4230,C12043,2025-06-05,Books,254.94,3,True
O4231,C12043,2025-07-03,Electronics,5868.65,2,False
O4232,C12044,2024-11-16,Sports,2048.03,2,False
O4233,C12045,2024-03-20,Electronics,5492.81,2,False
O4234,C12046,2025-04-21,Beauty,1777.45,2,False
O4235,C12047,2024-04-06,Sports,3174.73,3,False
O4236,C12047,2024-09-13,Home & Kitchen,3510.34,1,False
O4237,C12048,2025-11-21,Sports,4570.61,3,False
O4238,C12048,2025-11-21,Electronics,9969.24,3,False
O4239,C12048,2025-11-25,Books,393.85,3,False
O4240,C12049,2024-10-22,Sports,5311.37,3,False
O4241,C12049,2024-11-10,Sports,5118.86,2,False
O4242,C12050,2024-08-28,Fashion,2853.24,1,False
O4243,C12051,2024-02-15,Home & Kitchen,5305.0,1,False
O4244,C12051,2024-03-15,Beauty,937.67,1,False
O4245,C12052,2024-05-01,Electronics,5684.41,1,False
O4246,C12052,2024-05-17,Electronics,7456.73,2,False
O4247,C12053,2025-11-04,Beauty,1277.0,2,False
O4248,C12053,2025-11-28,Sports,6419.26,3,False
O4249,C12054,2025-01-16,Fashion,1178.0,1,False
O4250,C12054,2025-03-16,Electronics,6750.69,2,False
O4251,C12055,2025-09-30,Electronics,11223.26,2,False
O4252,C12055,2025-12-11,Beauty,675.76,3,False
O4253,C12056,2025-10-31,Beauty,472.25,3,False
O4254,C12056,2025-11-08,Sports,1351.85,2,False
O4255,C12056,2025-11-09,Fashion,1858.85,3,False
O4256,C12056,2025-12-31,Fashion,1889.33,3,False
O4257,C12057,2024-02-08,Books,626.0,1,False
O4258,C12057,2024-03-22,Electronics,9834.57,1,False
O4259,C12058,2024-09-23,Home & Kitchen,2022.97,2,False
O4260,C12058,2024-11-08,Home & Kitchen,3590.18,2,False
O4261,C12058,2024-12-08,Sports,3285.77,3,False
O4262,C12059,2025-08-10,Home & Kitchen,4038.81,2,True
O4263,C12059,2025-08-22,Home & Kitchen,5558.54,2,True
O4264,C12060,2024-12-18,Home & Kitchen,3349.35,3,False
O4265,C12061,2024-12-23,Sports,3955.13,3,False
O4266,C12062,2025-02-04,Fashion,2650.43,2,True
O4267,C12063,2025-05-06,Sports,1101.77,3,False
O4268,C12064,2025-10-20,Electronics,4223.27,3,False
O4269,C12064,2025-12-21,Sports,2362.14,1,False
O4270,C12065,2025-09-12,Fashion,1613.63,3,False
O4271,C12066,2025-03-15,Electronics,9906.06,2,False
O4272,C12067,2025-02-15,Home & Kitchen,3803.73,1,False
O4273,C12068,2024-09-12,Home & Kitchen,3707.15,1,False
O4274,C12068,2025-02-06,Fashion,2003.66,3,False
O4275,C12068,2025-04-18,Home & Kitchen,5364.36,3,False
O4276,C12069,2024-03-23,Electronics,6654.12,1,False
O4277,C12070,2025-05-23,Electronics,11136.77,1,False
O4278,C12070,2025-07-06,Electronics,14150.72,3,False
O4279,C12070,2025-09-19,Electronics,4013.34,2,False
O4280,C12071,2024-01-08,Electronics,8797.18,2,False
O4281,C12071,2024-01-29,Sports,3715.84,1,False
O4282,C12072,2025-05-03,Home & Kitchen,1658.26,3,False
O4283,C12072,2025-07-12,Fashion,2253.51,1,True
O4284,C12072,2025-07-12,Electronics,16962.33,2,False
O4285,C12072,2025-09-14,Home & Kitchen,1529.08,3,False
O4286,C12072,2025-12-15,Beauty,3235.53,1,False
O4287,C12073,2024-12-20,Electronics,19443.86,2,False
O4288,C12073,2025-02-17,Home & Kitchen,3888.47,2,False
O4289,C12073,2025-02-20,Fashion,1717.89,1,False
O4290,C12073,2025-03-10,Home & Kitchen,2544.49,3,False
O4291,C12073,2025-03-20,Beauty,849.68,1,False
O4292,C12073,2025-04-16,Beauty,833.11,3,False
O4293,C12074,2025-07-04,Home & Kitchen,1887.65,1,False
O4294,C12074,2025-08-09,Beauty,870.47,3,False
O4295,C12075,2025-10-31,Electronics,17787.16,2,False
O4296,C12075,2025-11-11,Electronics,26086.38,1,False
O4297,C12076,2025-01-24,Electronics,9531.32,3,False
O4298,C12077,2025-02-04,Fashion,2396.76,3,False
O4299,C12078,2024-12-08,Books,482.96,1,False
O4300,C12078,2024-12-22,Beauty,2818.61,1,False
O4301,C12078,2025-02-11,Home & Kitchen,1862.89,3,False
O4302,C12078,2025-05-20,Electronics,8360.09,1,False
O4303,C12079,2024-09-19,Books,748.16,2,False
O4304,C12080,2024-03-03,Electronics,10504.22,1,False
O4305,C12081,2024-01-24,Sports,2771.02,2,False
O4306,C12081,2024-03-05,Fashion,3761.3,1,True
O4307,C12082,2025-05-21,Fashion,1080.64,2,False
O4308,C12082,2025-06-12,Fashion,1515.48,1,False
O4309,C12082,2025-07-15,Beauty,1372.98,1,False
O4310,C12083,2025-10-03,Beauty,837.0,3,False
O4311,C12083,2025-10-06,Books,484.99,2,False
O4312,C12083,2025-11-18,Electronics,12982.4,2,False
O4313,C12084,2024-02-10,Electronics,7311.08,2,False
O4314,C12085,2024-08-17,Beauty,682.25,3,False
O4315,C12086,2025-03-03,Home & Kitchen,1125.64,2,False
O4316,C12087,2025-05-08,Electronics,11783.27,3,False
O4317,C12088,2025-06-06,Books,450.58,3,False
O4318,C12088,2025-06-10,Electronics,7147.52,3,False
O4319,C12089,2025-05-04,Electronics,17102.91,3,False
O4320,C12090,2024-02-28,Beauty,2503.58,2,False
O4321,C12091,2024-06-26,Beauty,445.03,2,False
O4322,C12091,2024-07-11,Electronics,4410.42,2,False
O4323,C12092,2024-11-24,Home & Kitchen,4935.42,3,False
O4324,C12092,2024-12-14,Fashion,1365.57,3,False
O4325,C12092,2025-02-15,Fashion,1733.02,1,False
O4326,C12092,2025-04-19,Home & Kitchen,3967.44,3,False
O4327,C12093,2024-02-14,Electronics,8006.66,1,False
O4328,C12093,2024-03-07,Beauty,1347.37,1,False
O4329,C12094,2024-08-30,Books,694.72,3,False
O4330,C12094,2024-09-18,Electronics,5842.43,1,False
O4331,C12095,2024-10-01,Electronics,8957.57,1,False
O4332,C12096,2025-11-16,Sports,2327.51,2,False
O4333,C12097,2024-08-09,Home & Kitchen,3490.35,1,False
O4334,C12097,2024-09-26,Home & Kitchen,4287.58,1,False
O4335,C12098,2025-11-11,Electronics,21282.68,3,False
O4336,C12099,2025-05-13,Beauty,548.64,1,False
O4337,C12100,2025-04-29,Books,379.77,3,False
O4338,C12101,2025-08-04,Fashion,3193.19,1,False
O4339,C12102,2025-08-15,Home & Kitchen,3388.57,2,False
O4340,C12103,2024-06-07,Home & Kitchen,1791.2,2,False
O4341,C12104,2024-10-21,Fashion,4608.01,1,False
O4342,C12104,2025-02-14,Fashion,3107.19,1,True
O4343,C12104,2025-03-25,Home & Kitchen,1936.76,3,False
O4344,C12105,2025-01-04,Fashion,1980.98,3,False
O4345,C12106,2025-11-15,Beauty,3671.43,2,False
O4346,C12107,2024-02-01,Sports,2732.27,1,False
O4347,C12108,2024-12-02,Home & Kitchen,3781.94,3,False
O4348,C12109,2024-06-05,Fashion,1216.68,1,False
O4349,C12110,2024-05-25,Sports,2723.7,1,False
O4350,C12111,2025-06-20,Fashion,556.97,2,False
O4351,C12111,2025-07-05,Books,920.1,1,False
O4352,C12112,2024-05-24,Beauty,675.99,2,False
O4353,C12113,2025-07-19,Beauty,1299.47,2,False
O4354,C12114,2025-11-27,Home & Kitchen,3059.98,2,False
O4355,C12115,2025-07-02,Fashion,1205.25,3,False
O4356,C12115,2025-08-25,Electronics,17067.22,3,False
O4357,C12115,2025-09-23,Home & Kitchen,5106.44,2,True
O4358,C12116,2024-04-29,Electronics,19570.91,1,False
O4359,C12116,2024-05-31,Fashion,6446.36,1,False
O4360,C12117,2024-04-09,Home & Kitchen,2207.13,3,False
O4361,C12118,2024-11-13,Home & Kitchen,4434.13,1,False
O4362,C12118,2024-11-22,Sports,2901.46,3,False
O4363,C12119,2025-01-20,Fashion,3433.76,2,False
O4364,C12120,2025-07-06,Electronics,12173.8,3,False
O4365,C12121,2024-10-22,Electronics,11864.22,1,False
O4366,C12122,2024-04-28,Electronics,5866.14,3,False
O4367,C12122,2024-06-28,Home & Kitchen,2615.67,3,False
O4368,C12122,2024-07-17,Sports,7677.32,2,False
O4369,C12122,2024-07-26,Electronics,20011.37,1,False
O4370,C12122,2024-09-01,Home & Kitchen,1512.79,3,False
O4371,C12122,2024-09-18,Fashion,3777.83,1,False
O4372,C12123,2025-11-25,Home & Kitchen,15871.7,3,False
O4373,C12124,2025-09-27,Home & Kitchen,4475.32,3,False
O4374,C12125,2025-04-05,Sports,4155.99,3,False
O4375,C12126,2025-05-02,Sports,6890.94,3,False
O4376,C12127,2025-10-17,Fashion,5771.82,2,False
O4377,C12127,2025-12-03,Beauty,834.14,3,False
O4378,C12128,2024-12-02,Beauty,826.89,1,False
O4379,C12129,2024-04-11,Beauty,1781.08,3,False
O4380,C12129,2024-05-07,Electronics,8067.83,1,False
O4381,C12130,2025-03-03,Home & Kitchen,1664.19,3,False
O4382,C12131,2024-11-14,Books,461.39,3,False
O4383,C12131,2024-12-09,Home & Kitchen,3907.09,3,False
O4384,C12131,2025-02-23,Books,450.04,2,False
O4385,C12131,2025-03-03,Home & Kitchen,1552.26,1,False
O4386,C12131,2025-03-07,Sports,4980.42,3,False
O4387,C12132,2025-07-13,Fashion,1116.8,2,False
O4388,C12132,2025-08-07,Electronics,7176.42,3,False
O4389,C12132,2025-08-16,Home & Kitchen,2293.0,2,False
O4390,C12132,2025-08-24,Electronics,11385.2,3,True
O4391,C12132,2025-09-02,Sports,1881.92,2,False
O4392,C12133,2025-06-28,Fashion,965.71,3,False
O4393,C12133,2025-07-04,Fashion,2984.09,1,False
O4394,C12133,2025-08-01,Fashion,4162.59,1,True
O4395,C12133,2025-08-28,Home & Kitchen,3014.88,3,False
O4396,C12133,2025-08-30,Beauty,754.38,3,True
O4397,C12134,2024-12-08,Electronics,33312.81,2,False
O4398,C12135,2024-09-23,Beauty,1457.6,2,False
O4399,C12135,2024-12-12,Beauty,984.07,3,False
O4400,C12135,2025-07-12,Books,244.04,1,False
O4401,C12136,2024-10-30,Fashion,1089.77,2,False
O4402,C12136,2024-12-06,Home & Kitchen,2248.32,2,False
O4403,C12136,2025-01-23,Home & Kitchen,3541.18,3,False
O4404,C12136,2025-02-25,Electronics,8596.9,1,False
O4405,C12137,2025-03-20,Fashion,4676.93,1,False
O4406,C12137,2025-05-05,Electronics,6554.14,2,False
O4407,C12138,2025-03-22,Fashion,1037.03,1,False
O4408,C12138,2025-06-25,Home & Kitchen,2970.22,3,False
O4409,C12138,2025-06-27,Home & Kitchen,1516.27,3,False
O4410,C12139,2024-12-24,Books,1171.7,3,False
O4411,C12140,2025-01-09,Home & Kitchen,1079.78,3,False
O4412,C12141,2025-11-26,Home & Kitchen,2982.47,2,False
O4413,C12141,2025-11-27,Books,194.34,1,False
O4414,C12142,2024-06-26,Books,1075.99,3,False
O4415,C12143,2024-05-01,Fashion,1945.39,2,False
O4416,C12143,2024-05-17,Home & Kitchen,2036.73,3,False
O4417,C12143,2024-08-06,Home & Kitchen,2535.05,2,False
O4418,C12143,2024-08-21,Electronics,12244.43,1,False
O4419,C12144,2025-07-15,Fashion,1631.12,1,False
O4420,C12144,2025-07-29,Sports,1426.46,3,False
O4421,C12144,2025-09-03,Fashion,2111.0,1,False
O4422,C12145,2025-10-16,Beauty,1357.05,1,True
O4423,C12146,2025-03-05,Books,332.24,2,False
O4424,C12146,2025-04-04,Electronics,7816.58,3,False
O4425,C12147,2024-10-18,Beauty,1795.55,1,False
O4426,C12148,2024-09-01,Electronics,11176.72,2,False
O4427,C12148,2024-12-17,Books,405.1,1,False
O4428,C12148,2025-04-03,Beauty,661.26,1,False
O4429,C12149,2024-11-28,Fashion,5543.4,1,True
O4430,C12149,2024-12-24,Beauty,2450.43,3,False
O4431,C12149,2025-02-06,Books,493.76,1,False
O4432,C12149,2025-09-02,Home & Kitchen,1416.26,1,False
O4433,C12150,2024-02-06,Fashion,990.33,3,False
O4434,C12151,2025-01-08,Sports,822.68,3,False
O4435,C12152,2024-07-10,Home & Kitchen,2242.25,2,False
O4436,C12153,2024-07-06,Home & Kitchen,1829.15,2,False
O4437,C12154,2025-01-27,Home & Kitchen,3833.09,1,False
O4438,C12154,2025-02-24,Fashion,2664.17,1,False
O4439,C12155,2025-11-06,Fashion,2224.03,3,False
O4440,C12156,2024-05-25,Home & Kitchen,5691.26,3,False
O4441,C12157,2025-10-01,Electronics,8976.63,1,False
O4442,C12158,2025-01-11,Beauty,674.65,3,False
O4443,C12158,2025-02-05,Fashion,2828.58,3,False
O4444,C12159,2025-11-15,Home & Kitchen,1851.38,2,False
O4445,C12159,2025-12-16,Books,583.53,2,False
O4446,C12160,2024-09-25,Home & Kitchen,4548.32,1,True
O4447,C12161,2025-12-09,Fashion,2148.05,2,False
O4448,C12162,2025-04-07,Fashion,4957.8,2,False
O4449,C12162,2025-05-30,Fashion,3177.83,2,False
O4450,C12162,2025-08-19,Fashion,1113.67,2,False
O4451,C12163,2025-04-23,Electronics,14780.95,3,False
O4452,C12163,2025-07-10,Beauty,380.73,1,False
O4453,C12163,2025-07-23,Beauty,1303.8,2,False
O4454,C12163,2025-08-06,Beauty,1070.4,2,False
O4455,C12163,2025-08-08,Electronics,5315.81,2,False
O4456,C12163,2025-09-23,Home & Kitchen,3379.25,2,False
O4457,C12164,2025-02-01,Beauty,794.04,1,False
O4458,C12165,2024-11-12,Fashion,680.46,1,False
O4459,C12165,2024-11-27,Sports,1849.2,2,False
O4460,C12165,2024-11-27,Beauty,1577.01,3,False
O4461,C12165,2025-03-08,Sports,1038.07,1,False
O4462,C12165,2025-03-10,Electronics,3707.58,2,False
O4463,C12165,2025-03-24,Sports,2854.1,3,False
O4464,C12165,2025-08-16,Beauty,994.74,3,False
O4465,C12166,2025-01-09,Electronics,21192.78,3,False
O4466,C12166,2025-02-13,Fashion,1556.89,2,True
O4467,C12166,2025-03-13,Home & Kitchen,2382.39,2,False
O4468,C12167,2025-08-20,Sports,3332.65,2,False
O4469,C12167,2025-10-09,Beauty,720.39,3,False
O4470,C12168,2025-07-09,Home & Kitchen,2358.11,1,False
O4471,C12168,2025-08-12,Home & Kitchen,1412.46,3,False
O4472,C12168,2025-10-25,Beauty,1803.29,3,False
O4473,C12168,2025-11-28,Beauty,976.69,2,False
O4474,C12168,2025-12-06,Beauty,1142.71,2,False
O4475,C12169,2024-01-17,Fashion,873.45,2,True
O4476,C12169,2024-03-29,Sports,2094.18,2,False
O4477,C12170,2025-05-07,Fashion,3736.41,3,False
O4478,C12170,2025-11-20,Sports,4404.99,1,False
O4479,C12170,2025-11-29,Books,452.55,3,False
O4480,C12171,2025-08-07,Home & Kitchen,1686.65,1,False
O4481,C12172,2025-06-05,Home & Kitchen,3002.41,2,False
O4482,C12172,2025-09-16,Books,2552.27,2,False
O4483,C12172,2025-10-10,Beauty,2097.79,1,False
O4484,C12172,2025-10-30,Electronics,13826.8,3,True
O4485,C12173,2024-12-14,Home & Kitchen,1573.87,1,False
O4486,C12173,2025-01-06,Fashion,2233.64,2,False
O4487,C12174,2024-08-23,Fashion,2988.25,3,False
O4488,C12175,2025-04-21,Books,582.25,1,False
O4489,C12175,2025-08-26,Electronics,18391.93,3,False
O4490,C12176,2025-04-09,Books,992.48,2,False
O4491,C12177,2024-09-18,Electronics,5527.0,1,False
O4492,C12177,2024-09-26,Beauty,778.81,1,False
O4493,C12177,2024-10-13,Electronics,35601.34,1,False
O4494,C12178,2024-10-12,Beauty,969.4,2,False
O4495,C12178,2025-02-10,Electronics,5457.62,2,False
O4496,C12179,2024-09-20,Home & Kitchen,19129.83,1,False
O4497,C12179,2024-09-23,Fashion,4042.52,1,False
O4498,C12179,2024-10-04,Fashion,6277.34,2,False
O4499,C12179,2024-10-21,Sports,6244.72,2,True
O4500,C12180,2024-02-06,Books,812.56,2,False
O4501,C12180,2024-02-14,Sports,2006.84,2,False
O4502,C12180,2024-04-07,Electronics,28002.0,3,True
O4503,C12180,2024-05-09,Fashion,6597.47,1,False
O4504,C12180,2024-09-10,Fashion,1612.0,3,False
O4505,C12180,2024-10-18,Sports,1724.12,1,False
O4506,C12180,2024-11-05,Electronics,19516.9,1,False
O4507,C12180,2025-01-03,Sports,2397.24,3,False
O4508,C12181,2024-01-30,Home & Kitchen,3173.05,1,False
O4509,C12182,2024-03-05,Fashion,1620.21,2,False
O4510,C12183,2024-10-24,Books,777.17,3,False
O4511,C12183,2024-11-12,Home & Kitchen,2780.4,1,False
O4512,C12183,2024-11-18,Sports,2354.11,3,False
O4513,C12184,2024-12-23,Fashion,804.13,3,False
O4514,C12184,2025-02-28,Home & Kitchen,2993.82,3,False
O4515,C12184,2025-04-19,Electronics,6116.51,3,False
O4516,C12184,2025-06-05,Fashion,1658.63,2,False
O4517,C12185,2024-10-12,Fashion,1627.93,2,False
O4518,C12186,2025-10-30,Home & Kitchen,5939.24,2,False
O4519,C12187,2024-06-06,Electronics,8764.09,2,False
O4520,C12187,2024-07-06,Sports,1532.19,2,False
O4521,C12187,2024-10-16,Beauty,1635.17,3,False
O4522,C12188,2024-10-02,Fashion,1404.27,2,False
O4523,C12188,2024-10-19,Beauty,2573.18,1,False
O4524,C12188,2024-10-31,Electronics,7784.59,2,False
O4525,C12188,2025-03-18,Sports,4512.81,3,False
O4526,C12188,2025-03-19,Beauty,1129.07,3,False
O4527,C12188,2025-04-08,Books,383.79,3,False
O4528,C12189,2024-06-22,Home & Kitchen,1575.7,2,False
O4529,C12190,2024-08-02,Home & Kitchen,6401.84,3,False
O4530,C12191,2025-02-15,Books,564.65,2,False
O4531,C12191,2025-03-12,Beauty,1430.8,1,False
O4532,C12192,2024-08-06,Beauty,1100.68,1,False
O4533,C12192,2024-08-18,Sports,2111.68,1,False
O4534,C12192,2024-09-05,Beauty,568.79,3,False
O4535,C12192,2024-09-05,Home & Kitchen,2035.45,2,False
O4536,C12193,2024-08-10,Home & Kitchen,3304.36,2,True
O4537,C12193,2024-08-27,Books,766.11,1,False
O4538,C12194,2025-04-16,Electronics,9884.28,2,False
O4539,C12194,2025-05-02,Books,969.18,1,False
O4540,C12194,2025-07-05,Fashion,1661.79,3,False
O4541,C12195,2025-08-04,Fashion,2886.38,1,True
O4542,C12195,2025-08-11,Sports,9726.56,1,False
O4543,C12195,2025-10-09,Beauty,1250.09,3,False
O4544,C12196,2024-05-28,Fashion,3221.41,2,False
O4545,C12197,2024-03-27,Sports,2074.38,1,False
O4546,C12197,2024-03-31,Sports,2474.65,1,False
O4547,C12198,2024-06-16,Fashion,1209.15,1,False
O4548,C12198,2024-07-26,Home & Kitchen,2439.48,2,False
O4549,C12198,2024-08-01,Electronics,8518.58,1,False
O4550,C12198,2024-10-08,Electronics,7559.0,1,False
O4551,C12199,2025-02-08,Home & Kitchen,3647.99,1,False
O4552,C12200,2025-11-03,Sports,1605.26,2,False
O4553,C12201,2024-04-22,Fashion,1546.56,1,False
O4554,C12202,2024-02-12,Electronics,13313.18,2,False
O4555,C12203,2025-01-04,Electronics,12474.98,1,False
O4556,C12204,2025-11-24,Beauty,1581.78,3,False
O4557,C12205,2025-01-22,Books,1234.73,1,False
O4558,C12205,2025-03-11,Electronics,11281.59,1,False
O4559,C12206,2025-10-09,Home & Kitchen,5122.47,3,False
O4560,C12206,2025-10-24,Fashion,1119.51,2,False
O4561,C12206,2025-11-03,Fashion,3941.71,3,False
O4562,C12206,2025-11-22,Sports,6077.18,2,False
O4563,C12207,2025-03-26,Books,491.71,2,False
O4564,C12207,2025-04-21,Beauty,622.11,3,False
O4565,C12207,2025-04-29,Beauty,1461.92,2,True
O4566,C12208,2024-01-28,Sports,3258.18,2,False
O4567,C12208,2024-08-23,Home & Kitchen,3329.57,2,True
O4568,C12209,2024-10-31,Fashion,2109.57,1,False
O4569,C12209,2024-11-07,Books,737.72,3,False
O4570,C12210,2025-06-23,Books,318.72,2,False
O4571,C12210,2025-06-24,Home & Kitchen,5716.65,3,False
O4572,C12210,2025-07-09,Beauty,411.13,2,False
O4573,C12211,2024-12-22,Home & Kitchen,1823.77,3,False
O4574,C12212,2024-05-20,Home & Kitchen,3628.46,2,False
O4575,C12212,2024-05-30,Electronics,6078.57,3,False
O4576,C12212,2024-07-03,Home & Kitchen,1401.14,3,False
O4577,C12212,2024-08-28,Sports,1444.6,3,False
O4578,C12213,2024-05-06,Fashion,1073.54,3,False
O4579,C12214,2025-04-10,Home & Kitchen,7429.02,2,False
O4580,C12215,2024-11-20,Electronics,12599.34,1,False
O4581,C12215,2024-11-20,Beauty,2258.25,3,False
O4582,C12216,2025-02-07,Fashion,2594.46,3,False
O4583,C12216,2025-02-09,Sports,1171.14,3,False
O4584,C12216,2025-02-23,Home & Kitchen,2367.79,1,False
O4585,C12217,2024-09-18,Fashion,1227.87,3,False
O4586,C12217,2024-12-10,Electronics,6466.03,1,False
O4587,C12217,2024-12-27,Sports,1823.4,3,False
O4588,C12218,2024-08-27,Home & Kitchen,3756.84,1,False
O4589,C12218,2024-10-17,Home & Kitchen,5838.84,2,False
O4590,C12219,2025-04-11,Sports,1081.11,1,False
O4591,C12219,2025-05-01,Beauty,1759.69,1,False
O4592,C12220,2024-01-08,Home & Kitchen,3890.4,3,False
O4593,C12220,2024-02-03,Fashion,3256.74,1,False
O4594,C12221,2024-10-31,Beauty,926.66,1,False
O4595,C12221,2024-12-22,Books,644.24,2,False
O4596,C12221,2024-12-22,Fashion,1062.16,3,False
O4597,C12222,2024-09-17,Electronics,6366.76,1,False
O4598,C12223,2025-07-16,Home & Kitchen,1166.86,1,False
O4599,C12223,2025-10-19,Fashion,1728.35,3,False
O4600,C12223,2025-10-26,Sports,1496.13,3,False
O4601,C12223,2025-11-21,Electronics,10989.1,2,True
O4602,C12224,2025-05-24,Fashion,1985.62,2,False
O4603,C12225,2024-10-26,Fashion,1277.55,2,False
O4604,C12226,2024-07-03,Beauty,551.98,3,False
O4605,C12227,2024-06-14,Home & Kitchen,853.59,3,False
O4606,C12227,2024-09-16,Beauty,589.5,2,False
O4607,C12227,2024-10-13,Sports,2787.03,1,False
O4608,C12228,2024-05-29,Home & Kitchen,1883.9,2,False
O4609,C12228,2024-10-22,Sports,3357.47,3,False
O4610,C12229,2024-07-11,Sports,1206.94,2,False
O4611,C12229,2024-07-17,Sports,1038.59,2,False
O4612,C12229,2024-09-30,Fashion,1768.4,3,False
O4613,C12229,2025-05-27,Books,431.18,2,False
O4614,C12229,2025-07-13,Fashion,3165.98,1,False
O4615,C12229,2025-07-13,Electronics,9432.37,2,False
O4616,C12230,2025-06-20,Home & Kitchen,2290.68,1,False
O4617,C12231,2024-02-02,Books,444.51,1,False
O4618,C12232,2024-01-20,Fashion,1395.09,2,False
O4619,C12232,2024-02-14,Fashion,2413.65,3,False
O4620,C12233,2025-01-18,Home & Kitchen,2395.34,3,False
O4621,C12233,2025-01-26,Books,616.83,3,False
O4622,C12234,2024-06-12,Fashion,3124.83,2,False
O4623,C12234,2024-10-28,Fashion,2277.28,3,False
O4624,C12235,2025-08-04,Books,1011.59,2,False
O4625,C12236,2025-06-11,Sports,1986.55,3,False
O4626,C12236,2025-06-12,Fashion,2087.16,1,False
O4627,C12237,2025-06-22,Home & Kitchen,6867.78,2,False
O4628,C12237,2025-06-23,Beauty,772.27,1,False
O4629,C12237,2025-07-31,Beauty,391.72,2,False
O4630,C12237,2025-08-01,Beauty,960.46,1,False
O4631,C12237,2025-09-08,Electronics,6803.84,1,False
O4632,C12238,2024-11-16,Beauty,1813.4,1,False
O4633,C12239,2024-11-07,Fashion,4020.44,1,False
O4634,C12240,2024-10-24,Fashion,2851.55,1,False
O4635,C12240,2024-12-15,Sports,8750.09,3,False
O4636,C12240,2025-01-01,Beauty,1521.61,1,False
O4637,C12240,2025-01-28,Beauty,718.18,2,False
O4638,C12240,2025-01-30,Sports,7971.13,2,False
O4639,C12240,2025-02-28,Books,548.48,1,False
O4640,C12241,2024-05-20,Home & Kitchen,2900.61,3,False
O4641,C12241,2024-07-30,Beauty,1047.37,2,False
O4642,C12242,2025-02-02,Electronics,6115.31,1,False
O4643,C12242,2025-03-12,Beauty,444.6,3,False
O4644,C12242,2025-03-26,Fashion,1840.41,2,True
O4645,C12242,2025-04-19,Beauty,975.18,3,False
O4646,C12242,2025-08-02,Books,427.12,3,False
O4647,C12243,2025-08-29,Home & Kitchen,3635.67,1,False
O4648,C12243,2025-09-01,Beauty,724.08,3,False
O4649,C12244,2024-06-28,Fashion,1318.72,2,False
O4650,C12245,2024-02-13,Fashion,4031.03,2,False
O4651,C12245,2024-04-23,Fashion,4411.01,2,False
O4652,C12245,2024-07-18,Sports,1035.52,2,False
O4653,C12245,2024-10-13,Electronics,14285.81,1,False
O4654,C12246,2025-02-02,Fashion,1863.55,1,False
O4655,C12246,2025-05-07,Electronics,21989.26,3,False
O4656,C12247,2024-10-09,Books,336.22,3,False
O4657,C12247,2024-10-19,Sports,2592.55,2,False
O4658,C12247,2024-11-04,Electronics,9455.62,1,False
O4659,C12247,2024-11-05,Beauty,976.91,3,False
O4660,C12248,2025-07-16,Sports,2252.92,2,False
O4661,C12248,2025-08-19,Electronics,4237.7,3,False
O4662,C12249,2025-08-22,Fashion,1097.69,3,False
O4663,C12250,2025-10-27,Fashion,3400.57,3,False
O4664,C12251,2024-10-05,Fashion,2117.7,2,False
O4665,C12252,2025-09-27,Sports,918.72,1,False
O4666,C12253,2024-03-27,Fashion,4896.0,1,False
O4667,C12254,2024-09-18,Sports,6992.1,3,False
O4668,C12254,2024-09-23,Beauty,438.03,1,False
O4669,C12254,2024-10-19,Books,1381.52,2,False
O4670,C12254,2024-10-25,Books,1130.89,3,False
O4671,C12254,2024-12-03,Fashion,1266.25,1,False
O4672,C12254,2025-03-18,Home & Kitchen,2909.83,2,False
O4673,C12254,2025-07-15,Fashion,2391.23,3,False
O4674,C12254,2025-07-18,Home & Kitchen,1916.49,1,False
O4675,C12254,2025-09-26,Electronics,17246.89,1,False
O4676,C12255,2024-07-05,Fashion,3696.01,1,False
O4677,C12256,2025-10-10,Electronics,10121.45,1,False
O4678,C12256,2025-10-22,Electronics,26873.26,1,False
O4679,C12257,2025-02-26,Electronics,26278.92,2,False
O4680,C12258,2024-09-19,Fashion,3941.7,1,False
O4681,C12259,2024-04-18,Electronics,12892.33,3,False
O4682,C12259,2024-07-07,Home & Kitchen,4107.44,3,False
O4683,C12259,2024-07-19,Electronics,16115.07,3,False
O4684,C12260,2025-07-03,Fashion,3183.83,3,False
O4685,C12261,2025-04-03,Electronics,6303.32,3,False
O4686,C12261,2025-04-15,Beauty,1027.01,3,False
O4687,C12262,2025-08-22,Electronics,6833.51,1,True
O4688,C12263,2024-11-03,Home & Kitchen,3788.21,2,False
O4689,C12264,2024-04-14,Sports,1784.29,1,False
O4690,C12264,2024-05-20,Beauty,522.75,2,False
O4691,C12265,2024-08-26,Fashion,1272.96,3,False
O4692,C12266,2025-03-10,Fashion,2732.56,1,False
O4693,C12266,2025-05-31,Fashion,3879.48,3,False
O4694,C12267,2024-06-17,Fashion,1524.93,2,False
O4695,C12267,2024-12-01,Electronics,15082.11,3,False
O4696,C12267,2024-12-21,Beauty,429.01,1,False
O4697,C12268,2024-02-19,Home & Kitchen,1371.55,2,False
O4698,C12268,2024-03-25,Electronics,9588.79,2,False
O4699,C12269,2025-08-01,Electronics,30586.09,3,False
O4700,C12269,2025-09-16,Books,248.69,3,False
O4701,C12269,2025-10-23,Fashion,3590.03,3,False
O4702,C12269,2025-10-29,Beauty,1772.02,2,False
O4703,C12270,2025-01-12,Sports,1401.25,2,True
O4704,C12271,2024-10-06,Home & Kitchen,2425.04,1,False
O4705,C12272,2025-02-01,Sports,2302.88,2,False
O4706,C12273,2025-05-31,Fashion,1426.44,2,True
O4707,C12273,2025-06-01,Books,938.14,1,False
O4708,C12273,2025-07-14,Electronics,11320.68,2,False
O4709,C12273,2025-08-18,Sports,2195.96,1,False
O4710,C12273,2025-09-23,Sports,1902.23,1,False
O4711,C12273,2025-09-30,Electronics,20185.26,1,False
O4712,C12273,2025-12-18,Sports,1392.21,3,True
O4713,C12274,2024-01-02,Sports,3050.54,3,False
O4714,C12275,2024-11-04,Home & Kitchen,3898.08,2,False
O4715,C12275,2024-11-08,Home & Kitchen,4292.13,2,False
O4716,C12276,2024-07-05,Sports,1435.87,1,False
O4717,C12276,2024-08-26,Beauty,363.62,2,False
O4718,C12277,2024-03-08,Books,1156.43,2,False
O4719,C12277,2024-04-02,Books,1782.64,2,False
O4720,C12278,2024-01-26,Books,636.65,2,False
O4721,C12278,2024-02-20,Electronics,15291.1,2,False
O4722,C12278,2024-03-24,Electronics,7253.29,1,False
O4723,C12278,2024-05-15,Books,500.2,2,False
O4724,C12278,2024-06-09,Beauty,749.41,3,False
O4725,C12279,2024-11-06,Home & Kitchen,5064.23,2,False
O4726,C12280,2025-01-16,Electronics,11401.76,2,False
O4727,C12280,2025-01-25,Fashion,9245.91,1,False
O4728,C12280,2025-01-25,Electronics,12954.39,3,False
O4729,C12280,2025-02-08,Books,668.53,2,False
O4730,C12280,2025-02-23,Electronics,25832.96,2,False
O4731,C12280,2025-03-02,Beauty,1419.72,2,False
O4732,C12281,2024-12-24,Home & Kitchen,3222.88,1,False
O4733,C12281,2024-12-27,Beauty,2492.95,2,False
O4734,C12281,2025-03-13,Beauty,1090.69,2,False
O4735,C12282,2025-07-03,Sports,998.82,2,False
O4736,C12283,2024-11-16,Sports,5974.7,2,False
O4737,C12283,2024-11-24,Home & Kitchen,3815.8,1,False
O4738,C12284,2025-02-22,Books,1058.46,2,False
O4739,C12284,2025-05-21,Books,1198.05,3,False
O4740,C12285,2025-07-31,Fashion,7303.22,1,False
O4741,C12286,2025-04-08,Beauty,416.82,1,False
O4742,C12287,2025-09-30,Sports,2640.77,1,False
O4743,C12287,2025-10-07,Beauty,549.68,1,False
O4744,C12287,2025-11-23,Fashion,3975.28,1,False
O4745,C12288,2024-06-10,Beauty,1046.49,3,False
O4746,C12288,2024-06-12,Electronics,8560.95,1,False
O4747,C12289,2025-07-07,Beauty,969.39,2,True
O4748,C12290,2025-05-06,Books,859.68,1,False
O4749,C12291,2025-02-11,Electronics,15733.95,1,False
O4750,C12292,2024-01-08,Beauty,1008.27,1,False
O4751,C12293,2025-01-16,Home & Kitchen,3623.42,1,False
O4752,C12294,2025-08-29,Home & Kitchen,2333.98,2,False
O4753,C12294,2025-09-26,Fashion,2492.24,3,False
O4754,C12294,2025-10-20,Books,1271.9,1,False
O4755,C12295,2025-03-28,Sports,984.59,1,False
O4756,C12296,2024-01-04,Fashion,1229.75,2,False
O4757,C12297,2024-07-20,Fashion,2790.75,2,False
O4758,C12298,2025-02-05,Fashion,1930.08,1,False
O4759,C12299,2025-07-22,Books,1429.32,1,False
O4760,C12299,2025-09-21,Home & Kitchen,4842.08,1,False
O4761,C12299,2025-09-25,Books,404.7,3,False
O4762,C12300,2024-11-10,Sports,3665.57,1,False
O4763,C12300,2025-02-01,Electronics,12863.22,3,False
O4764,C12300,2025-03-20,Sports,2796.31,1,False
O4765,C12301,2025-08-26,Books,240.25,2,False
O4766,C12302,2025-07-11,Electronics,18780.07,1,True
O4767,C12302,2025-07-24,Home & Kitchen,2768.64,2,False
O4768,C12303,2024-07-06,Home & Kitchen,1560.43,3,False
O4769,C12304,2024-05-19,Beauty,381.28,1,False
O4770,C12304,2024-06-29,Electronics,13641.82,1,False
O4771,C12304,2024-07-18,Beauty,867.8,2,False
O4772,C12305,2025-09-29,Books,341.21,3,False
O4773,C12306,2025-02-18,Sports,2208.82,2,False
O4774,C12307,2025-08-18,Fashion,2963.16,2,True
O4775,C12308,2025-10-07,Electronics,12216.06,2,False
O4776,C12308,2025-11-11,Sports,2736.35,2,False
O4777,C12309,2024-10-25,Home & Kitchen,1579.05,3,False
O4778,C12310,2024-02-06,Home & Kitchen,1285.11,2,False
O4779,C12310,2024-03-01,Home & Kitchen,2561.89,1,False
O4780,C12311,2025-09-28,Sports,1661.39,2,False
O4781,C12311,2025-11-03,Fashion,4404.99,2,False
O4782,C12311,2025-12-29,Beauty,1317.13,1,False
O4783,C12312,2025-02-14,Home & Kitchen,977.05,2,False
O4784,C12313,2024-03-31,Fashion,2935.86,2,False
O4785,C12313,2024-04-17,Home & Kitchen,2712.93,2,False
O4786,C12313,2024-06-12,Fashion,1482.92,1,False
O4787,C12313,2024-10-11,Home & Kitchen,4956.87,2,False
O4788,C12313,2024-11-12,Sports,1721.0,3,False
O4789,C12313,2024-12-18,Beauty,1730.72,1,False
O4790,C12313,2024-12-19,Fashion,2295.51,2,False
O4791,C12313,2025-04-19,Home & Kitchen,2877.45,1,False
O4792,C12313,2025-04-26,Beauty,924.7,1,False
O4793,C12313,2025-05-20,Home & Kitchen,3421.11,3,False
O4794,C12314,2025-01-18,Beauty,1363.55,3,False
O4795,C12315,2024-01-21,Home & Kitchen,1849.18,2,False
O4796,C12316,2024-07-22,Electronics,12971.91,2,False
O4797,C12317,2024-09-01,Home & Kitchen,2351.05,2,False
O4798,C12317,2024-09-16,Beauty,821.49,3,False
O4799,C12317,2025-01-25,Beauty,490.8,1,False
O4800,C12318,2024-11-17,Fashion,2439.88,1,False
O4801,C12319,2025-02-04,Sports,2147.78,1,False
O4802,C12319,2025-03-19,Electronics,6986.55,1,False
O4803,C12320,2025-08-11,Sports,1696.32,1,False
O4804,C12320,2025-08-19,Home & Kitchen,1383.71,2,False
O4805,C12321,2024-09-05,Sports,2077.09,1,False
O4806,C12321,2024-09-23,Sports,2484.21,1,False
O4807,C12321,2024-11-21,Books,439.2,2,False
O4808,C12322,2025-05-29,Home & Kitchen,2460.3,1,False
O4809,C12322,2025-06-04,Home & Kitchen,1535.14,1,False
O4810,C12323,2025-10-30,Beauty,1423.17,2,False
O4811,C12324,2025-06-07,Electronics,12251.1,1,False
O4812,C12324,2025-07-01,Sports,2507.35,1,False
O4813,C12325,2024-06-28,Fashion,2393.19,3,False
O4814,C12325,2024-08-03,Beauty,619.41,1,False
O4815,C12326,2025-04-19,Home & Kitchen,4094.43,2,False
O4816,C12327,2024-07-16,Sports,3689.91,3,False
O4817,C12327,2024-07-16,Fashion,2144.34,3,False
O4818,C12327,2024-07-27,Fashion,1041.13,1,False
O4819,C12327,2024-08-22,Beauty,1370.57,3,False
O4820,C12328,2024-12-02,Beauty,1642.54,3,False
O4821,C12329,2025-03-23,Beauty,2045.2,2,True
O4822,C12329,2025-03-29,Electronics,5018.04,2,False
O4823,C12330,2024-07-30,Electronics,16434.58,1,False
O4824,C12330,2024-09-08,Home & Kitchen,2401.79,3,False
O4825,C12330,2024-11-08,Fashion,1416.18,3,False
O4826,C12330,2024-11-16,Electronics,17570.98,3,True
O4827,C12331,2024-01-06,Books,787.14,3,True
O4828,C12332,2025-08-11,Electronics,7326.22,1,False
O4829,C12332,2025-11-12,Home & Kitchen,1920.56,1,False
O4830,C12332,2025-11-16,Electronics,36931.38,1,False
O4831,C12333,2025-05-24,Fashion,1082.2,1,False
O4832,C12333,2025-07-21,Books,842.51,3,False
O4833,C12333,2025-07-27,Electronics,12087.26,3,False
O4834,C12333,2025-08-16,Electronics,12380.79,2,False
O4835,C12333,2025-09-12,Books,500.66,3,False
O4836,C12334,2024-03-29,Books,963.24,1,False
O4837,C12334,2024-04-19,Beauty,1531.21,3,False
O4838,C12335,2024-09-22,Fashion,3792.29,2,False
O4839,C12336,2024-07-08,Books,377.44,2,False
O4840,C12336,2024-08-13,Sports,3371.79,2,False
O4841,C12336,2024-09-13,Books,244.21,2,False
O4842,C12337,2025-11-21,Home & Kitchen,3517.76,2,False
O4843,C12338,2025-10-23,Fashion,1394.0,2,False
O4844,C12339,2025-05-02,Sports,3731.02,2,False
O4845,C12339,2025-08-01,Electronics,5554.64,3,True
O4846,C12339,2025-09-10,Fashion,3048.35,3,False
O4847,C12340,2024-11-04,Home & Kitchen,4456.51,2,False
O4848,C12340,2024-12-24,Beauty,890.74,2,True
O4849,C12340,2025-02-12,Home & Kitchen,748.44,1,False
O4850,C12340,2025-02-25,Home & Kitchen,2359.47,3,False
O4851,C12340,2025-03-28,Beauty,470.25,3,False
O4852,C12340,2025-05-25,Sports,3050.99,1,False
O4853,C12340,2025-10-27,Fashion,1575.76,3,False
O4854,C12340,2025-11-09,Home & Kitchen,8444.99,2,False
O4855,C12341,2024-02-07,Fashion,725.18,2,True
O4856,C12341,2024-02-13,Books,679.08,3,False
O4857,C12342,2024-06-27,Beauty,2978.04,2,False
O4858,C12343,2024-03-11,Sports,4957.89,1,False
O4859,C12344,2025-07-07,Electronics,7842.86,3,False
O4860,C12345,2024-03-08,Fashion,1805.67,3,True
O4861,C12345,2024-04-06,Sports,2454.35,3,False
O4862,C12345,2024-07-10,Home & Kitchen,7071.95,3,False
O4863,C12345,2024-08-15,Fashion,1183.2,3,False
O4864,C12346,2025-04-20,Electronics,25313.83,1,False
O4865,C12347,2025-10-31,Home & Kitchen,3485.74,2,False
O4866,C12348,2024-08-08,Home & Kitchen,2173.09,3,False
O4867,C12348,2024-08-19,Home & Kitchen,1925.17,3,False
O4868,C12348,2024-10-08,Fashion,1931.83,1,False
O4869,C12349,2025-04-23,Sports,1422.11,2,True
O4870,C12349,2025-05-09,Home & Kitchen,3150.61,3,False
O4871,C12350,2025-09-08,Home & Kitchen,834.26,3,False
O4872,C12350,2025-10-11,Electronics,7658.31,1,False
O4873,C12350,2025-10-11,Fashion,3105.85,3,False
O4874,C12350,2025-11-10,Beauty,1589.24,1,False
O4875,C12351,2024-10-31,Beauty,1764.04,3,False
O4876,C12351,2024-12-06,Home & Kitchen,2634.58,3,False
O4877,C12352,2024-11-13,Books,2830.5,2,False
O4878,C12352,2025-02-15,Electronics,11224.29,1,False
O4879,C12353,2024-05-21,Beauty,957.35,3,False
O4880,C12354,2024-10-26,Home & Kitchen,2284.19,1,False
O4881,C12355,2025-09-05,Electronics,26641.22,2,False
O4882,C12355,2025-09-14,Books,296.11,3,False
O4883,C12356,2025-04-09,Fashion,900.68,3,False
O4884,C12357,2024-05-21,Beauty,1573.0,3,False
O4885,C12357,2024-05-21,Beauty,1075.73,2,False
O4886,C12357,2024-07-19,Books,289.46,3,False
O4887,C12358,2025-01-06,Books,423.27,2,False
O4888,C12358,2025-01-06,Electronics,11233.97,1,False
O4889,C12359,2025-05-21,Books,506.75,2,False
O4890,C12360,2024-02-25,Books,385.74,3,False
O4891,C12360,2024-08-19,Books,524.54,2,False
O4892,C12361,2025-06-20,Fashion,1726.55,1,False
O4893,C12361,2025-08-11,Home & Kitchen,2351.69,2,False
O4894,C12362,2024-05-20,Fashion,1385.44,3,False
O4895,C12362,2024-05-24,Books,827.72,3,False
O4896,C12362,2024-05-30,Electronics,17404.42,1,False
O4897,C12363,2024-07-28,Sports,3726.12,2,False
O4898,C12363,2024-08-18,Home & Kitchen,2612.4,2,False
O4899,C12364,2024-10-18,Sports,1562.41,1,False
O4900,C12365,2024-12-19,Beauty,756.94,2,False
O4901,C12365,2025-02-05,Books,1525.02,2,False
O4902,C12366,2025-10-06,Electronics,6535.71,3,False
O4903,C12366,2025-11-27,Home & Kitchen,3496.29,3,False
O4904,C12367,2024-06-14,Beauty,696.38,1,False
O4905,C12368,2024-07-01,Fashion,3388.55,1,False
O4906,C12369,2024-09-24,Electronics,9414.25,3,False
O4907,C12369,2024-10-18,Books,397.53,3,False
O4908,C12370,2025-08-23,Home & Kitchen,2229.91,1,True
O4909,C12371,2025-11-06,Electronics,16057.26,3,False
O4910,C12372,2024-11-14,Fashion,1211.94,2,False
O4911,C12372,2024-12-18,Fashion,5218.54,2,True
O4912,C12373,2025-04-30,Home & Kitchen,5021.65,1,False
O4913,C12374,2025-10-05,Beauty,372.97,2,False
O4914,C12375,2025-08-15,Home & Kitchen,2109.37,1,False
O4915,C12375,2025-09-03,Home & Kitchen,4930.43,2,False
O4916,C12376,2025-04-22,Sports,9209.94,3,False
O4917,C12376,2025-05-20,Books,297.82,3,False
O4918,C12377,2025-01-13,Sports,2398.58,1,False
O4919,C12377,2025-03-16,Electronics,11126.12,3,False
O4920,C12378,2025-11-29,Beauty,1861.96,1,False
O4921,C12378,2025-12-09,Beauty,1222.67,2,False
O4922,C12379,2024-06-23,Electronics,6230.27,3,False
O4923,C12379,2024-08-01,Home & Kitchen,2709.85,3,False
O4924,C12379,2024-12-01,Home & Kitchen,4881.56,1,False
O4925,C12380,2024-09-15,Books,330.25,3,False
O4926,C12380,2024-10-16,Sports,3535.34,2,True
O4927,C12381,2025-05-18,Electronics,7152.69,1,False
O4928,C12381,2025-09-11,Beauty,516.37,2,False
O4929,C12381,2025-12-12,Electronics,8131.88,3,False
O4930,C12381,2025-12-26,Books,252.19,2,False
O4931,C12382,2024-01-17,Beauty,1181.03,3,False
O4932,C12382,2024-01-29,Electronics,11438.79,3,False
O4933,C12383,2024-12-16,Home & Kitchen,6711.31,2,False
O4934,C12383,2025-03-15,Home & Kitchen,3912.28,3,False
O4935,C12384,2025-08-21,Fashion,1380.27,1,False
O4936,C12385,2024-05-05,Sports,4508.84,2,False
O4937,C12386,2025-07-20,Sports,2720.26,1,False
O4938,C12386,2025-10-25,Books,642.98,1,False
O4939,C12387,2024-10-20,Books,243.03,1,False
O4940,C12387,2024-11-30,Books,592.8,1,False
O4941,C12388,2025-09-01,Electronics,12515.67,3,False
O4942,C12388,2025-12-12,Sports,3483.52,3,False
O4943,C12389,2025-03-29,Books,1080.49,2,False
O4944,C12389,2025-05-19,Home & Kitchen,9330.68,1,False
O4945,C12390,2024-04-26,Beauty,739.32,2,False
O4946,C12390,2024-06-23,Sports,2980.11,1,False
O4947,C12391,2025-05-30,Home & Kitchen,997.47,3,False
O4948,C12392,2024-02-09,Books,572.86,2,False
O4949,C12393,2024-06-21,Home & Kitchen,1266.25,1,False
O4950,C12394,2025-09-21,Books,475.38,3,False
O4951,C12394,2025-12-19,Beauty,1634.23,1,False
O4952,C12395,2025-09-06,Electronics,10281.35,2,False
O4953,C12396,2024-02-04,Home & Kitchen,1889.61,3,False
O4954,C12397,2024-09-25,Home & Kitchen,9297.05,2,False
O4955,C12397,2024-10-13,Electronics,11133.24,3,False
O4956,C12397,2024-10-18,Books,398.42,2,False
O4957,C12397,2025-02-18,Home & Kitchen,3528.79,3,False
O4958,C12398,2024-03-06,Sports,10479.52,2,False
O4959,C12399,2024-07-09,Home & Kitchen,3316.67,2,False
O4960,C12400,2025-11-10,Electronics,7872.86,2,False
O4961,C12400,2025-11-12,Electronics,32133.63,2,False
O4962,C12400,2025-11-25,Fashion,3479.65,1,False
O4963,C12400,2025-12-20,Fashion,1618.3,2,False
O4964,C12401,2024-05-17,Fashion,1331.8,1,False
O4965,C12401,2024-09-28,Sports,2252.71,3,False
O4966,C12401,2024-10-11,Sports,3144.64,1,False
O4967,C12401,2024-10-18,Electronics,15353.58,3,False
O4968,C12402,2025-03-25,Home & Kitchen,2187.06,2,False
O4969,C12403,2025-07-17,Electronics,13156.25,1,False
O4970,C12404,2025-09-09,Beauty,1274.59,3,False
O4971,C12404,2025-12-11,Fashion,2885.19,2,False
O4972,C12405,2024-09-06,Electronics,30890.06,3,False
O4973,C12405,2024-09-25,Books,1102.23,1,False
O4974,C12405,2024-11-02,Beauty,1532.92,3,False
O4975,C12406,2025-05-03,Fashion,2545.14,3,False
O4976,C12407,2024-12-15,Electronics,10002.69,1,True
O4977,C12407,2025-01-03,Fashion,2191.59,2,False
O4978,C12407,2025-01-16,Fashion,2382.95,1,False
O4979,C12408,2024-03-23,Electronics,12452.32,1,False
O4980,C12409,2024-06-04,Beauty,1069.81,2,False
O4981,C12409,2024-08-15,Sports,2988.92,2,False
O4982,C12410,2025-06-07,Home & Kitchen,2935.05,2,False
O4983,C12411,2025-04-25,Beauty,973.07,1,False
O4984,C12411,2025-06-22,Books,313.6,1,False
O4985,C12411,2025-09-23,Beauty,978.49,1,False
O4986,C12411,2025-10-13,Home & Kitchen,8280.31,2,False
O4987,C12412,2025-01-02,Electronics,5816.06,2,False
O4988,C12412,2025-01-06,Home & Kitchen,2304.53,2,False
O4989,C12413,2025-07-01,Books,270.99,3,False
O4990,C12414,2025-04-28,Home & Kitchen,8132.56,2,False
O4991,C12414,2025-06-06,Beauty,516.71,3,False
O4992,C12415,2024-08-26,Electronics,14578.51,2,False
O4993,C12416,2024-07-26,Electronics,15809.74,1,False
O4994,C12416,2024-10-13,Electronics,11898.3,2,False
O4995,C12417,2025-10-27,Home & Kitchen,7176.49,1,False
O4996,C12418,2025-11-11,Home & Kitchen,2751.54,1,False
O4997,C12418,2025-11-22,Fashion,1359.6,2,False
O4998,C12418,2025-11-22,Home & Kitchen,780.02,2,False
O4999,C12419,2024-01-24,Home & Kitchen,2894.54,3,False
O5000,C12420,2025-07-08,Beauty,2133.63,1,False
O5001,C12420,2025-08-29,Electronics,19688.14,1,False
O5002,C12420,2025-11-30,Sports,2821.54,2,False
O5003,C12420,2025-12-11,Fashion,2363.78,3,False
O5004,C12421,2024-04-03,Beauty,1260.47,2,False
O5005,C12421,2024-06-28,Beauty,3550.07,2,False
O5006,C12421,2024-08-24,Home & Kitchen,2684.9,1,False
O5007,C12421,2024-11-27,Sports,5682.33,1,False
O5008,C12421,2024-12-24,Electronics,11901.1,1,False
O5009,C12422,2025-08-26,Books,619.18,2,True
O5010,C12422,2025-09-08,Sports,2143.16,3,False
O5011,C12423,2025-02-17,Beauty,2569.11,3,False
O5012,C12424,2025-05-03,Sports,3560.04,3,True
O5013,C12424,2025-05-06,Fashion,6838.57,3,False
O5014,C12425,2025-05-12,Home & Kitchen,4534.98,2,False
O5015,C12426,2025-02-27,Sports,3187.77,2,False
O5016,C12427,2024-06-24,Electronics,16907.0,1,False
O5017,C12428,2025-07-20,Electronics,19205.16,2,False
O5018,C12428,2025-07-26,Sports,4132.48,3,False
O5019,C12429,2025-01-22,Fashion,1042.71,2,False
O5020,C12429,2025-05-18,Fashion,1956.53,1,False
O5021,C12430,2025-01-16,Electronics,19483.29,1,False
O5022,C12431,2024-08-10,Books,537.57,2,False
O5023,C12432,2024-01-08,Fashion,1276.82,3,False
O5024,C12432,2024-01-10,Fashion,1041.83,2,False
O5025,C12432,2024-01-11,Fashion,1391.68,2,False
O5026,C12433,2025-01-22,Sports,4736.38,1,False
O5027,C12433,2025-02-21,Electronics,12584.17,2,False
O5028,C12434,2024-09-03,Electronics,9305.24,1,False
O5029,C12435,2025-04-10,Books,185.62,1,False
O5030,C12436,2024-09-12,Fashion,4433.46,2,False
O5031,C12436,2024-10-26,Beauty,1595.82,2,False
O5032,C12436,2024-11-18,Home & Kitchen,2793.99,2,False
O5033,C12437,2025-11-16,Beauty,918.62,3,False
O5034,C12437,2025-11-23,Fashion,1931.26,2,False
O5035,C12438,2025-04-24,Books,353.49,2,False
O5036,C12438,2025-04-25,Fashion,1983.58,1,False
O5037,C12439,2024-11-21,Fashion,951.95,1,False
O5038,C12439,2024-11-21,Home & Kitchen,4321.9,2,False
O5039,C12440,2025-05-10,Home & Kitchen,2668.33,1,False
O5040,C12441,2025-03-31,Beauty,509.02,3,False
O5041,C12441,2025-04-29,Sports,1756.26,2,False
O5042,C12442,2025-03-15,Electronics,4381.23,2,False
O5043,C12442,2025-05-12,Fashion,1219.48,3,False
O5044,C12443,2025-02-08,Sports,5364.71,1,False
O5045,C12444,2025-10-17,Home & Kitchen,1118.1,2,False
O5046,C12444,2025-10-29,Fashion,2723.43,3,False
O5047,C12444,2025-12-01,Books,1081.38,1,False
O5048,C12445,2024-08-11,Electronics,10279.38,1,False
O5049,C12446,2024-11-08,Electronics,8735.81,2,False
O5050,C12447,2024-06-27,Sports,2311.19,2,False
O5051,C12447,2024-08-04,Books,329.85,3,False
O5052,C12447,2024-09-03,Electronics,13035.53,3,True
O5053,C12447,2024-09-06,Beauty,674.21,2,False
O5054,C12448,2025-02-13,Fashion,1023.5,2,False
O5055,C12449,2025-12-03,Sports,3957.07,1,False
O5056,C12450,2025-03-02,Beauty,1016.38,2,False
O5057,C12450,2025-05-16,Home & Kitchen,7159.56,2,True
O5058,C12451,2024-05-24,Sports,2766.78,1,False
O5059,C12452,2025-10-15,Beauty,2511.01,1,False
O5060,C12452,2025-11-04,Home & Kitchen,1671.97,1,False
O5061,C12452,2025-11-13,Electronics,28946.91,2,False
O5062,C12453,2025-07-17,Fashion,2467.43,1,False
O5063,C12453,2025-08-11,Books,301.5,3,False
O5064,C12453,2025-11-14,Books,465.95,3,False
O5065,C12453,2025-12-27,Home & Kitchen,3758.74,2,False
O5066,C12454,2024-11-06,Fashion,3677.29,3,False
O5067,C12455,2024-04-14,Home & Kitchen,2595.57,3,False
O5068,C12456,2024-10-09,Fashion,3021.25,1,False
O5069,C12457,2025-07-18,Fashion,1732.27,2,False
O5070,C12457,2025-11-22,Fashion,2781.13,1,False
O5071,C12457,2025-12-23,Fashion,3304.56,2,False
O5072,C12457,2025-12-25,Sports,1502.68,3,False
O5073,C12458,2025-02-11,Sports,2166.9,3,False
O5074,C12459,2024-05-12,Fashion,1151.11,1,False
O5075,C12459,2024-07-17,Beauty,3290.86,3,False
O5076,C12460,2024-04-21,Home & Kitchen,2465.83,1,False
O5077,C12461,2025-11-14,Home & Kitchen,4464.44,1,False
O5078,C12461,2025-12-11,Home & Kitchen,2379.51,1,False
O5079,C12462,2024-11-11,Home & Kitchen,5609.34,3,False
O5080,C12462,2024-12-20,Beauty,1123.45,3,False
O5081,C12462,2024-12-25,Books,656.29,2,False
O5082,C12463,2025-04-25,Home & Kitchen,1811.65,2,False
O5083,C12463,2025-06-15,Beauty,738.75,1,False
O5084,C12463,2025-09-25,Sports,3403.03,1,False
O5085,C12464,2024-09-11,Electronics,19374.49,3,False
O5086,C12464,2025-01-25,Electronics,12488.24,2,False
O5087,C12465,2024-03-12,Home & Kitchen,1587.13,1,True
O5088,C12466,2024-10-16,Fashion,4290.76,3,False
O5089,C12467,2025-04-30,Electronics,18713.49,1,False
O5090,C12468,2024-08-25,Home & Kitchen,2337.65,3,True
O5091,C12468,2024-09-02,Electronics,13395.59,1,False
O5092,C12468,2024-09-14,Beauty,604.3,2,False
O5093,C12469,2025-02-27,Fashion,3987.29,1,False
O5094,C12469,2025-04-22,Beauty,1984.23,3,False
O5095,C12469,2025-08-09,Books,521.6,2,False
O5096,C12469,2025-09-07,Home & Kitchen,3457.16,2,False
O5097,C12470,2024-11-02,Electronics,8698.32,1,False
O5098,C12470,2024-11-26,Electronics,9227.03,1,False
O5099,C12471,2024-08-29,Sports,1923.2,1,False
O5100,C12471,2024-10-23,Fashion,900.5,2,False
O5101,C12472,2024-06-28,Home & Kitchen,1316.92,3,False
O5102,C12472,2024-07-31,Home & Kitchen,5574.05,3,False
O5103,C12473,2024-07-02,Sports,6193.48,2,False
O5104,C12473,2024-09-30,Electronics,5768.04,3,False
O5105,C12473,2025-04-04,Sports,1223.67,3,False
O5106,C12473,2025-05-28,Home & Kitchen,5551.44,3,False
O5107,C12474,2024-07-09,Sports,1364.64,2,False
O5108,C12474,2024-09-05,Home & Kitchen,4346.05,2,False
O5109,C12475,2025-05-20,Sports,2033.76,1,False
O5110,C12476,2024-08-26,Sports,2021.44,3,False
O5111,C12477,2025-06-04,Sports,4461.46,2,False
O5112,C12478,2024-08-05,Beauty,864.67,2,False
O5113,C12478,2024-12-02,Electronics,11937.93,3,False
O5114,C12479,2024-08-28,Fashion,2984.0,2,True
O5115,C12479,2024-10-04,Sports,2569.0,1,False
O5116,C12479,2024-12-20,Home & Kitchen,2594.0,2,False
O5117,C12480,2025-10-18,Fashion,5477.8,2,False
O5118,C12480,2025-11-03,Beauty,820.54,1,False
O5119,C12481,2025-09-06,Books,363.26,1,False
O5120,C12482,2024-10-07,Home & Kitchen,3978.79,1,False
O5121,C12482,2024-11-09,Home & Kitchen,5194.04,1,True
O5122,C12482,2025-01-18,Electronics,14827.95,2,False
O5123,C12483,2024-07-09,Home & Kitchen,2024.84,1,False
O5124,C12483,2024-09-08,Fashion,1258.12,1,False
O5125,C12484,2025-05-15,Home & Kitchen,1819.75,2,False
O5126,C12484,2025-06-16,Fashion,3861.0,1,False
O5127,C12484,2025-09-15,Fashion,1793.32,2,False
O5128,C12485,2024-02-21,Beauty,1663.23,3,False
O5129,C12485,2024-04-13,Books,446.11,3,False
O5130,C12486,2024-11-18,Sports,6957.87,3,False
O5131,C12486,2024-12-01,Electronics,12923.55,2,False
O5132,C12486,2025-02-21,Sports,4381.6,3,False
O5133,C12486,2025-03-23,Electronics,18382.02,2,False
O5134,C12487,2025-02-23,Electronics,16818.82,2,False
O5135,C12488,2025-04-18,Beauty,973.3,2,False
O5136,C12489,2024-03-17,Sports,1355.52,3,False
O5137,C12490,2024-01-06,Beauty,821.87,1,False
O5138,C12490,2024-02-09,Beauty,844.18,3,False
O5139,C12491,2024-07-18,Books,762.56,2,False
O5140,C12492,2024-03-24,Beauty,780.6,2,False
O5141,C12493,2024-12-21,Fashion,1582.47,3,True
O5142,C12494,2025-10-06,Beauty,1680.49,1,False
O5143,C12494,2025-11-26,Beauty,2042.88,1,False
O5144,C12494,2025-12-24,Books,907.31,1,False
O5145,C12495,2024-07-20,Electronics,13636.81,2,False
O5146,C12496,2024-11-14,Sports,1198.14,1,False
O5147,C12496,2025-01-08,Beauty,882.31,1,False
O5148,C12496,2025-03-01,Beauty,1585.04,3,False
O5149,C12496,2025-03-27,Fashion,1106.74,3,False
O5150,C12496,2025-04-05,Fashion,1052.23,1,False
O5151,C12496,2025-04-05,Fashion,1005.11,1,False
O5152,C12497,2024-05-31,Fashion,3019.51,2,False
O5153,C12498,2024-02-01,Home & Kitchen,3416.62,1,False
O5154,C12499,2025-05-08,Books,524.9,1,False
O5155,C12500,2024-06-28,Home & Kitchen,3732.76,1,False
O5156,C12500,2024-07-31,Sports,8513.68,2,False
O5157,C12501,2025-01-17,Books,373.73,3,False
O5158,C12501,2025-05-24,Fashion,4729.68,1,False
O5159,C12501,2025-08-09,Fashion,1030.2,2,False
O5160,C12501,2025-11-06,Sports,1143.19,1,False
O5161,C12501,2025-11-12,Electronics,9574.19,2,False
O5162,C12501,2025-12-16,Beauty,3554.28,1,False
O5163,C12502,2025-04-23,Electronics,12258.63,3,False
O5164,C12502,2025-05-30,Electronics,4892.83,1,False
O5165,C12503,2025-08-19,Home & Kitchen,643.61,2,False
O5166,C12504,2024-05-11,Beauty,244.49,3,False
O5167,C12505,2025-02-12,Beauty,443.17,3,False
O5168,C12506,2025-09-29,Fashion,2414.44,1,False
O5169,C12506,2025-10-27,Home & Kitchen,1297.23,3,False
O5170,C12506,2025-12-05,Electronics,15076.28,1,False
O5171,C12507,2024-12-05,Electronics,11833.44,1,False
O5172,C12507,2024-12-29,Books,609.89,3,True
O5173,C12507,2025-01-05,Electronics,9617.73,3,False
O5174,C12507,2025-01-15,Electronics,5891.3,3,False
O5175,C12508,2024-02-04,Electronics,22468.4,1,False
O5176,C12509,2024-07-03,Sports,1634.82,2,False
O5177,C12509,2025-01-03,Sports,2597.57,1,False
O5178,C12509,2025-04-10,Home & Kitchen,1898.12,3,False
O5179,C12509,2025-05-31,Fashion,579.42,1,False
O5180,C12510,2025-07-14,Sports,4182.18,1,False
O5181,C12510,2025-07-21,Sports,2020.84,3,False
O5182,C12511,2025-07-08,Fashion,2006.48,2,False
O5183,C12511,2025-08-13,Sports,1373.45,3,False
O5184,C12512,2024-08-10,Sports,2533.63,2,False
O5185,C12513,2024-05-20,Fashion,2136.11,2,False
O5186,C12514,2024-07-24,Home & Kitchen,1471.28,3,False
O5187,C12515,2024-06-20,Home & Kitchen,1635.84,1,False
O5188,C12515,2024-08-20,Home & Kitchen,2358.87,3,False
O5189,C12516,2025-06-02,Beauty,658.97,3,False
O5190,C12516,2025-06-08,Sports,2138.91,3,False
O5191,C12517,2025-08-13,Electronics,15294.26,1,False
O5192,C12518,2024-02-05,Fashion,1459.25,3,False
O5193,C12518,2024-03-22,Beauty,1328.64,1,False
O5194,C12519,2025-06-02,Beauty,1294.28,3,False
O5195,C12519,2025-06-20,Home & Kitchen,2286.77,3,False
O5196,C12520,2025-06-15,Fashion,2147.59,3,False
O5197,C12521,2025-03-11,Fashion,1470.19,1,False
O5198,C12521,2025-04-17,Home & Kitchen,2885.24,3,False
O5199,C12522,2025-09-03,Electronics,16900.35,1,False
O5200,C12522,2025-10-31,Electronics,20555.46,3,False
O5201,C12523,2024-01-30,Beauty,265.09,3,False
O5202,C12524,2025-05-05,Beauty,1362.63,1,False
O5203,C12525,2024-03-31,Sports,3678.73,1,False
O5204,C12526,2025-09-21,Beauty,362.29,3,False
O5205,C12527,2024-12-25,Electronics,9342.21,2,False
O5206,C12527,2025-02-01,Fashion,1729.55,1,False
O5207,C12528,2024-03-14,Fashion,4165.94,2,False
O5208,C12529,2025-06-06,Home & Kitchen,1817.27,3,False
O5209,C12530,2025-06-08,Fashion,2152.96,1,False
O5210,C12530,2025-12-02,Beauty,493.44,3,False
O5211,C12531,2024-11-20,Books,879.93,1,False
O5212,C12532,2024-08-06,Home & Kitchen,3136.47,3,False
O5213,C12532,2024-09-25,Home & Kitchen,2451.73,3,False
O5214,C12533,2024-01-15,Sports,3922.66,1,False
O5215,C12533,2024-02-11,Electronics,9347.7,1,False
O5216,C12533,2024-03-04,Beauty,580.83,1,False
O5217,C12534,2025-09-30,Sports,1518.5,1,False
O5218,C12534,2025-10-16,Home & Kitchen,4171.35,3,False
O5219,C12535,2024-05-08,Home & Kitchen,1695.01,3,False
O5220,C12536,2025-08-12,Fashion,2951.71,3,False
O5221,C12536,2025-09-18,Sports,2984.87,1,False
O5222,C12537,2025-02-20,Home & Kitchen,4628.42,2,False
O5223,C12537,2025-02-21,Electronics,9777.21,1,False
O5224,C12537,2025-03-06,Electronics,6676.81,2,False
O5225,C12538,2025-04-26,Fashion,2733.28,2,False
O5226,C12538,2025-05-02,Electronics,12518.19,2,False
O5227,C12539,2025-05-01,Sports,2180.08,3,False
O5228,C12539,2025-05-29,Home & Kitchen,1421.32,1,False
O5229,C12540,2025-08-31,Sports,3372.47,1,True
O5230,C12540,2025-12-23,Fashion,3011.38,1,False
O5231,C12541,2024-02-02,Home & Kitchen,3659.36,3,False
O5232,C12541,2024-03-03,Home & Kitchen,5780.69,3,False
O5233,C12541,2024-03-29,Electronics,15222.6,3,False
O5234,C12542,2025-11-25,Electronics,11105.0,3,False
O5235,C12543,2024-02-01,Home & Kitchen,1964.0,3,False
O5236,C12544,2025-12-12,Sports,6246.31,2,False
O5237,C12545,2024-07-01,Home & Kitchen,1766.04,1,True
O5238,C12546,2025-08-15,Beauty,483.24,2,False
O5239,C12547,2024-02-28,Sports,1681.68,2,False
O5240,C12548,2024-11-19,Beauty,1009.97,3,True
O5241,C12548,2024-12-07,Fashion,1023.77,3,False
O5242,C12548,2025-02-06,Home & Kitchen,3009.62,3,False
O5243,C12548,2025-02-18,Electronics,10720.51,2,False
O5244,C12548,2025-04-11,Books,139.08,1,False
O5245,C12548,2025-04-24,Fashion,1754.52,3,False
O5246,C12548,2025-06-22,Fashion,3148.72,3,False
O5247,C12549,2025-01-20,Home & Kitchen,1181.57,1,False
O5248,C12549,2025-02-05,Beauty,625.72,3,False
O5249,C12550,2025-10-30,Beauty,1247.75,3,False
O5250,C12550,2025-12-05,Fashion,1367.08,2,False
O5251,C12551,2024-03-27,Fashion,1392.99,3,True
O5252,C12551,2024-04-25,Electronics,6975.93,2,False
O5253,C12551,2024-05-15,Sports,11505.35,2,False
O5254,C12551,2024-05-27,Electronics,11413.2,1,False
O5255,C12552,2024-01-26,Fashion,3991.31,2,False
O5256,C12552,2024-02-12,Books,1218.9,3,False
O5257,C12553,2025-03-29,Electronics,9338.08,2,False
O5258,C12554,2024-02-05,Beauty,692.4,2,False
O5259,C12555,2025-06-28,Sports,1684.53,1,False
O5260,C12555,2025-07-08,Home & Kitchen,1651.61,3,True
O5261,C12555,2025-09-09,Books,542.7,2,False
O5262,C12556,2024-02-06,Books,780.47,1,False
O5263,C12556,2024-03-20,Beauty,477.27,1,False
O5264,C12556,2024-07-23,Home & Kitchen,2708.31,2,False
O5265,C12557,2025-11-14,Sports,6832.01,1,False
O5266,C12557,2025-11-23,Beauty,1466.97,2,False
O5267,C12558,2025-01-07,Books,245.23,3,False
O5268,C12559,2025-11-09,Sports,5298.91,1,False
O5269,C12559,2025-11-23,Beauty,863.45,1,False
O5270,C12559,2025-12-26,Beauty,915.13,3,False
O5271,C12560,2024-03-29,Sports,2917.71,3,False
O5272,C12560,2024-04-13,Sports,1567.75,2,False
O5273,C12561,2024-07-11,Sports,5300.98,3,False
O5274,C12561,2024-10-08,Fashion,2290.86,1,False
O5275,C12562,2024-11-16,Beauty,1092.75,3,False
O5276,C12562,2024-11-30,Fashion,3025.45,2,False
O5277,C12563,2024-01-21,Electronics,8913.27,2,False
O5278,C12564,2024-03-17,Books,469.02,2,False
O5279,C12564,2024-04-05,Books,522.13,1,False
O5280,C12564,2024-05-19,Home & Kitchen,897.51,3,False
O5281,C12565,2024-08-19,Books,807.94,2,False
O5282,C12566,2025-06-02,Fashion,1403.16,3,False
O5283,C12567,2025-05-12,Electronics,10711.14,1,False
O5284,C12567,2025-06-11,Fashion,5340.17,2,False
O5285,C12568,2024-03-02,Home & Kitchen,766.8,3,False
O5286,C12568,2024-09-20,Home & Kitchen,5142.35,3,False
O5287,C12569,2024-02-18,Fashion,1093.56,3,False
O5288,C12570,2025-04-05,Home & Kitchen,2213.07,2,False
O5289,C12570,2025-04-20,Fashion,1034.05,2,False
O5290,C12570,2025-04-30,Books,606.1,3,False
O5291,C12571,2024-09-08,Sports,2389.0,3,False
O5292,C12572,2025-07-11,Beauty,608.81,1,False
O5293,C12572,2025-09-24,Electronics,15769.06,3,False
O5294,C12573,2024-07-27,Electronics,13945.31,3,False
O5295,C12573,2024-08-04,Electronics,31615.59,1,False
O5296,C12574,2024-09-12,Electronics,7745.53,1,False
O5297,C12574,2024-12-12,Home & Kitchen,3529.11,1,False
O5298,C12575,2024-06-02,Books,538.98,3,False
O5299,C12576,2024-07-05,Home & Kitchen,1078.01,1,False
O5300,C12577,2025-05-09,Sports,2907.84,3,False
O5301,C12577,2025-05-30,Sports,6790.99,2,False
O5302,C12578,2024-11-26,Fashion,3256.51,1,False
O5303,C12578,2024-11-30,Sports,4164.88,1,False
O5304,C12578,2025-01-13,Home & Kitchen,1234.02,3,False
O5305,C12579,2025-04-09,Electronics,8133.33,2,False
O5306,C12579,2025-04-30,Sports,1992.87,2,False
O5307,C12579,2025-05-23,Electronics,20156.44,1,False
O5308,C12579,2025-06-08,Home & Kitchen,2189.48,1,False
O5309,C12580,2024-02-29,Electronics,7808.78,3,False
O5310,C12581,2025-01-10,Beauty,708.7,2,False
O5311,C12582,2024-11-20,Sports,5297.1,1,False
O5312,C12583,2025-09-29,Electronics,13244.24,3,False
O5313,C12584,2024-10-27,Sports,3473.56,3,False
O5314,C12585,2024-03-19,Fashion,1276.94,1,False
O5315,C12585,2024-04-22,Electronics,14245.73,2,False
O5316,C12586,2025-05-03,Home & Kitchen,7461.69,1,True
O5317,C12587,2024-04-18,Electronics,10783.87,1,False
O5318,C12588,2025-10-02,Sports,2612.88,2,False
O5319,C12588,2025-10-23,Sports,2660.92,1,False
O5320,C12589,2024-09-29,Electronics,22408.46,3,False
O5321,C12589,2024-10-08,Fashion,1971.62,3,False
O5322,C12589,2025-05-30,Electronics,7277.45,1,False
O5323,C12589,2025-06-04,Sports,7135.8,1,False
O5324,C12590,2025-07-08,Home & Kitchen,2874.22,3,False
O5325,C12590,2025-08-04,Home & Kitchen,3601.61,2,False
O5326,C12591,2025-04-13,Fashion,1766.77,2,False
O5327,C12591,2025-05-06,Books,234.86,1,False
O5328,C12591,2025-05-10,Fashion,2405.23,3,False
O5329,C12592,2024-11-22,Home & Kitchen,2643.08,1,False
O5330,C12593,2025-02-20,Books,803.85,1,False
O5331,C12594,2024-05-08,Beauty,769.98,2,False
O5332,C12594,2024-05-24,Fashion,5696.09,1,False
O5333,C12594,2024-06-26,Home & Kitchen,1887.05,3,False
O5334,C12595,2024-02-22,Fashion,1232.8,1,False
O5335,C12596,2025-06-21,Home & Kitchen,3459.31,2,False
O5336,C12597,2025-11-06,Fashion,4667.52,2,False
O5337,C12597,2025-12-14,Home & Kitchen,5318.93,2,False
O5338,C12598,2025-08-27,Beauty,750.39,3,False
O5339,C12598,2025-09-26,Beauty,1170.27,1,False
O5340,C12598,2025-10-01,Beauty,1132.92,1,False
O5341,C12598,2025-10-22,Fashion,1199.98,3,False
O5342,C12599,2024-08-01,Books,1394.83,1,False
O5343,C12599,2024-08-29,Electronics,8574.02,1,False
O5344,C12599,2024-09-25,Books,137.53,2,False
O5345,C12600,2024-09-10,Fashion,4610.22,1,False
O5346,C12600,2024-09-23,Fashion,2287.47,2,False
O5347,C12600,2024-09-29,Fashion,1826.95,2,False
O5348,C12600,2024-11-27,Sports,1318.18,1,False
O5349,C12600,2024-12-01,Books,647.36,2,False
O5350,C12601,2024-09-08,Fashion,4083.69,2,True
O5351,C12601,2024-11-23,Fashion,3286.67,3,False
O5352,C12602,2025-05-10,Sports,2376.74,1,False
O5353,C12602,2025-06-10,Electronics,5889.48,2,False
O5354,C12602,2025-09-01,Electronics,7579.24,1,False
O5355,C12602,2025-09-16,Sports,1071.89,1,False
O5356,C12603,2025-03-21,Fashion,1934.14,2,False
O5357,C12603,2025-03-26,Fashion,2618.59,1,False
O5358,C12603,2025-04-20,Sports,3276.25,2,False
O5359,C12603,2025-04-23,Fashion,6986.83,1,False
O5360,C12604,2025-07-13,Beauty,1541.24,2,False
O5361,C12604,2025-08-07,Fashion,1938.8,2,True
O5362,C12605,2025-10-31,Books,1071.71,1,False
O5363,C12606,2024-10-05,Home & Kitchen,2779.41,2,False
O5364,C12607,2025-04-10,Fashion,1801.09,1,False
O5365,C12607,2025-04-11,Fashion,2929.15,2,False
O5366,C12608,2024-12-17,Sports,4296.44,2,False
O5367,C12609,2025-11-05,Electronics,29182.82,1,False
O5368,C12610,2024-09-04,Electronics,7201.6,2,False
O5369,C12610,2024-11-12,Sports,4663.81,1,False
O5370,C12611,2024-05-17,Electronics,8909.65,3,False
O5371,C12611,2024-07-29,Home & Kitchen,2496.39,2,False
O5372,C12612,2024-09-22,Home & Kitchen,3004.96,1,False
O5373,C12613,2025-03-10,Electronics,3489.57,1,False
O5374,C12613,2025-04-05,Home & Kitchen,4045.66,3,False
O5375,C12614,2025-11-07,Sports,5027.24,2,False
O5376,C12615,2025-08-05,Electronics,16749.22,3,True
O5377,C12615,2025-08-08,Electronics,8913.89,3,False
O5378,C12615,2025-10-13,Sports,2173.47,1,False
O5379,C12616,2024-01-21,Sports,1752.08,2,False
O5380,C12616,2024-02-07,Sports,813.74,3,False
O5381,C12617,2024-12-23,Sports,3158.24,3,False
O5382,C12618,2024-04-26,Electronics,11879.93,1,False
O5383,C12618,2024-04-28,Beauty,662.08,2,True
O5384,C12618,2024-05-20,Electronics,24476.86,3,False
O5385,C12618,2024-09-20,Electronics,11477.63,3,False
O5386,C12618,2025-01-07,Home & Kitchen,1927.96,3,True
O5387,C12619,2024-09-11,Electronics,29207.15,1,False
O5388,C12620,2025-10-29,Books,1096.33,1,False
O5389,C12620,2025-11-06,Electronics,11804.19,3,False
O5390,C12621,2025-11-24,Sports,1152.93,3,False
O5391,C12622,2024-04-23,Electronics,8301.08,3,False
O5392,C12623,2024-04-11,Fashion,2801.85,2,False
O5393,C12623,2024-05-05,Home & Kitchen,5053.03,1,False
O5394,C12623,2024-05-05,Books,494.23,2,False
O5395,C12624,2025-05-03,Beauty,730.58,1,False
O5396,C12624,2025-06-04,Electronics,16910.07,2,True
O5397,C12624,2025-06-08,Books,578.83,3,False
O5398,C12624,2025-07-28,Books,417.63,2,False
O5399,C12624,2025-08-09,Fashion,2605.68,2,False
O5400,C12624,2025-09-17,Home & Kitchen,2400.29,3,False
O5401,C12625,2024-10-17,Sports,4136.09,1,False
O5402,C12625,2024-12-15,Books,2158.96,3,False
O5403,C12625,2025-03-21,Electronics,6121.64,3,False
O5404,C12625,2025-03-26,Books,904.93,1,False
O5405,C12625,2025-04-17,Sports,3628.62,3,False
O5406,C12625,2025-07-11,Beauty,454.26,2,False
O5407,C12626,2024-10-29,Fashion,6826.48,1,False
O5408,C12626,2025-01-16,Home & Kitchen,1437.42,1,False
O5409,C12627,2025-09-06,Electronics,18920.62,1,False
O5410,C12627,2025-09-15,Fashion,3175.61,2,False
O5411,C12628,2025-10-07,Home & Kitchen,4360.93,3,False
O5412,C12629,2025-09-23,Electronics,13587.92,1,False
O5413,C12630,2025-07-06,Sports,2106.54,2,False
O5414,C12631,2025-11-17,Home & Kitchen,3027.09,1,False
O5415,C12632,2025-05-25,Books,993.98,3,True
O5416,C12633,2025-09-17,Electronics,16325.45,1,False
O5417,C12633,2025-10-06,Home & Kitchen,6092.64,2,False
O5418,C12633,2025-11-13,Fashion,916.78,3,False
O5419,C12633,2025-11-13,Fashion,3859.14,3,True
O5420,C12634,2025-01-14,Fashion,3383.57,3,False
O5421,C12634,2025-02-14,Beauty,2246.09,2,False
O5422,C12635,2024-02-06,Beauty,445.34,2,True
O5423,C12636,2025-07-31,Electronics,19619.66,1,True
O5424,C12637,2025-10-15,Beauty,1783.14,1,False
O5425,C12638,2024-08-06,Beauty,1310.56,2,False
O5426,C12638,2024-08-08,Fashion,3201.92,3,False
O5427,C12639,2024-10-29,Beauty,1433.42,2,False
O5428,C12640,2025-02-04,Home & Kitchen,3246.75,2,False
O5429,C12640,2025-03-30,Beauty,1095.46,3,False
O5430,C12640,2025-04-21,Books,887.44,2,False
O5431,C12641,2025-04-05,Sports,1755.07,2,False
O5432,C12641,2025-06-14,Home & Kitchen,2372.18,3,False
O5433,C12641,2025-06-14,Sports,2426.03,1,True
O5434,C12642,2025-04-17,Electronics,11834.32,1,False
O5435,C12643,2024-10-02,Electronics,11039.57,2,False
O5436,C12644,2025-08-21,Fashion,8089.68,3,False
O5437,C12645,2025-07-26,Home & Kitchen,2187.14,1,False
O5438,C12646,2025-10-26,Home & Kitchen,2988.67,1,True
O5439,C12647,2025-02-08,Books,810.05,3,False
O5440,C12647,2025-02-12,Home & Kitchen,2516.89,1,False
O5441,C12647,2025-03-10,Books,431.11,1,False
O5442,C12648,2024-03-04,Books,429.39,2,False
O5443,C12649,2025-08-20,Electronics,5831.93,3,False
O5444,C12650,2024-02-25,Fashion,640.6,3,False
O5445,C12651,2024-05-15,Electronics,8525.72,3,False
O5446,C12651,2024-08-15,Beauty,2128.62,1,False
O5447,C12652,2024-07-23,Fashion,2859.61,3,False
O5448,C12652,2024-07-26,Electronics,11232.43,1,False
O5449,C12653,2024-05-09,Electronics,19401.78,2,False
O5450,C12653,2024-08-14,Electronics,7753.69,1,False
O5451,C12653,2024-09-05,Beauty,331.27,3,False
O5452,C12654,2025-05-21,Fashion,6545.57,1,False
O5453,C12654,2025-06-24,Beauty,1687.57,1,False
O5454,C12654,2025-06-27,Books,1161.74,2,False
O5455,C12654,2025-07-02,Electronics,8488.29,1,False
O5456,C12654,2025-07-02,Beauty,1252.31,1,False
O5457,C12655,2024-11-04,Home & Kitchen,4183.71,1,False
O5458,C12655,2024-12-12,Fashion,1604.74,2,False
O5459,C12656,2024-06-06,Beauty,1426.73,3,False
O5460,C12656,2024-10-22,Books,682.25,3,False
O5461,C12656,2024-10-30,Beauty,571.05,2,False
O5462,C12656,2024-11-15,Beauty,2256.34,3,False
O5463,C12656,2024-12-10,Electronics,6637.79,2,False
O5464,C12656,2024-12-20,Electronics,16059.81,2,True
O5465,C12656,2025-01-19,Books,738.45,3,False
O5466,C12656,2025-02-23,Fashion,2760.84,1,False
O5467,C12656,2025-02-24,Electronics,8022.27,2,False
O5468,C12656,2025-03-27,Home & Kitchen,2801.73,3,True
O5469,C12656,2025-03-28,Beauty,508.53,1,False
O5470,C12657,2024-01-08,Home & Kitchen,2140.03,3,True
O5471,C12657,2024-01-16,Fashion,1768.66,3,False
O5472,C12658,2024-06-02,Fashion,3203.48,3,False
O5473,C12659,2025-05-02,Home & Kitchen,1407.63,3,False
O5474,C12660,2025-07-10,Home & Kitchen,6172.87,2,False
O5475,C12660,2025-12-27,Beauty,1691.81,1,False
O5476,C12661,2024-07-31,Electronics,11698.49,1,False
O5477,C12661,2024-09-23,Books,1511.85,3,False
O5478,C12662,2024-02-22,Beauty,1244.09,2,False
O5479,C12662,2024-03-26,Sports,1853.58,2,False
O5480,C12663,2025-01-30,Books,593.97,3,False
O5481,C12663,2025-02-23,Beauty,801.28,3,False
O5482,C12664,2025-07-03,Home & Kitchen,3848.53,2,False
O5483,C12665,2024-02-19,Home & Kitchen,915.56,2,False
O5484,C12665,2024-02-24,Fashion,6590.85,3,False
O5485,C12665,2024-03-20,Home & Kitchen,2301.46,1,False
O5486,C12666,2025-07-12,Electronics,5934.76,2,False
O5487,C12667,2024-05-01,Beauty,687.5,1,False
O5488,C12667,2024-06-30,Sports,2811.66,1,False
O5489,C12667,2024-07-04,Home & Kitchen,2898.1,2,False
O5490,C12667,2024-07-09,Home & Kitchen,3236.57,1,False
O5491,C12667,2024-07-18,Sports,1084.86,1,False
O5492,C12667,2024-08-15,Electronics,6477.82,3,False
O5493,C12668,2024-07-03,Fashion,3752.7,2,False
O5494,C12668,2024-08-26,Books,666.13,3,False
O5495,C12668,2024-09-02,Electronics,10481.42,1,False
O5496,C12668,2024-10-31,Home & Kitchen,2098.23,2,False
O5497,C12668,2025-01-17,Books,313.97,1,False
O5498,C12668,2025-04-18,Home & Kitchen,4912.74,1,False
O5499,C12669,2025-03-16,Books,763.83,1,False
O5500,C12669,2025-05-15,Electronics,9231.67,1,False
O5501,C12669,2025-05-30,Home & Kitchen,2057.34,1,False
O5502,C12669,2025-06-01,Electronics,16440.53,1,False
O5503,C12670,2024-02-08,Sports,2034.08,3,False
O5504,C12670,2024-03-02,Sports,3337.57,1,False
O5505,C12671,2024-08-03,Sports,2825.89,3,False
O5506,C12671,2024-09-13,Fashion,1308.05,1,False
O5507,C12672,2024-04-11,Beauty,565.25,2,False
O5508,C12673,2024-06-08,Fashion,1856.08,3,False
O5509,C12674,2025-06-27,Electronics,7343.59,3,False
O5510,C12675,2024-06-09,Books,202.84,3,False
O5511,C12675,2024-07-12,Books,866.53,1,False
O5512,C12675,2024-10-12,Books,429.41,3,False
O5513,C12675,2024-10-20,Sports,1899.23,3,False
O5514,C12676,2024-01-31,Home & Kitchen,6872.04,1,False
O5515,C12676,2024-05-22,Electronics,15893.6,3,False
O5516,C12676,2024-06-18,Sports,3057.05,3,False
O5517,C12676,2024-09-06,Fashion,1754.23,3,False
O5518,C12676,2024-11-18,Beauty,522.76,2,False
O5519,C12677,2024-06-05,Electronics,8069.51,3,False
O5520,C12677,2024-06-18,Home & Kitchen,2135.65,1,False
O5521,C12677,2024-09-07,Electronics,10793.6,3,False
O5522,C12677,2024-09-18,Sports,888.22,3,False
O5523,C12677,2024-10-31,Books,437.91,1,False
O5524,C12677,2024-11-13,Home & Kitchen,2508.09,2,False
O5525,C12678,2024-03-02,Beauty,1073.47,2,False
O5526,C12678,2024-04-23,Sports,3170.06,1,False
O5527,C12678,2024-06-11,Beauty,1066.25,2,False
O5528,C12679,2025-03-12,Sports,1438.81,3,False
O5529,C12680,2025-11-17,Sports,3941.38,3,False
O5530,C12680,2025-12-01,Electronics,6341.76,2,False
O5531,C12681,2024-04-28,Fashion,4324.26,1,False
O5532,C12682,2025-05-31,Sports,3013.33,1,False
O5533,C12683,2024-09-12,Electronics,5907.4,2,False
O5534,C12683,2024-11-14,Beauty,307.83,2,False
O5535,C12683,2025-02-18,Fashion,2112.34,2,False
O5536,C12684,2024-02-20,Electronics,8059.16,2,False
O5537,C12684,2024-02-29,Books,1113.53,2,False
O5538,C12684,2024-04-15,Home & Kitchen,5661.3,3,False
O5539,C12684,2024-05-09,Books,743.55,3,False
O5540,C12684,2024-06-15,Beauty,845.34,2,False
O5541,C12684,2024-08-28,Books,1005.9,1,False
O5542,C12685,2025-04-30,Home & Kitchen,7317.48,2,False
O5543,C12686,2024-05-27,Sports,3984.71,2,True
O5544,C12686,2024-09-12,Books,385.56,3,False
O5545,C12686,2024-10-27,Sports,2249.68,1,False
O5546,C12687,2024-12-27,Home & Kitchen,3297.9,2,False
O5547,C12687,2025-01-21,Books,1342.57,2,False
O5548,C12687,2025-02-11,Home & Kitchen,2937.05,2,False
O5549,C12687,2025-03-16,Sports,1838.46,2,False
O5550,C12688,2024-12-23,Books,377.79,2,False
O5551,C12689,2025-03-07,Home & Kitchen,2858.04,1,False
O5552,C12689,2025-04-08,Electronics,9497.65,1,False
O5553,C12689,2025-04-27,Books,993.43,3,True
O5554,C12689,2025-05-06,Home & Kitchen,2909.93,2,False
O5555,C12689,2025-09-10,Home & Kitchen,1243.94,1,False
O5556,C12689,2025-09-10,Fashion,4682.8,1,False
O5557,C12690,2024-04-05,Home & Kitchen,2973.75,3,False
O5558,C12691,2024-06-24,Beauty,1129.38,1,False
O5559,C12691,2024-06-27,Home & Kitchen,4695.44,1,False
O5560,C12692,2025-06-06,Electronics,9037.95,2,False
O5561,C12693,2025-10-14,Sports,1079.15,3,False
O5562,C12694,2024-01-12,Fashion,6292.32,3,False
O5563,C12694,2024-02-07,Electronics,14063.99,2,False
O5564,C12694,2024-02-12,Electronics,16011.94,3,False
O5565,C12694,2024-02-17,Fashion,862.45,3,False
O5566,C12694,2024-03-11,Beauty,669.1,2,False
O5567,C12695,2024-10-26,Books,411.86,3,False
O5568,C12695,2024-12-17,Beauty,831.54,1,False
O5569,C12695,2025-01-11,Home & Kitchen,1291.68,2,False
O5570,C12696,2025-09-08,Home & Kitchen,2997.7,1,False
O5571,C12697,2024-07-26,Fashion,1128.08,2,False
O5572,C12698,2024-11-10,Fashion,4150.13,3,False
O5573,C12698,2024-11-25,Sports,3072.51,3,False
O5574,C12698,2024-12-08,Beauty,1314.6,3,False
O5575,C12699,2025-09-25,Fashion,2376.89,2,False
O5576,C12700,2025-11-11,Electronics,10649.58,2,False
O5577,C12701,2025-04-05,Home & Kitchen,2580.34,2,False
O5578,C12702,2025-05-02,Beauty,1435.26,2,False
O5579,C12702,2025-05-25,Beauty,751.36,3,False
O5580,C12702,2025-05-26,Beauty,690.65,2,False
O5581,C12702,2025-06-10,Fashion,1752.03,1,False
O5582,C12702,2025-07-27,Electronics,5629.11,1,False
O5583,C12703,2025-03-05,Fashion,3143.95,1,False
O5584,C12704,2024-07-18,Fashion,2614.8,3,False
O5585,C12705,2025-09-13,Home & Kitchen,3157.65,2,False
O5586,C12705,2025-09-14,Sports,2148.8,3,False
O5587,C12706,2024-01-25,Home & Kitchen,1707.41,1,False
O5588,C12706,2024-02-05,Electronics,5197.46,3,False
O5589,C12706,2024-02-05,Electronics,17376.4,3,False
O5590,C12706,2024-04-09,Home & Kitchen,2480.29,2,False
O5591,C12706,2024-06-02,Home & Kitchen,2066.55,2,False
O5592,C12706,2024-06-03,Beauty,2961.33,2,False
O5593,C12707,2024-02-10,Fashion,1666.08,3,False
O5594,C12707,2024-03-02,Fashion,3944.46,3,False
O5595,C12707,2024-07-02,Beauty,619.61,2,False
O5596,C12707,2024-08-22,Fashion,1646.98,3,False
O5597,C12707,2024-09-12,Sports,2550.0,1,False
O5598,C12708,2025-02-25,Beauty,1494.43,3,False
O5599,C12708,2025-04-23,Electronics,5468.09,1,False
O5600,C12709,2025-08-12,Fashion,2510.37,2,False
O5601,C12710,2025-07-23,Fashion,1395.02,3,False
O5602,C12710,2025-11-15,Fashion,1509.27,3,False
O5603,C12711,2025-04-20,Fashion,1291.18,2,True
O5604,C12711,2025-04-26,Fashion,2819.82,2,True
O5605,C12711,2025-06-24,Sports,701.47,1,False
O5606,C12712,2024-09-21,Electronics,15594.37,3,False
O5607,C12712,2024-10-09,Home & Kitchen,2578.04,2,True
O5608,C12712,2024-12-01,Beauty,646.02,3,False
O5609,C12712,2025-01-01,Fashion,1833.9,3,False
O5610,C12713,2024-09-08,Books,905.31,1,True
O5611,C12713,2025-01-18,Home & Kitchen,1204.34,1,False
O5612,C12713,2025-01-20,Sports,5214.32,1,True
O5613,C12714,2024-10-26,Fashion,3783.51,1,False
O5614,C12715,2024-06-29,Beauty,1912.7,2,False
O5615,C12716,2024-10-22,Fashion,3009.9,1,False
O5616,C12717,2024-03-15,Sports,2377.44,3,False
O5617,C12718,2024-08-13,Home & Kitchen,3191.82,2,False
O5618,C12719,2025-10-21,Books,403.47,2,False
O5619,C12719,2025-10-25,Electronics,29361.51,2,False
O5620,C12720,2025-05-11,Books,332.07,2,False
O5621,C12721,2024-04-09,Electronics,7025.34,1,False
O5622,C12721,2024-04-13,Beauty,965.45,2,False
O5623,C12722,2024-07-25,Sports,3184.88,2,False
O5624,C12722,2024-08-29,Electronics,5473.58,3,False
O5625,C12723,2024-06-30,Books,381.54,2,False
O5626,C12724,2024-07-16,Sports,2201.52,3,False
O5627,C12725,2025-04-30,Home & Kitchen,1195.67,1,False
O5628,C12726,2025-09-24,Sports,2404.99,3,False
O5629,C12727,2025-05-12,Beauty,878.13,3,False
O5630,C12727,2025-05-14,Fashion,1225.65,1,False
O5631,C12728,2024-12-12,Fashion,3625.04,1,False
O5632,C12729,2024-04-23,Sports,4035.68,2,False
O5633,C12730,2024-04-10,Books,691.45,2,False
O5634,C12730,2024-05-22,Sports,2427.59,1,False
O5635,C12731,2025-07-23,Fashion,1502.2,1,False
O5636,C12731,2025-08-28,Home & Kitchen,5853.02,1,False
O5637,C12732,2025-04-19,Home & Kitchen,1931.25,2,False
O5638,C12733,2024-12-23,Home & Kitchen,9198.63,1,False
O5639,C12733,2025-01-14,Fashion,2273.49,3,False
O5640,C12733,2025-01-28,Beauty,845.24,3,False
O5641,C12733,2025-02-01,Beauty,1895.94,2,False
O5642,C12733,2025-02-15,Beauty,2171.3,1,False
O5643,C12734,2025-02-09,Home & Kitchen,2117.78,2,False
O5644,C12735,2025-08-22,Home & Kitchen,2374.9,3,False
O5645,C12736,2025-07-25,Beauty,1662.27,1,False
O5646,C12737,2024-03-04,Electronics,25727.11,1,False
O5647,C12737,2024-03-25,Fashion,2564.48,3,False
O5648,C12737,2024-06-18,Fashion,3946.59,3,False
O5649,C12737,2024-07-10,Home & Kitchen,5897.21,1,False
O5650,C12737,2024-07-11,Sports,6510.44,3,False
O5651,C12738,2024-10-03,Sports,969.7,3,False
O5652,C12739,2024-02-04,Home & Kitchen,4992.24,1,False
O5653,C12739,2024-02-13,Home & Kitchen,8407.01,3,False
O5654,C12739,2024-03-21,Electronics,12753.6,2,False
O5655,C12740,2024-09-26,Books,343.77,2,True
O5656,C12741,2025-03-22,Beauty,1272.13,1,False
O5657,C12741,2025-04-26,Sports,3876.35,2,False
O5658,C12742,2024-05-25,Fashion,3161.74,3,False
O5659,C12742,2024-09-19,Beauty,221.05,2,False
O5660,C12743,2024-04-23,Sports,3089.46,3,False
O5661,C12744,2024-12-11,Beauty,1784.12,1,False
O5662,C12744,2024-12-26,Home & Kitchen,4685.69,3,False
O5663,C12745,2025-01-05,Home & Kitchen,1457.56,1,False
O5664,C12746,2025-05-14,Electronics,24328.83,3,False
O5665,C12746,2025-07-01,Home & Kitchen,3264.33,2,False
O5666,C12747,2024-01-11,Fashion,1673.32,3,False
O5667,C12747,2024-02-05,Electronics,9107.11,3,False
O5668,C12747,2024-03-20,Sports,8794.93,3,False
O5669,C12748,2024-06-25,Sports,5266.76,2,False
O5670,C12749,2025-06-30,Fashion,2056.08,1,False
O5671,C12749,2025-07-25,Home & Kitchen,5249.06,1,False
O5672,C12750,2025-04-22,Electronics,8073.06,1,False
O5673,C12750,2025-06-27,Home & Kitchen,2816.43,2,False
O5674,C12751,2025-09-21,Electronics,10826.38,3,False
O5675,C12751,2025-10-10,Electronics,2731.8,1,False
O5676,C12752,2025-07-25,Sports,3520.74,2,False
O5677,C12752,2025-08-16,Fashion,2229.29,3,False
O5678,C12753,2025-08-11,Fashion,2941.13,3,False
O5679,C12754,2024-12-23,Books,463.68,2,False
O5680,C12754,2025-04-01,Fashion,2459.18,3,False
O5681,C12755,2025-11-05,Home & Kitchen,8274.2,3,False
O5682,C12755,2025-11-24,Sports,2189.37,3,False
O5683,C12756,2024-10-18,Sports,5544.27,2,False
O5684,C12757,2025-09-25,Electronics,8405.25,3,False
O5685,C12757,2025-12-03,Fashion,4356.06,3,False
O5686,C12758,2024-10-07,Sports,4701.35,3,True
O5687,C12759,2024-11-06,Books,458.43,2,False
O5688,C12759,2024-12-10,Home & Kitchen,2218.79,1,False
O5689,C12759,2024-12-20,Beauty,1054.34,1,False
O5690,C12759,2024-12-22,Sports,695.88,1,False
O5691,C12759,2025-08-16,Fashion,1886.59,3,False
O5692,C12759,2025-09-14,Fashion,954.41,3,False
O5693,C12760,2025-04-27,Fashion,1822.47,3,False
O5694,C12761,2024-10-05,Electronics,23886.62,1,False
O5695,C12762,2024-04-12,Beauty,902.01,1,True
O5696,C12762,2024-07-13,Beauty,592.32,2,False
O5697,C12762,2024-09-02,Sports,2059.28,1,False
O5698,C12763,2025-09-20,Sports,1568.76,2,False
O5699,C12763,2025-12-27,Electronics,18682.76,1,False
O5700,C12764,2024-11-14,Fashion,3030.0,2,True
O5701,C12764,2024-11-23,Books,1133.26,1,False
O5702,C12765,2025-10-10,Fashion,4903.6,3,False
O5703,C12765,2025-11-15,Sports,2336.8,2,False
O5704,C12766,2024-10-06,Sports,3065.39,3,False
O5705,C12766,2024-12-16,Fashion,2375.01,1,False
O5706,C12766,2025-01-26,Fashion,1778.25,2,False
O5707,C12767,2025-11-16,Home & Kitchen,3023.8,1,False
O5708,C12768,2025-02-26,Home & Kitchen,7676.75,2,False
O5709,C12768,2025-02-28,Home & Kitchen,6119.12,1,False
O5710,C12769,2025-06-24,Sports,3534.41,1,False
O5711,C12769,2025-08-04,Books,966.34,2,False
O5712,C12769,2025-08-07,Books,650.3,2,False
O5713,C12769,2025-08-25,Home & Kitchen,4451.27,3,True
O5714,C12770,2025-06-15,Fashion,1334.13,2,False
O5715,C12771,2024-05-22,Sports,2547.67,1,False
O5716,C12771,2024-05-25,Sports,946.06,2,False
O5717,C12771,2024-07-18,Electronics,5983.38,3,False
O5718,C12772,2025-07-26,Books,389.58,1,False
O5719,C12772,2025-09-25,Sports,5612.76,1,False
O5720,C12772,2025-11-01,Home & Kitchen,5061.76,3,False
O5721,C12773,2025-10-27,Fashion,979.09,2,True
O5722,C12773,2025-11-10,Beauty,1323.34,1,False
O5723,C12774,2025-04-08,Books,526.83,2,False
O5724,C12775,2025-10-27,Home & Kitchen,2075.89,2,False
O5725,C12775,2025-11-20,Beauty,1413.87,1,False
O5726,C12776,2025-08-18,Electronics,9098.55,1,False
O5727,C12776,2025-09-05,Books,567.43,1,False
O5728,C12776,2025-09-10,Home & Kitchen,1487.91,3,False
O5729,C12777,2025-04-13,Fashion,2459.46,1,False
O5730,C12778,2024-12-02,Sports,2586.01,1,False
O5731,C12779,2025-08-26,Beauty,1140.99,2,False
O5732,C12779,2025-10-18,Electronics,11730.19,2,False
O5733,C12780,2024-05-09,Fashion,1016.52,3,False
O5734,C12781,2025-02-05,Home & Kitchen,3060.18,1,False
O5735,C12782,2025-07-27,Home & Kitchen,2616.92,1,False
O5736,C12782,2025-08-09,Electronics,15239.02,1,False
O5737,C12782,2025-08-29,Beauty,755.81,3,False
O5738,C12782,2025-10-11,Beauty,856.75,3,False
O5739,C12782,2025-10-19,Sports,2391.69,2,False
O5740,C12782,2025-11-12,Sports,2983.64,2,True
O5741,C12783,2025-10-22,Electronics,10791.76,3,False
O5742,C12784,2024-07-07,Home & Kitchen,3096.85,3,False
O5743,C12784,2025-01-29,Sports,2862.25,2,True
O5744,C12784,2025-04-01,Sports,3065.1,3,False
O5745,C12785,2024-03-15,Electronics,8608.66,1,True
O5746,C12786,2024-08-21,Home & Kitchen,2148.84,1,False
O5747,C12787,2025-08-28,Fashion,1546.1,1,False
O5748,C12788,2025-01-01,Beauty,1564.38,2,False
O5749,C12789,2024-02-08,Sports,2345.67,3,False
O5750,C12789,2024-04-22,Fashion,2415.24,3,False
O5751,C12789,2024-07-21,Home & Kitchen,2038.81,3,False
O5752,C12789,2024-08-20,Beauty,465.9,1,False
O5753,C12790,2024-03-28,Books,726.3,3,False
O5754,C12791,2024-08-30,Books,395.58,1,False
O5755,C12791,2024-09-02,Home & Kitchen,1751.72,2,False
O5756,C12792,2024-09-01,Electronics,16133.06,1,False
O5757,C12793,2024-04-04,Home & Kitchen,1696.03,3,False
O5758,C12793,2024-06-21,Fashion,2388.65,2,False
O5759,C12794,2024-12-11,Books,390.64,2,False
O5760,C12794,2025-02-17,Home & Kitchen,10124.28,1,False
O5761,C12795,2024-12-05,Home & Kitchen,5267.79,3,False
O5762,C12795,2024-12-23,Home & Kitchen,1686.36,1,False
O5763,C12796,2024-05-20,Books,1046.15,3,False
O5764,C12796,2024-06-09,Beauty,896.02,2,False
O5765,C12797,2024-06-13,Home & Kitchen,2059.59,3,False
O5766,C12797,2024-08-01,Fashion,2213.83,1,False
O5767,C12798,2025-04-11,Home & Kitchen,1079.98,2,False
O5768,C12798,2025-04-23,Beauty,737.12,1,False
O5769,C12799,2025-10-28,Sports,2167.66,1,False
O5770,C12799,2025-12-18,Home & Kitchen,5028.02,3,False
O5771,C12800,2025-11-28,Books,268.02,3,False
O5772,C12801,2025-01-26,Home & Kitchen,1550.26,3,False
O5773,C12801,2025-03-28,Books,543.78,2,False
O5774,C12801,2025-04-02,Fashion,2158.73,2,False
O5775,C12802,2024-01-29,Home & Kitchen,5751.2,1,False
O5776,C12803,2025-09-20,Electronics,3271.46,1,False
O5777,C12803,2025-09-23,Books,1096.23,1,False
O5778,C12804,2025-10-28,Electronics,6344.75,3,False
O5779,C12805,2024-07-14,Home & Kitchen,6570.53,2,False
O5780,C12806,2024-10-08,Beauty,1801.76,1,False
O5781,C12806,2024-11-08,Sports,5077.32,1,False
O5782,C12806,2025-01-12,Home & Kitchen,8740.76,1,False
O5783,C12807,2024-01-26,Home & Kitchen,2254.58,3,False
O5784,C12807,2024-02-25,Home & Kitchen,1113.55,1,False
O5785,C12807,2024-03-28,Electronics,7896.37,3,False
O5786,C12807,2024-06-15,Fashion,2890.2,2,False
O5787,C12807,2024-06-15,Fashion,1291.03,1,False
O5788,C12808,2025-07-15,Beauty,592.04,1,False
O5789,C12808,2025-09-01,Fashion,3403.24,2,False
O5790,C12809,2025-06-27,Electronics,13181.24,1,False
O5791,C12810,2024-01-22,Electronics,10998.1,3,False
O5792,C12811,2025-05-06,Beauty,638.99,1,False
O5793,C12812,2024-10-15,Fashion,3832.26,3,False
O5794,C12812,2024-10-16,Beauty,991.48,3,False
O5795,C12812,2024-11-05,Beauty,1126.06,3,False
O5796,C12813,2025-01-17,Fashion,591.1,1,False
O5797,C12813,2025-06-05,Sports,4338.61,3,False
O5798,C12813,2025-06-21,Electronics,24456.95,2,False
O5799,C12813,2025-08-29,Home & Kitchen,3725.17,1,False
O5800,C12814,2024-06-01,Sports,1202.77,2,False
O5801,C12815,2025-07-24,Home & Kitchen,1611.34,1,False
O5802,C12815,2025-09-24,Home & Kitchen,2956.55,1,False
O5803,C12816,2024-10-14,Home & Kitchen,827.13,2,False
O5804,C12816,2024-11-24,Sports,4633.91,2,False
O5805,C12817,2025-08-13,Electronics,14164.41,1,False
O5806,C12817,2025-09-01,Electronics,14738.82,1,False
O5807,C12817,2025-10-13,Electronics,15117.35,3,False
O5808,C12817,2025-10-17,Home & Kitchen,9759.07,2,False
O5809,C12818,2024-04-17,Home & Kitchen,2661.86,3,False
O5810,C12818,2025-01-06,Electronics,13179.53,3,False
O5811,C12818,2025-01-19,Home & Kitchen,5386.12,1,False
O5812,C12818,2025-02-21,Fashion,1756.46,3,False
O5813,C12818,2025-03-08,Beauty,1435.75,3,False
O5814,C12819,2025-02-16,Books,400.01,1,False
O5815,C12819,2025-02-22,Electronics,15366.71,3,False
O5816,C12820,2024-08-07,Home & Kitchen,992.58,3,False
O5817,C12821,2025-11-07,Beauty,1871.63,3,False
O5818,C12822,2025-01-25,Fashion,2282.13,1,False
O5819,C12822,2025-07-23,Books,627.43,2,False
O5820,C12823,2025-05-20,Electronics,11337.14,1,False
O5821,C12823,2025-07-21,Sports,2332.82,2,False
O5822,C12824,2024-03-02,Books,333.58,2,False
O5823,C12824,2024-04-06,Home & Kitchen,2849.74,3,False
O5824,C12824,2024-06-10,Sports,2116.47,1,False
O5825,C12824,2024-06-13,Electronics,9518.73,1,False
O5826,C12825,2025-04-18,Beauty,519.8,3,False
O5827,C12826,2024-03-13,Beauty,406.46,1,False
O5828,C12827,2024-09-10,Home & Kitchen,2499.9,3,False
O5829,C12827,2024-10-31,Beauty,1789.22,2,False
O5830,C12828,2024-06-06,Home & Kitchen,1614.34,1,False
O5831,C12829,2024-01-02,Fashion,1230.08,3,False
O5832,C12830,2025-02-14,Fashion,1673.25,2,False
O5833,C12830,2025-05-10,Books,358.72,3,False
O5834,C12831,2024-06-23,Electronics,6304.91,2,False
O5835,C12831,2024-07-24,Books,451.94,1,False
O5836,C12832,2024-12-27,Home & Kitchen,2275.36,3,False
O5837,C12832,2025-02-27,Home & Kitchen,3388.88,3,True
O5838,C12832,2025-03-05,Fashion,3000.59,3,False
O5839,C12832,2025-04-11,Books,958.15,1,False
O5840,C12833,2025-06-20,Fashion,3747.15,1,False
O5841,C12833,2025-06-30,Home & Kitchen,2994.81,3,False
O5842,C12833,2025-08-01,Beauty,899.18,1,False
O5843,C12834,2024-05-07,Beauty,604.93,3,False
O5844,C12835,2025-05-13,Fashion,2241.22,2,False
O5845,C12835,2025-07-31,Beauty,465.66,3,False
O5846,C12836,2024-07-27,Beauty,1347.79,1,False
O5847,C12837,2024-08-22,Books,1101.87,3,False
O5848,C12837,2024-09-07,Sports,10719.5,1,False
O5849,C12837,2024-11-07,Beauty,1559.66,3,False
O5850,C12837,2024-11-28,Home & Kitchen,5534.13,1,False
O5851,C12838,2025-02-09,Home & Kitchen,879.25,1,False
O5852,C12839,2025-03-13,Home & Kitchen,3109.65,1,False
O5853,C12840,2025-04-03,Fashion,5986.65,2,False
O5854,C12840,2025-06-08,Home & Kitchen,1538.62,2,False
O5855,C12841,2024-05-16,Books,1181.07,2,False
O5856,C12841,2024-05-28,Home & Kitchen,5781.22,3,True
O5857,C12842,2025-02-21,Home & Kitchen,1286.33,3,False
O5858,C12843,2024-07-03,Sports,1784.04,3,False
O5859,C12843,2024-08-16,Beauty,467.06,1,False
O5860,C12843,2024-08-27,Fashion,2225.05,3,False
O5861,C12844,2024-07-14,Electronics,20004.58,1,True
O5862,C12844,2024-08-21,Sports,3199.04,2,False
O5863,C12844,2025-02-26,Sports,3657.52,1,False
O5864,C12845,2025-10-27,Fashion,3950.35,1,True
O5865,C12845,2025-12-30,Home & Kitchen,5493.81,2,False
O5866,C12846,2024-03-12,Sports,1127.88,2,False
O5867,C12847,2024-10-17,Home & Kitchen,3464.59,3,False
O5868,C12848,2024-11-03,Home & Kitchen,1495.69,1,False
O5869,C12849,2024-06-20,Beauty,2195.79,2,False
O5870,C12849,2024-08-16,Beauty,898.37,1,False
O5871,C12850,2025-07-15,Books,354.6,3,False
O5872,C12851,2024-12-11,Fashion,1756.57,1,False
O5873,C12852,2025-05-19,Fashion,3329.44,3,False
O5874,C12853,2024-09-28,Fashion,2426.32,2,False
O5875,C12853,2024-09-28,Beauty,1670.33,2,False
O5876,C12854,2025-09-23,Sports,1519.86,1,False
O5877,C12854,2025-10-26,Sports,4864.23,2,False
O5878,C12855,2025-05-25,Books,1284.24,1,False
O5879,C12855,2025-07-09,Electronics,14491.09,1,False
O5880,C12856,2024-08-21,Electronics,7900.62,1,False
O5881,C12856,2024-08-22,Fashion,2330.22,1,False
O5882,C12857,2025-11-04,Beauty,1083.6,1,False
O5883,C12857,2025-11-26,Sports,1254.12,1,False
O5884,C12858,2025-09-09,Beauty,1332.15,1,False
O5885,C12859,2025-02-23,Sports,6905.05,2,False
O5886,C12860,2024-01-27,Books,736.63,1,False
O5887,C12861,2025-02-20,Sports,3674.98,3,False
O5888,C12861,2025-06-24,Fashion,2716.32,1,False
O5889,C12862,2025-05-06,Sports,1863.09,3,False
O5890,C12862,2025-06-17,Home & Kitchen,2520.1,3,False
O5891,C12863,2024-09-14,Home & Kitchen,2541.57,3,False
O5892,C12863,2024-09-18,Fashion,4133.27,1,False
O5893,C12864,2024-04-11,Fashion,1583.05,1,False
O5894,C12865,2025-01-31,Books,1016.25,3,False
O5895,C12865,2025-02-04,Home & Kitchen,2388.5,3,False
O5896,C12865,2025-03-19,Fashion,2273.66,1,False
O5897,C12866,2025-07-18,Home & Kitchen,2327.8,3,False
O5898,C12867,2024-08-12,Beauty,598.63,1,False
O5899,C12867,2024-08-22,Books,1000.52,2,False
O5900,C12868,2024-11-15,Sports,6306.36,2,False
O5901,C12869,2024-01-01,Electronics,12013.97,1,False
O5902,C12869,2024-03-05,Sports,1259.53,2,False
O5903,C12869,2024-03-31,Electronics,20844.92,3,False
O5904,C12869,2024-04-02,Sports,1776.31,2,False
O5905,C12869,2024-04-04,Sports,4230.92,2,False
O5906,C12869,2024-07-23,Fashion,2040.53,1,False
O5907,C12870,2025-05-10,Books,244.96,2,False
O5908,C12870,2025-05-11,Home & Kitchen,1755.85,2,True
O5909,C12871,2025-08-31,Sports,4216.76,1,False
O5910,C12871,2025-12-25,Fashion,3963.9,3,True
O5911,C12872,2025-06-30,Beauty,1391.57,1,False
O5912,C12872,2025-09-27,Sports,2559.38,1,False
O5913,C12872,2025-10-06,Sports,3832.49,3,False
O5914,C12873,2024-10-29,Electronics,10625.18,3,False
O5915,C12873,2024-11-07,Sports,4266.3,1,False
O5916,C12874,2024-02-02,Sports,2609.43,3,False
O5917,C12874,2024-05-02,Beauty,1849.32,1,False
O5918,C12874,2024-07-24,Beauty,1149.49,2,False
O5919,C12874,2024-09-01,Books,1368.28,3,False
O5920,C12875,2024-12-18,Electronics,6013.08,3,False
O5921,C12875,2024-12-22,Books,380.75,1,False
O5922,C12875,2025-01-06,Fashion,1620.9,1,False
O5923,C12875,2025-02-07,Fashion,1609.41,1,False
O5924,C12876,2025-10-20,Fashion,1412.62,2,False
O5925,C12876,2025-11-19,Beauty,818.42,1,False
O5926,C12877,2024-02-28,Books,356.62,3,False
O5927,C12877,2024-06-16,Books,459.94,2,False
O5928,C12878,2024-05-30,Home & Kitchen,3217.84,3,False
O5929,C12878,2024-06-06,Electronics,8110.42,3,False
O5930,C12879,2025-08-17,Beauty,1117.87,2,False
O5931,C12879,2025-08-21,Home & Kitchen,3122.86,2,False
O5932,C12880,2025-02-01,Sports,3187.74,1,False
O5933,C12880,2025-02-07,Home & Kitchen,2683.85,1,False
O5934,C12880,2025-03-05,Electronics,13503.33,3,True
O5935,C12880,2025-06-24,Books,589.64,3,False
O5936,C12881,2024-04-30,Books,309.19,2,False
O5937,C12881,2024-08-18,Sports,1797.17,1,False
O5938,C12882,2024-01-21,Fashion,1809.13,2,False
O5939,C12883,2024-10-14,Sports,2503.56,1,False
O5940,C12884,2025-02-23,Home & Kitchen,8823.59,3,False
O5941,C12884,2025-03-26,Sports,7188.46,3,True
O5942,C12885,2025-08-14,Books,199.62,2,False
O5943,C12886,2025-09-12,Home & Kitchen,2245.09,2,False
O5944,C12887,2024-11-18,Electronics,14457.8,2,False
O5945,C12887,2024-11-28,Books,693.85,3,False
O5946,C12888,2024-10-23,Beauty,746.38,1,False
O5947,C12888,2025-01-27,Home & Kitchen,1677.42,3,False
O5948,C12888,2025-03-05,Home & Kitchen,1876.78,2,False
O5949,C12888,2025-04-24,Beauty,859.8,3,False
O5950,C12889,2025-10-20,Fashion,1634.57,3,False
O5951,C12890,2025-07-01,Beauty,1690.3,1,False
O5952,C12891,2024-05-26,Fashion,4632.59,1,False
O5953,C12891,2024-10-19,Sports,7475.14,2,False
O5954,C12892,2025-04-22,Home & Kitchen,2668.84,2,True
O5955,C12892,2025-08-28,Sports,2692.48,1,True
O5956,C12892,2025-09-20,Sports,938.06,3,False
O5957,C12893,2025-05-17,Beauty,1764.52,3,False
O5958,C12893,2025-05-24,Books,441.56,1,False
O5959,C12893,2025-05-31,Fashion,2448.94,2,False
O5960,C12893,2025-06-01,Electronics,9851.95,1,False
O5961,C12893,2025-08-07,Home & Kitchen,2758.4,2,False
O5962,C12893,2025-08-15,Books,345.7,1,False
O5963,C12894,2024-06-12,Home & Kitchen,1958.7,1,False
O5964,C12895,2025-11-21,Electronics,12609.02,3,False
O5965,C12896,2024-07-28,Home & Kitchen,3245.78,2,False
O5966,C12897,2025-01-22,Books,880.18,3,False
O5967,C12898,2024-12-11,Fashion,2534.53,3,False
O5968,C12898,2024-12-27,Home & Kitchen,2170.52,3,False
O5969,C12899,2025-04-30,Sports,1964.8,1,False
O5970,C12900,2025-09-24,Beauty,888.73,3,False
O5971,C12900,2025-11-17,Beauty,2745.93,3,False
O5972,C12900,2025-11-27,Sports,5302.38,2,False
O5973,C12901,2024-10-05,Electronics,4483.4,2,False
O5974,C12902,2024-09-28,Home & Kitchen,5041.05,1,False
O5975,C12902,2025-01-14,Electronics,12857.24,2,False
O5976,C12903,2025-06-10,Fashion,1224.38,2,False
O5977,C12903,2025-07-22,Electronics,4502.31,2,False
O5978,C12903,2025-08-08,Books,1031.84,1,False
O5979,C12904,2025-10-28,Sports,3844.25,1,False
O5980,C12905,2025-09-29,Fashion,1755.82,3,True
O5981,C12906,2025-06-11,Home & Kitchen,2844.32,2,False
O5982,C12906,2025-06-13,Electronics,16030.08,2,False
O5983,C12906,2025-07-27,Electronics,5650.97,1,True
O5984,C12906,2025-09-05,Electronics,16546.69,2,False
O5985,C12907,2025-05-08,Sports,3237.93,3,False
O5986,C12908,2025-06-22,Home & Kitchen,5799.2,1,False
O5987,C12908,2025-07-04,Home & Kitchen,1258.28,1,False
O5988,C12908,2025-07-08,Electronics,5247.66,3,False
O5989,C12908,2025-08-03,Beauty,815.57,2,False
O5990,C12908,2025-11-06,Books,1402.95,2,False
O5991,C12908,2025-12-24,Beauty,673.89,2,False
O5992,C12909,2025-10-17,Fashion,1413.7,3,True
O5993,C12909,2025-10-29,Home & Kitchen,2227.99,2,False
O5994,C12910,2024-01-11,Beauty,547.73,2,False
O5995,C12910,2024-03-08,Fashion,725.86,2,False
O5996,C12910,2024-05-10,Fashion,3136.89,1,False
O5997,C12910,2024-06-15,Fashion,1335.02,2,False
O5998,C12911,2025-02-17,Home & Kitchen,1836.35,3,False
O5999,C12911,2025-02-24,Home & Kitchen,2729.72,3,False
O6000,C12911,2025-04-21,Electronics,11956.3,1,False
O6001,C12912,2024-01-25,Electronics,24406.7,2,False
O6002,C12913,2025-02-07,Electronics,9320.06,2,False
O6003,C12914,2024-10-03,Electronics,14959.33,1,False
O6004,C12914,2024-11-21,Electronics,24444.71,3,False
O6005,C12914,2025-02-07,Electronics,14595.27,2,False
O6006,C12915,2024-08-01,Beauty,641.66,2,False
O6007,C12915,2024-09-05,Home & Kitchen,1397.3,2,False
O6008,C12916,2025-09-16,Home & Kitchen,2409.58,3,False
O6009,C12916,2025-10-15,Sports,2934.97,2,False
O6010,C12917,2025-05-15,Home & Kitchen,5252.37,2,False
O6011,C12918,2025-02-03,Fashion,2851.33,1,False
O6012,C12919,2025-09-10,Beauty,1340.37,3,False
O6013,C12919,2025-11-04,Electronics,16722.03,1,False
O6014,C12920,2024-03-15,Books,302.52,1,False
O6015,C12920,2024-04-18,Electronics,4175.47,3,False
O6016,C12920,2024-06-23,Electronics,10504.22,3,False
O6017,C12921,2025-03-28,Sports,1980.55,2,False
O6018,C12922,2024-04-19,Fashion,2582.89,2,False
O6019,C12922,2024-07-03,Electronics,16276.68,1,True
O6020,C12923,2024-06-18,Books,538.86,3,False
O6021,C12923,2024-12-10,Books,567.35,2,False
O6022,C12923,2024-12-14,Sports,1798.64,2,False
O6023,C12923,2024-12-14,Electronics,25794.87,2,False
O6024,C12924,2024-05-10,Books,494.45,3,False
O6025,C12925,2025-01-15,Fashion,723.52,1,False
O6026,C12926,2025-03-27,Sports,4139.65,1,False
O6027,C12926,2025-04-30,Sports,3812.03,2,False
O6028,C12926,2025-05-29,Fashion,1172.8,3,False
O6029,C12926,2025-05-30,Electronics,12062.06,1,False
O6030,C12926,2025-06-05,Sports,1654.78,3,False
O6031,C12927,2025-06-16,Beauty,2406.47,3,False
O6032,C12927,2025-06-16,Beauty,1109.63,3,False
O6033,C12928,2024-11-07,Fashion,4154.74,2,False
O6034,C12928,2025-01-16,Electronics,6987.75,3,False
O6035,C12928,2025-03-18,Books,348.45,3,False
O6036,C12928,2025-05-02,Books,527.55,3,False
O6037,C12929,2025-10-20,Home & Kitchen,3961.93,2,True
O6038,C12929,2025-10-20,Electronics,20863.99,3,False
O6039,C12929,2025-11-01,Fashion,2433.7,1,False
O6040,C12930,2024-09-18,Books,257.97,1,False
O6041,C12930,2024-10-17,Beauty,2274.93,1,False
O6042,C12930,2024-11-16,Sports,2371.06,1,False
O6043,C12930,2024-12-03,Electronics,4423.99,2,False
O6044,C12930,2025-04-11,Sports,3120.43,2,False
O6045,C12930,2025-05-28,Electronics,4171.83,3,False
O6046,C12930,2025-08-10,Beauty,384.03,2,False
O6047,C12931,2024-04-19,Beauty,1432.08,2,False
O6048,C12932,2024-01-28,Home & Kitchen,1211.87,2,False
O6049,C12933,2024-03-31,Electronics,9948.84,3,False
O6050,C12934,2024-11-07,Home & Kitchen,5329.97,1,False
O6051,C12934,2024-12-13,Sports,2302.99,3,False
O6052,C12935,2024-10-18,Electronics,20732.21,2,False
O6053,C12935,2024-11-11,Sports,1709.24,1,False
O6054,C12935,2024-11-12,Electronics,14762.57,3,False
O6055,C12936,2025-08-22,Electronics,5766.87,3,False
O6056,C12936,2025-10-25,Electronics,14201.7,2,False
O6057,C12937,2024-04-02,Electronics,14688.76,1,False
O6058,C12937,2024-04-13,Fashion,1994.16,1,False
O6059,C12937,2024-09-12,Home & Kitchen,1184.48,2,False
O6060,C12938,2024-07-05,Fashion,2570.38,3,False
O6061,C12939,2025-11-18,Fashion,3176.55,1,False
O6062,C12939,2025-12-02,Sports,1560.84,2,False
O6063,C12940,2024-01-21,Fashion,3029.06,2,False
O6064,C12940,2024-03-09,Fashion,1477.63,1,False
O6065,C12940,2024-03-30,Home & Kitchen,4369.45,1,False
O6066,C12940,2024-06-29,Books,908.53,2,True
O6067,C12940,2024-11-27,Electronics,13691.62,1,False
O6068,C12940,2024-12-12,Sports,2167.25,1,False
O6069,C12941,2024-10-26,Home & Kitchen,1688.16,3,False
O6070,C12941,2024-10-30,Books,662.73,3,False
O6071,C12942,2024-05-26,Fashion,1862.68,1,True
O6072,C12943,2025-01-15,Home & Kitchen,3086.58,1,False
O6073,C12944,2025-11-14,Sports,3077.5,1,False
O6074,C12945,2024-06-07,Sports,1321.4,1,False
O6075,C12946,2024-09-22,Electronics,6483.21,2,False
O6076,C12946,2024-12-04,Fashion,3491.7,3,False
O6077,C12947,2024-11-12,Fashion,1022.74,1,False
O6078,C12948,2025-07-13,Beauty,406.03,3,False
O6079,C12949,2025-11-22,Home & Kitchen,3973.7,1,False
O6080,C12950,2024-03-08,Home & Kitchen,1669.13,3,False
O6081,C12951,2024-12-12,Electronics,13124.27,2,False
O6082,C12951,2025-07-05,Beauty,551.14,2,False
O6083,C12951,2025-07-17,Beauty,1096.0,3,False
O6084,C12952,2025-06-21,Sports,2529.73,3,False
O6085,C12952,2025-06-29,Books,590.6,3,False
O6086,C12952,2025-09-09,Home & Kitchen,3802.61,1,False
O6087,C12952,2025-09-17,Electronics,8757.19,1,False
O6088,C12953,2024-01-10,Sports,1321.64,3,False
O6089,C12954,2025-08-01,Electronics,24078.37,1,False
O6090,C12955,2024-06-18,Electronics,14744.32,2,False
O6091,C12955,2024-09-13,Fashion,2105.88,2,False
O6092,C12956,2024-12-29,Books,403.23,3,False
O6093,C12956,2025-04-28,Electronics,5814.81,3,False
O6094,C12956,2025-06-12,Fashion,1455.53,1,False
O6095,C12957,2025-11-17,Home & Kitchen,5281.09,3,False
O6096,C12957,2025-11-24,Fashion,1704.2,3,False
O6097,C12958,2025-03-20,Fashion,5683.2,1,False
O6098,C12959,2025-11-30,Electronics,9259.91,1,False
O6099,C12959,2025-12-26,Fashion,2290.3,1,False
O6100,C12960,2025-02-26,Electronics,9013.68,2,False
O6101,C12960,2025-04-19,Beauty,402.3,3,False
O6102,C12961,2024-06-06,Beauty,752.74,2,False
O6103,C12962,2025-04-29,Fashion,1044.81,1,False
O6104,C12963,2025-03-07,Books,391.9,1,False
O6105,C12964,2024-08-05,Sports,2402.24,1,False
O6106,C12965,2024-02-23,Sports,5210.7,2,False
O6107,C12965,2024-02-26,Electronics,14109.98,2,False
O6108,C12966,2025-03-31,Sports,2127.93,1,False
O6109,C12966,2025-04-23,Electronics,10798.75,3,False
O6110,C12966,2025-08-01,Sports,3168.84,1,False
O6111,C12967,2025-02-15,Home & Kitchen,2725.88,2,False
O6112,C12968,2025-06-25,Fashion,5453.05,1,False
O6113,C12968,2025-07-03,Electronics,9610.47,3,False
O6114,C12968,2025-07-22,Sports,1999.72,3,False
O6115,C12968,2025-09-06,Electronics,6424.16,2,False
O6116,C12969,2024-04-01,Books,332.94,2,False
O6117,C12970,2025-01-16,Electronics,12220.21,2,False
O6118,C12970,2025-02-09,Home & Kitchen,1583.8,1,False
O6119,C12970,2025-02-28,Fashion,3977.0,2,False
O6120,C12971,2025-07-28,Fashion,2632.67,2,False
O6121,C12971,2025-10-01,Fashion,1338.85,3,True
O6122,C12972,2025-09-17,Fashion,1351.84,2,False
O6123,C12972,2025-10-12,Books,982.62,1,True
O6124,C12973,2025-10-19,Beauty,2234.44,1,False
O6125,C12974,2024-05-28,Home & Kitchen,3287.72,2,False
O6126,C12975,2024-05-05,Beauty,670.8,3,False
O6127,C12975,2024-05-24,Books,470.02,1,False
O6128,C12975,2024-08-17,Home & Kitchen,2067.33,1,False
O6129,C12975,2024-11-24,Fashion,2245.87,3,False
O6130,C12976,2025-02-16,Home & Kitchen,9619.36,2,False
O6131,C12977,2024-11-23,Fashion,2375.65,1,False
O6132,C12978,2024-06-14,Home & Kitchen,1421.05,2,False
O6133,C12978,2024-07-22,Sports,4722.33,2,False
O6134,C12979,2024-03-16,Electronics,8475.71,3,False
O6135,C12980,2024-04-10,Electronics,8025.23,2,False
O6136,C12980,2024-05-18,Electronics,50886.22,1,False
O6137,C12981,2024-08-26,Fashion,3430.24,2,False
O6138,C12982,2025-06-01,Books,493.33,1,False
O6139,C12982,2025-06-22,Fashion,3546.12,3,False
O6140,C12982,2025-06-25,Beauty,1924.75,3,False
O6141,C12983,2024-02-15,Home & Kitchen,4988.37,2,False
O6142,C12984,2024-03-15,Home & Kitchen,3549.97,2,False
O6143,C12985,2024-07-11,Beauty,482.75,3,False
O6144,C12986,2025-09-05,Home & Kitchen,8629.52,3,False
O6145,C12986,2025-09-10,Fashion,1949.36,3,False
O6146,C12986,2025-09-12,Fashion,2110.02,3,False
O6147,C12986,2025-09-29,Sports,4713.25,2,False
O6148,C12986,2025-12-13,Fashion,6461.47,1,False
O6149,C12987,2025-11-24,Fashion,1356.88,3,False
O6150,C12988,2024-11-04,Home & Kitchen,1933.24,3,False
O6151,C12989,2024-02-03,Fashion,2693.08,3,False
O6152,C12990,2024-01-11,Electronics,6725.02,2,False
O6153,C12991,2025-08-27,Beauty,2004.35,2,False
O6154,C12991,2025-11-10,Fashion,1727.03,3,False
O6155,C12992,2024-11-07,Fashion,2084.52,2,False
O6156,C12992,2024-11-20,Fashion,4462.99,2,False
O6157,C12992,2025-01-19,Home & Kitchen,4225.87,2,False
O6158,C12992,2025-01-24,Fashion,2556.99,3,False
O6159,C12993,2024-02-28,Beauty,747.38,2,False
O6160,C12994,2025-08-10,Home & Kitchen,1752.05,1,False
O6161,C12995,2025-01-06,Fashion,1715.86,3,False
O6162,C12996,2024-09-01,Sports,2227.53,1,False
O6163,C12996,2024-09-10,Electronics,21420.49,2,False
O6164,C12996,2024-09-22,Electronics,10845.51,2,False
O6165,C12997,2024-11-12,Sports,4110.55,2,False
O6166,C12998,2024-06-11,Beauty,397.77,2,False
O6167,C12999,2025-10-14,Sports,2812.83,2,True
O6168,C12999,2025-10-15,Fashion,3721.18,2,False
